Student_ID,Age,Gender,Department,Semester,Previous_GPA,Attendance_Percentage,Assignment_Avg,Quiz_Avg,Midterm_Score,Practical_Score,Study_Hours,Classes_Missed,Assignments_Missed,Late_Submissions,Participation_Score,Previous_Backlogs,Final_Score,Risk_Level,Assessment_Avg,Attendance_Status,Engagement_Score,Academic_Performance_Index
STU00001,20,Male,Computer Science,5,6.94,79.1,75.5,67.1,69.8,68.5,3.8,13,1,2,56.2,0,58.1,Medium,70.22,1,68.48,72.16
STU00002,20,Female,Computer Science,3,5.9,70.8,65.0,55.1,59.0,62.6,2.8,18,0,1,54.3,0,60.1,Medium,60.42,1,65.72,62.52
STU00003,20,Male,Electronics,6,7.73,93.9,79.8,68.9,83.0,74.1,5.3,4,0,3,64.7,0,80.4,Low,76.45,0,82.38,81.11
STU00004,20,Male,Electronics,6,6.93,92.4,75.7,93.3,76.7,79.5,3.7,5,2,2,61.9,1,85.7,Low,81.3,0,67.26,79.88
STU00005,20,Female,Civil,3,4.15,46.0,25.9,15.1,23.0,26.5,0.2,37,4,5,59.5,3,12.5,High,22.62,2,42.8,35.08
STU00006,19,Male,Management,3,5.97,72.6,62.9,39.3,44.9,55.0,3.1,18,2,2,61.5,0,51.5,Medium,50.52,1,64.1,59.26
STU00007,19,Female,Computer Science,4,6.79,72.8,58.1,45.8,61.0,57.0,2.2,15,1,5,61.8,0,56.7,Medium,55.48,1,62.72,64.16
STU00008,21,Male,Mechanical,5,5.89,65.5,60.4,51.9,50.3,56.4,0.6,23,2,4,54.2,1,52.9,Medium,54.75,1,48.68,58.89
STU00009,19,Male,Computer Science,3,6.79,73.0,71.4,64.7,58.3,58.6,3.5,15,1,2,65.0,0,68.0,Low,63.25,1,70.5,67.32
STU00010,21,Female,Computer Science,7,6.51,76.9,64.7,52.4,43.7,48.0,4.0,14,2,3,66.2,0,54.7,Medium,52.2,1,70.48,62.89
STU00011,19,Male,Electronics,2,7.0,66.0,58.7,67.2,69.8,55.9,2.2,20,4,4,46.8,1,60.7,Medium,62.9,1,47.72,66.16
STU00012,22,Female,Mechanical,8,8.34,95.9,74.1,77.2,74.6,76.9,3.1,3,0,3,57.2,0,78.1,Low,75.7,0,68.38,83.44
STU00013,20,Female,Mechanical,6,6.56,89.1,60.1,63.4,57.7,67.3,3.6,7,2,2,58.0,1,69.3,Low,62.12,0,65.2,70.09
STU00014,19,Male,Civil,4,8.18,81.4,75.1,77.5,85.8,73.0,3.0,12,1,2,64.5,0,76.7,Low,77.85,0,67.8,80.12
STU00015,20,Male,Electrical,4,7.12,69.2,63.4,61.2,64.1,68.5,2.3,17,2,5,35.0,1,59.8,Medium,64.3,1,49.5,67.94
STU00016,21,Female,Computer Science,6,6.12,69.3,42.9,45.0,34.4,49.9,1.8,18,4,3,50.6,1,50.8,Medium,43.05,1,47.24,55.96
STU00017,19,Male,Electrical,2,7.22,96.3,92.4,66.8,76.0,76.2,4.5,2,0,0,75.7,0,86.1,Low,77.85,0,82.78,80.48
STU00018,21,Female,Civil,7,5.02,60.1,52.0,46.6,37.2,66.8,2.2,26,0,0,44.6,2,33.5,High,50.65,2,58.84,52.86
STU00019,21,Male,Computer Science,5,7.55,95.3,74.3,86.0,71.5,78.3,4.8,3,0,2,83.6,0,86.1,Low,77.53,0,87.44,81.26
STU00020,20,Male,Electronics,3,6.54,83.1,78.9,51.0,57.3,65.2,2.1,10,1,0,41.9,1,81.0,Low,63.1,0,54.26,68.9
STU00021,21,Male,Computer Science,8,6.79,74.1,60.4,55.8,64.3,68.7,3.3,18,2,3,50.8,0,72.0,Low,62.3,1,60.82,67.21
STU00022,21,Female,Computer Science,6,4.8,58.4,54.9,48.0,44.7,47.2,1.0,27,0,5,29.2,2,58.1,Medium,48.7,2,46.68,50.88
STU00023,19,Female,Electronics,3,7.94,85.1,75.5,88.2,79.3,72.6,3.4,9,1,2,60.8,0,74.3,Low,78.9,0,68.32,80.62
STU00024,21,Female,Computer Science,6,7.22,79.2,65.6,66.8,47.9,69.6,3.4,14,1,1,58.5,0,67.2,Low,62.47,1,67.4,70.06
STU00025,20,Male,Management,4,5.96,72.8,51.2,44.6,40.8,58.4,1.7,18,2,5,25.2,2,44.3,High,48.75,1,42.58,58.56
STU00026,21,Male,Management,7,6.73,77.0,76.5,53.3,57.9,61.6,4.0,13,0,2,68.9,1,67.1,Low,62.32,1,77.56,67.74
STU00027,21,Male,Mechanical,5,6.81,81.0,77.0,75.9,61.0,76.6,3.7,11,0,1,76.1,1,76.1,Low,72.62,0,78.94,73.13
STU00028,21,Male,Civil,8,7.03,84.6,63.8,60.3,60.4,78.0,1.8,10,0,2,49.4,1,69.8,Low,65.62,0,58.76,72.0
STU00029,22,Male,Management,8,7.63,75.8,60.7,60.6,74.3,62.7,2.9,15,0,2,64.9,0,73.9,Low,64.58,1,70.46,71.48
STU00030,18,Female,Electronics,2,6.55,60.6,56.9,64.1,50.4,61.5,1.8,26,0,3,49.1,1,51.1,Medium,58.22,2,58.64,61.36
STU00031,20,Male,Mechanical,4,6.89,87.6,76.9,88.6,81.6,86.0,4.8,8,0,1,75.5,0,90.5,Low,83.28,0,84.2,79.32
STU00032,19,Male,Civil,3,6.87,89.5,77.3,55.9,62.1,72.0,5.1,7,1,0,78.0,0,74.8,Low,66.82,0,83.7,73.15
STU00033,20,Female,Management,5,6.64,80.1,66.5,52.8,42.2,74.5,3.9,11,1,1,61.5,0,75.1,Low,59.0,0,71.1,66.86
STU00034,20,Male,Electrical,3,5.7,74.0,57.7,61.8,59.6,73.5,3.1,16,2,2,64.3,0,64.2,Medium,63.15,1,65.22,63.71
STU00035,20,Female,Computer Science,5,7.89,77.7,64.5,62.0,67.4,72.9,3.4,13,0,1,64.4,0,81.5,Low,66.7,1,72.76,73.72
STU00036,19,Male,Civil,3,7.33,78.7,78.0,73.3,72.1,79.9,2.0,14,1,5,56.6,0,76.8,Low,75.82,1,59.64,75.66
STU00037,21,Male,Computer Science,6,6.75,79.0,50.7,67.0,53.1,65.1,1.6,14,0,0,56.0,1,67.4,Low,58.98,1,60.4,66.96
STU00038,20,Female,Computer Science,5,7.01,63.5,68.0,59.2,57.3,67.1,3.5,22,2,1,41.0,0,50.0,Medium,62.9,2,57.9,65.57
STU00039,22,Female,Mechanical,8,6.26,64.5,56.3,39.1,45.6,53.1,2.1,20,3,0,44.9,2,53.9,Medium,48.52,2,49.46,57.44
STU00040,22,Female,Civil,8,8.07,86.3,75.8,70.2,80.6,77.7,4.9,8,1,1,71.4,0,89.1,Low,76.08,0,80.06,80.25
STU00041,21,Male,Computer Science,6,8.51,99.9,83.1,91.4,63.5,84.1,6.5,0,0,0,81.0,0,100.0,Low,80.53,0,92.4,86.97
STU00042,20,Male,Electronics,5,7.39,79.5,73.4,63.3,66.9,72.6,3.0,14,1,2,55.0,0,86.5,Low,69.05,1,64.0,73.36
STU00043,21,Female,Civil,7,5.34,56.3,48.6,54.8,47.1,43.5,1.3,25,2,4,55.6,0,39.2,High,48.5,2,52.74,52.17
STU00044,20,Male,Computer Science,6,6.58,56.8,55.8,63.2,60.2,54.3,1.0,26,3,2,59.7,0,61.4,Medium,58.38,2,49.88,60.58
STU00045,19,Female,Electrical,2,7.54,86.0,72.6,73.0,75.6,81.7,4.1,8,1,1,68.5,1,71.8,Low,75.72,0,74.9,78.18
STU00046,20,Male,Electronics,4,7.29,71.7,79.4,67.5,51.5,79.1,1.6,19,0,1,64.0,0,64.4,Medium,69.38,1,63.6,71.19
STU00047,22,Male,Mechanical,8,8.47,92.0,68.3,81.4,62.8,67.7,3.5,5,1,0,57.3,1,80.5,Low,70.05,0,67.42,80.66
STU00048,19,Male,Computer Science,4,7.51,67.7,67.8,50.0,57.9,62.7,2.9,21,0,1,46.1,0,62.8,Medium,59.6,1,62.94,67.05
STU00049,18,Female,Management,2,7.82,92.3,76.0,85.2,56.3,72.8,3.6,5,0,1,67.8,0,81.5,Low,72.58,0,75.12,79.48
STU00050,22,Male,Management,7,7.0,75.6,63.9,47.5,78.7,69.4,2.9,15,1,1,49.4,0,63.8,Medium,64.88,1,61.26,69.35
STU00051,22,Female,Computer Science,8,6.11,72.0,52.8,64.0,68.2,65.5,2.4,18,2,1,63.8,1,65.9,Low,62.62,1,61.52,64.44
STU00052,21,Male,Civil,6,8.45,75.3,56.1,66.3,70.3,75.4,2.2,17,2,5,54.3,0,74.1,Low,67.03,1,56.72,75.21
STU00053,20,Male,Electrical,6,4.78,55.9,48.6,36.0,43.9,40.3,0.2,25,1,1,29.0,2,44.3,High,42.2,2,39.6,47.58
STU00054,19,Male,Computer Science,4,7.52,91.9,67.8,60.3,73.9,79.3,5.0,5,0,1,95.1,1,82.5,Low,70.32,0,93.04,77.42
STU00055,19,Female,Mechanical,4,6.19,80.7,68.7,61.0,49.0,61.4,2.5,12,2,1,72.9,0,60.0,Medium,60.02,0,65.66,65.85
STU00056,22,Female,Electrical,8,6.24,70.2,58.0,64.8,51.8,61.5,3.5,21,1,2,68.9,0,68.2,Low,59.02,1,72.06,63.0
STU00057,22,Male,Mechanical,8,6.32,66.8,64.0,55.7,57.3,65.9,2.4,21,0,0,35.7,0,66.5,Low,60.72,1,56.28,63.11
STU00058,21,Male,Management,5,7.57,81.8,67.1,70.4,70.2,71.9,2.8,12,1,0,72.2,0,81.5,Low,69.9,0,69.88,74.9
STU00059,20,Female,Computer Science,4,4.79,75.2,53.1,62.0,41.1,59.2,2.5,15,3,2,65.5,0,57.4,Medium,53.85,1,59.7,57.1
STU00060,19,Male,Management,3,8.81,100.0,74.8,74.0,71.8,91.2,4.3,0,0,2,60.7,0,100.0,Low,77.95,0,75.78,87.02
STU00061,18,Female,Management,2,5.2,62.9,51.9,41.5,40.5,52.4,1.4,21,3,5,24.5,1,35.9,High,46.58,2,37.8,52.56
STU00062,21,Female,Computer Science,5,5.84,59.4,62.5,52.7,59.9,74.0,1.4,25,2,2,44.7,1,58.6,Medium,62.28,2,48.88,60.2
STU00063,20,Male,Electronics,5,7.33,72.6,66.1,84.2,52.4,53.9,5.0,19,4,2,65.7,0,70.2,Low,64.15,1,69.28,69.46
STU00064,20,Female,Civil,6,8.06,82.9,78.2,63.8,67.5,75.4,4.4,12,0,2,81.1,0,68.7,Low,71.22,0,84.44,77.43
STU00065,22,Female,Management,7,6.89,100.0,82.8,84.0,74.5,75.2,5.8,0,1,2,63.0,0,79.2,Low,79.12,0,81.2,80.76
STU00066,20,Male,Computer Science,4,8.04,82.9,65.4,58.4,59.9,69.7,4.6,11,0,2,84.4,0,68.9,Low,63.35,0,86.76,74.2
STU00067,19,Male,Electronics,3,7.2,79.0,70.1,53.7,61.8,64.4,3.2,13,1,1,49.0,0,67.7,Low,62.5,1,62.6,69.95
STU00068,22,Male,Electrical,7,6.01,83.4,65.0,58.1,56.2,75.0,3.2,10,1,2,71.9,0,56.8,Medium,63.58,0,71.76,67.32
STU00069,21,Female,Electronics,7,7.66,71.3,47.0,64.5,58.6,65.2,2.5,17,2,4,53.9,0,67.0,Low,58.82,1,58.06,68.16
STU00070,20,Female,Mechanical,5,6.54,64.6,55.3,53.2,50.1,53.0,1.8,24,1,4,61.0,2,55.6,Medium,52.9,2,60.4,60.2
STU00071,19,Male,Mechanical,2,6.04,54.3,36.6,61.8,44.6,56.5,2.0,25,2,4,45.4,6,33.3,High,49.88,2,52.16,54.67
STU00072,20,Male,Management,5,5.51,64.5,39.3,38.2,48.9,43.3,0.7,22,5,1,39.9,1,37.1,High,42.42,2,34.46,52.38
STU00073,20,Male,Computer Science,6,6.01,85.6,62.1,66.4,54.5,77.1,2.5,9,1,1,68.2,1,67.1,Low,65.03,0,66.78,68.44
STU00074,21,Male,Management,8,7.39,75.9,71.4,60.6,82.4,64.5,2.6,16,1,1,58.6,2,65.8,Low,69.72,1,63.44,72.73
STU00075,21,Male,Mechanical,5,7.99,76.1,61.8,69.8,71.0,67.6,2.9,15,0,5,60.5,0,70.1,Low,67.55,1,68.7,74.01
STU00076,21,Male,Management,5,6.6,61.2,58.0,62.3,62.9,72.0,0.8,25,6,2,27.3,0,36.6,High,63.8,2,26.92,63.92
STU00077,19,Male,Computer Science,4,7.4,86.5,75.5,59.7,57.0,74.2,4.1,9,1,1,83.6,0,78.4,Low,66.6,0,80.94,74.16
STU00078,20,Female,Civil,4,6.66,71.9,58.3,56.5,67.6,67.1,2.4,16,4,3,63.0,0,68.4,Low,62.37,1,55.2,66.23
STU00079,18,Female,Electrical,2,8.73,97.0,85.1,78.3,69.3,83.9,4.3,2,0,0,87.4,0,95.5,Low,79.15,0,86.46,86.46
STU00080,18,Male,Electrical,2,6.6,54.9,62.3,65.2,56.7,57.3,2.1,26,1,5,46.3,0,50.1,Medium,60.38,2,56.02,60.98
STU00081,21,Female,Computer Science,7,7.1,82.7,49.2,60.0,42.9,61.2,1.8,11,2,3,52.3,1,62.1,Medium,53.32,0,53.92,66.86
STU00082,19,Male,Electronics,4,5.28,51.4,55.0,73.5,39.6,53.4,0.2,32,3,2,56.7,2,48.2,High,55.38,2,44.68,53.48
STU00083,22,Male,Computer Science,7,6.44,81.5,61.2,66.1,45.8,76.5,2.7,10,2,2,60.9,0,68.7,Low,62.4,0,61.86,67.88
STU00084,20,Other,Computer Science,4,5.35,58.3,50.1,55.5,48.9,45.1,1.8,25,0,3,33.1,0,54.2,Medium,49.9,2,52.24,53.26
STU00085,22,Female,Civil,8,5.33,70.2,46.3,51.4,29.0,46.1,2.1,17,2,1,47.7,1,48.5,High,43.2,1,53.58,53.48
STU00086,19,Male,Management,3,6.99,78.9,54.6,46.8,60.9,60.1,2.0,14,0,5,50.3,0,60.7,Medium,55.6,1,60.12,66.43
STU00087,20,Male,Civil,3,6.3,72.5,60.1,70.2,61.0,62.6,2.3,16,1,2,83.3,0,64.1,Medium,63.48,1,71.82,65.56
STU00088,20,Female,Computer Science,6,6.33,82.5,76.8,54.9,57.7,76.7,4.0,11,5,2,66.7,0,65.1,Low,66.52,0,61.68,69.39
STU00089,22,Male,Computer Science,7,8.11,100.0,83.1,82.6,70.2,77.9,5.1,0,0,1,68.0,0,94.5,Low,78.45,0,82.7,84.76
STU00090,19,Female,Electronics,3,7.29,70.4,51.6,58.7,64.6,68.1,2.2,17,1,1,71.4,0,60.1,Medium,60.75,1,66.56,67.41
STU00091,20,Male,Computer Science,5,7.85,85.0,77.6,63.6,68.6,84.9,3.7,9,1,2,68.8,0,73.9,Low,73.68,0,73.02,78.19
STU00092,20,Male,Electrical,3,5.92,54.7,60.3,69.0,64.7,47.3,2.8,30,2,2,42.0,0,57.6,Medium,60.32,2,54.8,58.53
STU00093,22,Female,Computer Science,7,6.52,67.0,49.9,55.2,48.1,65.0,1.9,20,1,4,74.6,1,40.2,High,54.55,1,66.34,61.39
STU00094,20,Female,Computer Science,5,6.56,73.7,63.2,46.4,61.3,63.5,3.2,17,0,4,54.3,0,58.6,Medium,58.6,1,67.72,64.82
STU00095,20,Male,Civil,6,5.66,68.6,59.8,54.3,43.3,56.7,3.4,21,2,3,49.3,0,44.0,High,53.52,1,60.72,58.37
STU00096,20,Female,Computer Science,3,5.27,76.3,49.8,41.9,33.5,56.2,3.2,15,1,1,69.6,0,58.4,Medium,45.35,1,70.84,55.66
STU00097,19,Female,Electronics,4,6.35,69.8,63.9,63.7,48.3,60.7,2.3,17,0,1,59.5,1,57.4,Medium,59.15,1,65.3,63.33
STU00098,21,Male,Mechanical,6,6.25,68.0,47.6,47.4,43.9,55.3,2.7,22,1,5,54.2,1,61.6,Medium,48.55,1,62.18,58.3
STU00099,19,Male,Computer Science,4,7.71,80.1,79.7,60.8,64.7,75.5,4.7,13,0,1,84.0,1,73.0,Low,70.18,0,87.1,75.08
STU00100,20,Male,Mechanical,6,6.11,81.0,51.8,58.9,63.0,65.6,2.9,13,2,2,37.0,1,45.4,High,59.82,0,53.3,65.56
STU00101,19,Female,Mechanical,3,6.75,67.9,68.1,60.7,64.4,55.5,2.5,22,0,1,62.2,2,65.7,Low,62.18,1,67.38,65.47
STU00102,20,Female,Civil,4,7.57,82.3,70.1,55.3,67.0,64.3,3.9,12,2,0,61.8,0,73.4,Low,64.18,0,68.22,72.74
STU00103,18,Male,Computer Science,2,6.12,74.2,55.1,55.1,58.6,48.0,1.7,16,2,1,53.7,0,57.9,Medium,54.2,1,53.98,61.65
STU00104,18,Female,Electronics,2,8.34,90.8,78.6,80.4,81.6,84.7,5.5,6,0,0,76.5,0,86.7,Low,81.32,0,88.1,84.42
STU00105,20,Male,Civil,3,6.93,71.3,66.6,55.6,50.9,67.8,2.6,16,2,2,53.5,0,60.3,Medium,60.22,1,58.4,66.17
STU00106,20,Female,Computer Science,5,6.2,74.7,60.4,59.2,49.4,59.2,1.9,17,1,2,58.2,0,66.1,Low,57.05,1,59.78,63.19
STU00107,19,Female,Computer Science,3,6.55,67.2,64.0,56.7,39.8,50.3,1.6,19,1,2,53.0,2,47.6,High,52.7,1,56.2,60.8
STU00108,19,Male,Electronics,2,7.27,89.6,81.1,74.7,69.4,92.6,5.2,6,0,0,61.5,0,82.1,Low,79.45,0,80.6,79.62
STU00109,22,Male,Computer Science,8,8.21,96.5,71.8,77.3,79.3,91.0,4.7,2,0,2,84.0,0,85.3,Low,79.85,0,87.1,84.8
STU00110,20,Male,Computer Science,5,5.39,57.1,47.4,38.5,33.9,59.7,1.8,26,2,4,51.6,1,38.6,High,44.88,2,53.64,51.09
STU00111,21,Female,Management,7,8.18,76.2,68.0,66.4,74.8,72.3,2.7,16,0,2,64.2,0,67.3,Low,70.38,1,69.18,75.83
STU00112,22,Male,Electronics,7,7.27,82.4,56.6,58.6,74.0,73.6,3.1,11,2,2,64.7,0,77.5,Low,65.7,0,65.38,72.32
STU00113,19,Female,Mechanical,2,6.85,78.6,62.2,48.3,65.2,62.2,3.3,14,1,4,66.5,2,57.8,Medium,59.47,1,70.1,67.41
STU00114,21,Male,Computer Science,6,4.73,59.2,53.4,34.5,51.6,42.7,3.3,27,1,1,46.8,2,40.3,High,45.55,2,62.22,49.58
STU00115,21,Male,Computer Science,8,6.88,87.6,77.4,64.1,62.4,61.5,3.1,8,2,1,84.3,1,57.9,Medium,66.35,0,73.22,72.52
STU00116,20,Female,Electrical,5,6.22,91.3,79.0,56.5,48.4,72.2,4.7,5,0,1,59.5,0,66.8,Low,64.03,0,77.3,70.2
STU00117,21,Male,Civil,8,6.47,62.1,75.8,56.9,55.2,68.8,2.4,22,4,2,57.6,0,60.7,Medium,64.18,2,53.04,63.84
STU00118,22,Female,Management,8,6.8,63.8,58.6,67.5,55.0,60.5,2.1,22,1,3,41.3,1,55.8,Medium,60.4,2,54.02,63.91
STU00119,21,Male,Computer Science,5,8.52,87.2,79.6,74.9,72.7,82.0,2.5,9,0,0,63.8,0,80.5,Low,77.3,0,68.02,82.54
STU00120,19,Male,Computer Science,2,7.28,76.4,56.9,58.5,52.4,63.0,3.5,13,2,2,64.4,0,66.1,Low,57.7,1,67.26,67.66
STU00121,21,Male,Civil,6,7.41,80.6,84.2,59.0,45.9,73.6,4.4,13,0,3,71.4,1,77.4,Low,65.68,0,80.56,72.35
STU00122,21,Male,Electronics,8,7.36,81.0,67.9,79.1,71.7,80.5,3.5,12,0,3,65.6,2,68.8,Low,74.8,0,73.74,75.93
STU00123,21,Female,Computer Science,6,7.14,90.9,87.0,82.1,79.3,84.4,3.3,6,0,2,59.5,1,74.8,Low,83.2,0,70.3,80.99
STU00124,22,Male,Electronics,7,8.77,74.8,87.2,71.3,94.6,79.1,3.7,15,0,4,66.0,0,67.6,Low,83.05,1,74.9,82.62
STU00125,21,Male,Computer Science,5,8.25,83.7,65.4,75.2,71.1,86.5,2.5,10,3,3,53.9,0,78.9,Low,74.55,0,55.06,79.62
STU00126,20,Male,Electrical,4,6.99,77.4,66.5,75.6,57.4,60.8,1.5,12,0,1,44.8,2,77.8,Low,65.08,1,55.42,69.84
STU00127,21,Female,Management,8,9.02,94.2,86.3,71.8,80.5,93.2,4.0,4,1,2,78.2,0,88.0,Low,82.95,0,78.28,88.3
STU00128,19,Female,Civil,3,6.06,69.6,56.8,59.7,58.3,65.6,2.8,18,1,5,35.7,0,53.1,Medium,60.1,1,55.28,62.65
STU00129,20,Female,Electronics,5,6.21,86.3,68.5,47.5,67.9,57.6,4.2,8,1,2,68.8,0,69.2,Low,60.38,0,75.52,67.46
STU00130,19,Other,Electrical,3,5.3,76.3,58.9,51.5,46.0,69.5,2.1,14,3,3,44.3,0,54.3,Medium,56.48,1,49.22,60.22
STU00131,20,Male,Civil,6,6.42,74.2,64.4,56.1,64.3,57.7,2.5,16,0,3,54.0,3,60.4,Medium,60.62,1,64.1,65.27
STU00132,21,Male,Electrical,8,5.41,74.1,66.4,34.7,45.1,56.5,2.5,18,4,0,41.9,2,49.3,High,50.68,1,47.26,57.73
STU00133,22,Male,Mechanical,8,7.99,83.7,81.1,81.6,65.3,84.2,3.6,9,1,0,69.1,0,71.1,Low,78.05,0,72.64,80.11
STU00134,19,Male,Management,3,6.12,76.7,49.0,53.8,50.4,52.6,1.2,26,3,4,60.8,0,49.5,High,51.45,1,51.32,61.18
STU00135,21,Female,Electronics,7,4.83,81.2,64.2,42.6,58.5,60.2,2.5,11,1,1,59.5,1,58.1,Medium,56.38,0,63.3,59.76
STU00136,21,Female,Mechanical,8,4.87,67.1,45.4,53.9,53.3,64.6,2.7,18,2,2,47.7,0,45.5,High,54.3,1,56.58,55.54
STU00137,22,Male,Electrical,7,7.21,53.6,58.8,67.5,55.7,58.6,3.4,31,2,2,48.4,0,52.0,Medium,60.15,2,60.36,62.7
STU00138,21,Female,Management,5,6.79,60.8,56.8,46.7,69.8,61.0,0.8,24,0,2,25.9,1,55.4,Medium,58.58,2,44.36,62.4
STU00139,20,Male,Management,3,8.86,76.7,85.9,57.1,89.6,80.3,4.1,7,0,1,55.0,0,92.1,Low,78.22,1,72.5,81.47
STU00140,21,Female,Electronics,5,10.0,100.0,100.0,99.2,98.6,100.0,5.6,0,0,0,96.2,0,100.0,Low,99.45,0,96.48,99.78
STU00141,21,Male,Civil,7,7.49,100.0,82.1,68.2,65.5,91.8,4.5,0,0,0,73.0,0,91.2,Low,76.9,0,81.7,81.98
STU00142,21,Female,Electronics,6,5.55,75.4,57.8,64.0,40.4,54.6,2.4,17,0,4,73.5,2,50.4,Medium,54.2,1,71.4,59.96
STU00143,19,Male,Civil,4,5.76,87.3,56.9,46.0,28.3,63.1,4.4,9,2,3,57.4,1,43.8,High,48.58,0,68.96,61.42
STU00144,19,Female,Computer Science,3,7.06,78.8,73.7,67.1,57.9,66.2,1.4,14,0,0,77.8,3,75.7,Low,66.23,1,68.12,70.9
STU00145,21,Female,Electronics,6,6.65,83.4,64.4,56.5,52.3,67.3,2.6,10,2,1,48.3,1,69.9,Low,60.12,0,56.32,68.18
STU00146,19,Male,Management,4,6.66,69.6,56.1,43.1,63.3,74.5,3.2,19,2,1,51.6,2,53.2,Medium,59.25,1,60.64,64.41
STU00147,21,Male,Electrical,5,6.22,71.4,64.3,53.4,57.2,62.9,3.1,17,3,3,43.2,1,58.9,Medium,59.45,1,53.78,63.4
STU00148,21,Female,Mechanical,8,6.89,65.7,68.5,46.7,57.3,59.1,3.6,22,1,2,59.4,1,61.5,Medium,57.9,1,68.76,63.7
STU00149,19,Female,Computer Science,2,7.34,75.9,54.2,52.4,50.2,54.9,2.0,14,2,1,40.7,0,63.1,Medium,52.92,1,50.28,65.84
STU00150,19,Female,Electronics,3,8.11,75.2,65.4,61.0,69.2,83.6,4.5,17,0,2,68.2,1,88.9,Low,69.8,1,79.78,75.1
STU00151,22,Female,Computer Science,8,6.89,73.8,59.7,47.8,42.5,59.9,1.1,15,3,2,51.9,0,52.8,Medium,52.48,1,47.26,63.55
STU00152,22,Female,Computer Science,8,5.97,66.1,44.3,45.6,51.3,49.9,1.8,19,1,2,69.0,1,38.0,High,47.78,1,63.6,56.53
STU00153,20,Female,Management,4,4.32,59.6,35.6,35.7,42.3,50.3,1.5,25,2,4,51.0,2,36.1,High,40.98,2,51.9,46.41
STU00154,21,Male,Mechanical,8,6.44,65.4,53.4,58.2,53.7,67.1,2.2,23,0,0,50.8,0,55.0,Medium,58.1,1,61.32,62.13
STU00155,20,Female,Computer Science,3,6.61,82.6,84.7,57.3,72.6,75.1,4.4,10,0,2,67.7,1,79.5,Low,72.42,0,79.08,72.76
STU00156,19,Male,Civil,2,10.0,100.0,98.9,88.5,97.7,87.2,6.6,0,0,0,82.5,0,100.0,Low,93.08,0,93.0,97.23
STU00157,20,Male,Computer Science,4,6.2,70.7,73.2,51.6,56.1,69.1,2.7,20,2,3,34.8,3,49.0,High,62.5,1,51.42,64.38
STU00158,20,Other,Electronics,5,7.6,80.4,67.1,72.2,69.5,78.4,3.4,13,1,4,71.6,0,74.7,Low,71.8,0,72.64,75.42
STU00159,19,Male,Computer Science,2,5.41,69.8,64.4,53.8,39.3,65.1,1.8,19,1,5,40.3,5,38.2,High,55.65,1,52.12,58.64
STU00160,20,Male,Computer Science,3,5.96,76.9,66.5,55.5,46.5,61.9,3.7,16,3,2,73.0,2,46.9,High,57.6,1,68.7,63.13
STU00161,21,Female,Mechanical,7,5.86,76.4,56.2,45.3,41.3,56.3,2.5,14,2,2,67.6,0,54.8,Medium,49.78,1,63.54,59.52
STU00162,21,Female,Civil,6,6.74,74.7,54.8,51.5,40.7,55.0,2.8,14,2,2,59.5,0,56.5,Medium,50.5,1,61.8,62.46
STU00163,20,Male,Mechanical,6,9.56,87.2,79.8,80.6,80.4,74.4,3.8,7,2,0,59.9,0,80.6,Low,78.8,0,66.96,86.78
STU00164,22,Male,Electrical,8,5.64,75.4,58.0,61.6,32.5,56.5,2.7,16,2,2,57.4,0,56.7,Medium,52.15,1,60.46,59.45
STU00165,19,Male,Management,3,7.57,86.3,90.5,79.4,84.2,79.1,4.8,8,1,0,69.0,0,85.1,Low,83.3,0,78.6,81.39
STU00166,22,Male,Electrical,8,5.1,73.4,59.8,55.8,52.8,63.5,2.6,15,0,4,59.8,2,60.5,Medium,57.97,1,66.92,59.39
STU00167,20,Male,Management,4,7.64,91.3,84.0,64.7,83.2,79.4,4.3,6,0,0,85.5,0,86.2,Low,77.82,0,85.7,80.69
STU00168,22,Male,Management,8,5.82,66.3,60.2,48.6,60.9,56.4,0.6,20,2,4,14.9,1,56.0,Medium,56.53,1,32.96,59.56
STU00169,22,Female,Electrical,7,6.87,75.6,74.7,62.1,61.8,62.3,3.6,14,0,3,55.8,0,65.0,Low,65.23,1,70.32,69.04
STU00170,20,Female,Electronics,3,7.49,89.5,71.4,70.9,73.8,71.3,4.1,7,0,0,73.7,0,71.1,Low,71.85,0,79.98,77.33
STU00171,20,Female,Computer Science,3,6.66,96.8,69.2,60.7,58.3,60.4,4.0,2,1,1,64.5,1,83.0,Low,62.15,0,72.8,72.37
STU00172,20,Female,Civil,5,6.33,61.9,62.2,43.8,68.8,62.3,1.1,26,1,3,32.2,0,57.5,Medium,59.28,2,45.38,61.34
STU00173,21,Female,Electrical,5,6.38,75.7,52.6,49.2,49.2,63.6,3.3,14,1,0,73.0,1,60.2,Medium,53.65,1,72.7,62.72
STU00174,19,Female,Electrical,3,4.57,57.5,38.9,41.2,40.3,41.8,1.8,26,4,4,42.6,0,39.6,High,40.55,2,44.04,46.59
STU00175,19,Male,Civil,3,6.08,86.5,66.9,66.4,48.7,77.8,3.8,7,1,1,50.2,1,72.9,Low,64.95,0,66.08,68.89
STU00176,22,Female,Electrical,8,7.54,76.8,66.1,49.8,79.2,76.6,3.3,15,1,2,66.7,1,61.3,Medium,67.92,1,70.18,72.76
STU00177,21,Female,Civil,7,8.15,92.0,72.5,66.6,71.3,68.8,4.3,5,2,0,72.3,0,73.0,Low,69.8,0,74.42,79.44
STU00178,19,Male,Civil,3,7.28,85.3,64.2,48.7,72.4,71.3,3.6,9,0,2,60.6,0,66.7,Low,64.15,0,72.24,72.46
STU00179,22,Male,Computer Science,7,5.01,63.3,62.7,50.9,37.7,51.2,0.2,23,3,2,49.1,0,46.4,High,50.62,2,41.64,53.61
STU00180,20,Male,Mechanical,3,5.91,64.0,57.8,69.3,60.1,65.9,2.9,22,3,3,32.6,0,55.6,Medium,63.28,2,48.54,62.0
STU00181,21,Male,Computer Science,5,8.44,73.4,80.9,78.8,74.6,79.6,3.3,18,2,3,78.4,0,75.2,Low,78.47,1,71.86,79.28
STU00182,18,Female,Computer Science,2,7.88,84.1,77.1,73.0,57.7,79.3,3.9,9,0,0,67.1,1,68.5,Low,71.78,0,76.34,77.32
STU00183,21,Male,Mechanical,6,5.71,72.3,37.9,40.2,42.3,64.0,0.2,19,1,1,30.9,0,52.8,Medium,46.1,1,40.36,56.5
STU00184,20,Male,Computer Science,3,8.91,77.5,82.7,74.8,76.1,76.5,3.8,15,0,5,70.1,0,80.6,Low,77.53,1,77.04,81.57
STU00185,19,Male,Management,3,7.04,94.8,80.6,65.1,66.4,80.9,3.6,3,0,1,79.1,0,86.0,Low,73.25,0,79.64,77.64
STU00186,19,Female,Electronics,3,7.73,65.9,69.8,71.7,65.5,81.9,2.4,20,1,3,69.0,1,68.4,Low,72.22,1,66.6,72.42
STU00187,20,Male,Civil,3,7.23,75.1,76.4,69.0,70.3,67.0,2.3,15,1,1,76.5,0,68.5,Low,70.68,1,69.1,72.35
STU00188,19,Male,Computer Science,2,5.84,70.6,56.2,47.1,45.1,52.3,3.0,16,1,1,53.9,1,56.4,Medium,50.18,1,63.56,58.16
STU00189,21,Female,Electrical,5,5.77,97.9,72.5,62.4,52.5,71.8,3.8,1,1,1,53.6,1,58.9,Medium,64.8,0,67.44,70.59
STU00190,21,Female,Mechanical,8,8.09,90.3,64.7,76.9,88.0,71.0,2.8,6,2,3,51.3,0,90.3,Low,75.15,0,58.52,80.95
STU00191,19,Male,Mechanical,4,8.94,72.3,84.5,81.5,92.7,74.8,3.8,18,0,2,53.1,0,88.3,Low,83.38,1,70.24,82.72
STU00192,21,Female,Civil,7,7.06,87.8,71.5,79.3,42.8,82.0,3.5,7,0,3,63.1,0,80.7,Low,68.9,0,72.74,74.22
STU00193,21,Male,Mechanical,5,5.9,56.0,55.4,55.6,49.4,45.4,2.5,25,1,0,47.2,1,57.0,Medium,51.45,2,58.38,55.23
STU00194,20,Female,Mechanical,3,8.59,78.7,70.5,70.3,63.6,80.3,3.1,14,3,2,71.6,2,67.3,Low,71.18,1,65.14,78.21
STU00195,19,Female,Electrical,2,5.52,70.0,52.5,44.4,66.6,46.7,2.4,17,2,2,54.2,1,45.0,High,52.55,1,57.68,57.84
STU00196,21,Female,Electrical,7,5.85,79.3,56.1,58.9,49.8,63.1,1.4,12,1,1,45.9,0,39.4,High,56.98,1,52.36,63.09
STU00197,18,Male,Electronics,2,7.78,96.2,68.9,81.1,78.9,90.7,4.1,3,0,1,84.3,0,70.3,Low,79.9,0,84.22,83.24
STU00198,19,Female,Management,4,6.3,81.9,69.0,60.2,52.3,61.0,3.5,11,2,2,77.4,0,59.6,Medium,60.62,0,72.46,66.78
STU00199,18,Male,Electronics,2,6.23,72.3,72.0,46.2,54.2,49.0,2.6,17,2,2,43.7,0,69.2,Low,55.35,1,54.48,62.02
STU00200,22,Male,Computer Science,7,6.54,85.4,55.6,53.3,67.3,70.0,2.9,8,1,4,59.3,0,66.5,Low,61.55,0,65.22,68.86
STU00201,21,Female,Electronics,8,7.77,82.9,82.1,74.1,73.9,74.8,5.7,9,0,1,82.4,0,86.4,Low,76.22,0,91.46,78.41
STU00202,20,Female,Electronics,4,7.27,88.0,68.9,77.5,87.4,72.9,2.8,8,3,4,73.6,0,73.3,Low,76.68,0,64.44,78.11
STU00203,20,Male,Electronics,4,7.47,74.4,64.0,71.7,55.0,72.1,3.5,15,2,2,67.3,0,65.9,Low,65.7,1,68.42,71.03
STU00204,20,Female,Electrical,5,7.52,80.3,70.4,51.6,65.4,75.9,2.9,11,0,3,56.6,1,77.0,Low,65.82,0,67.14,72.72
STU00205,21,Male,Mechanical,5,4.24,62.5,49.6,47.1,38.9,55.7,1.3,26,2,3,37.8,2,36.5,High,47.82,2,45.62,49.6
STU00206,20,Female,Management,4,7.03,55.0,56.0,65.1,58.5,58.1,0.7,27,0,4,34.4,1,49.9,High,59.42,2,47.26,62.12
STU00207,19,Male,Computer Science,4,6.5,88.0,60.7,40.7,58.4,72.5,3.1,7,1,0,66.0,0,70.5,Low,58.08,0,68.9,67.98
STU00208,19,Male,Mechanical,3,4.75,64.9,58.6,45.5,31.6,52.7,3.0,20,4,1,40.7,0,37.2,High,47.1,2,49.28,51.69
STU00209,19,Female,Computer Science,3,7.02,81.0,66.3,63.7,45.7,64.7,4.4,11,0,2,59.5,0,67.2,Low,60.1,0,75.8,68.86
STU00210,20,Male,Electronics,6,6.95,68.7,63.3,44.2,56.3,61.7,2.7,22,1,1,58.5,0,59.7,Medium,56.38,1,63.9,64.05
STU00211,22,Female,Electronics,7,7.25,85.4,77.7,64.6,56.4,75.6,2.7,10,1,2,56.4,0,62.1,Medium,68.58,0,63.06,74.16
STU00212,22,Male,Civil,7,5.76,94.1,49.9,58.3,41.4,60.1,2.9,4,0,1,67.5,0,54.8,Medium,52.42,0,71.5,64.66
STU00213,20,Female,Electrical,5,7.06,93.7,77.3,62.9,64.5,75.4,4.0,4,0,2,58.0,1,71.4,Low,70.03,0,73.2,76.14
STU00214,21,Male,Computer Science,7,5.61,78.0,62.3,55.0,48.7,62.2,2.2,12,1,3,68.2,0,58.6,Medium,57.05,1,65.28,61.96
STU00215,21,Female,Computer Science,6,6.95,72.3,75.6,64.0,60.7,64.6,4.1,17,1,2,72.8,1,70.4,Low,66.22,1,76.62,68.89
STU00216,19,Female,Electronics,4,8.24,83.5,66.6,61.8,70.4,81.5,3.5,11,0,1,73.7,1,71.1,Low,70.07,0,76.98,77.74
STU00217,19,Female,Computer Science,4,7.76,83.8,76.9,59.1,60.2,74.7,2.6,11,4,2,62.1,0,64.3,Medium,67.72,0,55.84,75.2
STU00218,20,Male,Civil,5,8.1,82.8,65.0,76.6,67.7,77.3,4.2,12,3,3,59.6,0,81.9,Low,71.65,0,65.84,77.71
STU00219,19,Female,Mechanical,4,7.46,77.5,73.6,72.3,71.8,65.4,2.9,15,1,1,73.3,0,76.3,Low,70.78,1,70.82,73.8
STU00220,22,Female,Electrical,7,5.42,72.1,57.7,54.6,51.9,56.9,2.1,18,0,1,60.9,2,58.7,Medium,55.28,1,64.86,59.1
STU00221,20,Male,Management,3,7.98,98.6,73.0,77.6,64.9,79.0,4.7,1,0,1,59.5,0,70.9,Low,73.62,0,77.3,82.03
STU00222,19,Female,Electronics,2,6.7,69.5,58.6,66.4,62.2,70.7,3.4,19,2,2,44.4,1,59.2,Medium,64.47,1,58.76,66.61
STU00223,20,Female,Management,5,6.8,82.2,65.0,78.7,55.0,87.4,2.7,11,1,2,57.2,0,57.8,Medium,71.53,0,63.38,72.96
STU00224,18,Female,Electrical,2,5.75,73.2,68.7,54.8,45.2,65.4,2.8,16,0,2,72.9,0,42.5,High,58.52,1,73.16,61.83
STU00225,19,Male,Computer Science,3,6.71,77.1,77.3,65.1,42.0,64.2,2.4,15,2,2,67.7,0,58.2,Medium,62.15,1,63.08,67.62
STU00226,20,Male,Electrical,4,6.95,69.8,79.5,66.2,56.6,65.0,3.0,19,2,4,61.3,0,61.5,Medium,66.82,1,63.52,68.5
STU00227,18,Female,Mechanical,2,9.44,88.1,89.9,83.3,85.6,81.5,4.9,8,0,1,71.0,0,99.4,Low,85.07,0,82.9,89.1
STU00228,20,Female,Civil,3,9.24,93.1,88.9,79.8,90.7,83.2,3.4,4,1,0,95.2,0,99.9,Low,85.65,0,82.08,89.88
STU00229,20,Male,Civil,5,5.41,68.9,57.8,42.7,42.2,58.2,2.4,18,3,7,39.3,0,49.6,High,50.22,1,48.72,56.25
STU00230,19,Other,Management,4,6.63,79.7,76.3,53.9,62.3,61.8,2.4,12,3,5,57.2,0,70.1,Low,63.58,1,55.88,68.56
STU00231,22,Male,Electrical,8,4.87,76.6,57.9,63.2,40.1,66.0,2.2,14,3,2,55.7,0,42.4,High,56.8,1,54.28,58.92
STU00232,19,Male,Electrical,2,6.9,77.8,67.6,74.5,57.3,74.5,2.7,15,0,1,68.6,1,73.6,Low,68.47,1,70.94,70.99
STU00233,22,Female,Electronics,7,7.52,79.9,66.0,62.2,63.2,75.9,2.6,12,1,2,53.8,1,63.0,Medium,66.82,1,61.52,73.02
STU00234,20,Female,Management,6,8.77,93.2,86.7,79.9,87.2,86.0,6.6,4,0,1,92.0,0,100.0,Low,84.95,0,96.8,87.98
STU00235,21,Female,Civil,6,5.79,71.0,61.8,36.4,60.2,67.8,2.2,20,1,3,59.5,0,57.7,Medium,56.55,1,61.8,60.64
STU00236,20,Female,Electrical,6,6.27,71.6,53.9,46.0,43.2,68.7,2.4,16,1,2,55.5,1,63.6,Medium,52.95,1,61.2,61.02
STU00237,18,Male,Electrical,2,4.18,58.4,43.1,32.2,47.2,61.4,1.1,27,2,3,49.3,0,46.8,High,45.98,2,49.22,47.62
STU00238,21,Male,Computer Science,7,6.3,67.6,55.4,50.5,46.1,55.4,3.0,21,3,4,41.7,0,48.8,High,51.85,1,52.68,59.69
STU00239,19,Male,Electronics,4,5.36,61.0,47.3,41.3,41.6,53.9,1.9,27,1,2,60.5,1,30.0,High,46.02,2,60.7,52.42
STU00240,20,Female,Electrical,6,7.35,70.3,62.3,55.6,47.3,55.6,2.3,20,1,3,64.0,0,54.9,Medium,55.2,1,64.1,65.38
STU00241,20,Male,Management,4,5.8,89.9,71.2,64.4,65.7,86.1,4.2,6,2,2,59.7,1,67.4,Low,71.85,0,68.88,71.51
STU00242,20,Female,Electrical,4,5.59,73.6,66.9,55.0,50.2,65.7,3.2,17,1,4,57.7,0,65.2,Low,59.45,1,66.08,61.74
STU00243,20,Male,Mechanical,6,4.6,68.3,52.0,52.7,42.4,60.4,1.5,18,1,3,55.2,2,59.1,Medium,51.88,1,56.58,53.92
STU00244,22,Male,Computer Science,8,4.99,88.9,63.1,55.2,29.1,64.7,3.2,7,1,2,69.0,1,62.1,Medium,53.03,0,70.6,60.9
STU00245,22,Male,Mechanical,8,9.34,100.0,67.1,98.9,98.4,99.6,4.4,0,0,0,88.8,0,100.0,Low,91.0,0,87.52,94.09
STU00246,22,Female,Electronics,7,5.38,80.4,57.8,51.0,47.6,65.0,3.2,12,1,2,55.5,0,52.1,Medium,55.35,0,65.2,61.07
STU00247,21,Male,Management,5,5.05,57.6,56.4,50.8,40.4,61.0,1.3,29,2,1,37.5,1,40.3,High,52.15,2,45.5,52.93
STU00248,20,Female,Mechanical,5,8.19,78.1,71.7,82.6,75.0,81.4,3.8,14,0,2,67.2,0,88.6,Low,77.68,1,75.88,79.26
STU00249,22,Female,Electronics,8,10.0,99.5,100.0,100.0,100.0,100.0,5.9,0,0,0,100.0,0,100.0,Low,100.0,0,99.5,99.88
STU00250,19,Male,Mechanical,3,5.72,77.0,64.5,56.1,43.8,62.4,3.1,16,0,2,66.1,2,54.8,Medium,56.7,1,71.94,61.95
STU00251,21,Female,Management,8,6.91,77.1,59.4,63.7,42.6,58.5,2.6,13,3,2,61.2,1,66.4,Low,56.05,1,58.48,65.88
STU00252,20,Male,Mechanical,6,7.52,86.0,69.4,64.8,60.6,78.4,3.2,8,0,3,75.9,0,72.2,Low,68.3,0,76.36,75.14
STU00253,20,Male,Computer Science,6,9.48,87.1,86.8,94.5,91.3,87.3,5.8,7,1,0,59.7,0,98.5,Low,89.98,0,79.88,90.94
STU00254,20,Male,Mechanical,6,5.53,64.3,53.9,38.7,42.6,50.1,1.7,24,4,2,51.7,0,43.1,High,46.32,2,47.18,53.96
STU00255,21,Female,Mechanical,7,7.43,86.0,69.9,55.9,51.5,70.0,3.4,9,1,2,63.7,0,85.4,Low,61.82,0,69.48,72.24
STU00256,21,Female,Electronics,6,8.24,93.2,62.1,76.8,73.4,75.0,3.3,4,1,1,60.6,0,77.7,Low,71.82,0,67.74,80.87
STU00257,19,Male,Civil,2,6.62,73.5,56.6,51.8,64.8,63.1,2.8,15,2,1,71.9,0,76.8,Low,59.08,1,66.76,65.18
STU00258,22,Female,Computer Science,7,6.79,94.9,55.9,50.7,60.7,65.4,1.7,3,0,2,62.4,0,62.5,Medium,58.18,0,63.46,70.76
STU00259,21,Female,Mechanical,7,6.4,68.2,39.8,47.9,56.8,46.4,3.3,21,1,3,54.0,0,54.0,Medium,47.72,1,65.1,58.54
STU00260,22,Female,Electronics,8,5.03,47.8,44.8,45.9,49.1,48.6,1.9,30,5,4,35.9,2,36.0,High,47.1,2,38.86,48.4
STU00261,21,Female,Mechanical,8,6.89,64.0,49.8,55.5,55.3,69.4,2.2,23,3,1,55.9,0,49.4,High,57.5,2,54.36,63.11
STU00262,22,Female,Mechanical,8,7.12,81.7,64.3,69.2,56.7,67.3,3.7,12,3,1,64.7,0,60.4,Medium,64.38,0,65.38,71.1
STU00263,18,Female,Civil,2,6.08,75.4,62.3,77.9,68.6,54.7,2.0,14,1,2,76.0,0,76.6,Low,65.88,1,67.4,66.48
STU00264,20,Male,Computer Science,6,5.94,67.1,60.3,55.2,45.1,59.4,2.0,19,1,4,59.5,0,57.6,Medium,55.0,1,60.8,59.56
STU00265,21,Female,Electronics,8,7.72,79.1,68.4,63.1,62.7,75.4,3.8,12,0,1,65.5,0,80.1,Low,67.4,1,75.2,73.76
STU00266,21,Male,Electrical,8,7.7,67.3,54.7,70.1,55.2,67.2,2.9,20,2,3,41.8,0,66.0,Low,61.8,1,55.22,68.5
STU00267,21,Female,Management,5,6.7,84.0,72.5,58.5,78.0,69.8,3.4,10,0,3,54.1,0,77.5,Low,69.7,0,68.64,72.33
STU00268,21,Female,Computer Science,8,6.58,97.5,93.3,70.6,85.3,74.1,4.4,1,1,0,50.1,1,81.0,Low,80.82,0,69.04,79.74
STU00269,22,Male,Computer Science,8,7.7,87.0,73.4,61.8,58.9,72.3,3.7,8,3,2,56.9,0,62.7,Medium,66.6,0,62.26,75.34
STU00270,19,Male,Management,2,6.75,85.4,69.4,59.4,65.3,61.1,3.3,9,2,1,63.0,0,86.8,Low,63.8,0,65.7,70.5
STU00271,21,Female,Computer Science,8,6.94,70.8,61.3,58.6,58.2,68.3,1.6,16,1,3,60.2,0,49.6,High,61.6,1,59.08,66.63
STU00272,20,Female,Management,6,6.91,60.2,51.6,61.8,57.6,57.0,1.4,22,2,3,48.7,0,54.4,Medium,57.0,2,50.48,62.04
STU00273,20,Female,Electrical,6,6.62,79.5,64.9,60.3,70.6,79.1,3.4,13,1,2,84.1,0,73.2,Low,68.72,1,77.64,70.54
STU00274,19,Female,Computer Science,3,9.02,100.0,100.0,100.0,87.3,98.7,5.9,0,0,1,93.9,1,100.0,Low,96.5,0,97.06,95.17
STU00275,22,Male,Computer Science,8,8.31,83.8,70.0,67.8,77.2,71.8,3.0,11,0,1,60.0,1,80.7,Low,71.7,0,69.0,78.72
STU00276,20,Male,Management,4,7.25,76.6,69.9,64.2,47.6,74.7,4.1,14,0,2,62.6,2,66.1,Low,64.1,1,75.54,70.16
STU00277,19,Female,Computer Science,4,6.55,88.4,60.1,46.7,45.4,69.8,2.7,7,1,2,48.7,0,66.0,Low,55.5,0,59.98,67.22
STU00278,19,Male,Mechanical,4,5.78,86.5,56.0,70.5,39.7,71.6,3.5,9,0,2,68.7,1,60.9,Medium,59.45,0,74.98,65.64
STU00279,22,Female,Computer Science,8,8.56,93.0,77.4,87.1,63.5,88.8,3.9,4,0,0,72.6,0,96.5,Low,79.2,0,78.54,84.89
STU00280,21,Male,Mechanical,5,6.54,61.4,62.5,48.3,51.0,50.7,1.6,22,4,1,29.8,0,52.8,Medium,53.12,2,37.92,59.49
STU00281,18,Male,Electrical,2,6.89,88.7,74.6,54.9,70.9,69.5,3.9,7,1,3,56.8,1,75.5,Low,67.47,0,69.22,73.28
STU00282,18,Female,Civil,2,5.78,95.1,44.2,59.9,43.2,78.4,5.7,3,2,0,69.6,1,67.0,Low,56.42,0,80.34,66.58
STU00283,21,Female,Computer Science,8,8.29,96.9,73.0,74.4,69.3,81.8,3.6,2,1,2,65.5,0,86.9,Low,74.62,0,71.2,83.09
STU00284,20,Female,Mechanical,3,6.89,61.3,68.3,79.2,55.3,61.7,2.6,24,2,3,48.7,0,70.5,Low,66.12,2,56.48,65.89
STU00285,22,Male,Civil,7,6.22,75.6,56.8,62.9,48.7,48.6,1.3,15,1,1,68.4,0,56.8,Medium,54.25,1,60.86,62.37
STU00286,18,Female,Computer Science,2,5.61,62.3,57.3,56.0,44.5,48.3,0.7,25,2,2,54.6,0,50.3,Medium,51.53,2,49.34,55.82
STU00287,21,Male,Electrical,8,6.21,87.8,73.6,66.4,59.9,70.4,5.1,8,0,0,77.1,0,87.2,Low,67.58,0,86.34,70.72
STU00288,21,Female,Civil,6,6.53,73.2,61.3,55.9,64.5,59.0,3.0,17,2,1,57.5,1,50.3,Medium,60.18,1,62.0,65.22
STU00289,19,Female,Computer Science,3,6.51,83.9,64.4,61.7,49.7,68.3,3.2,11,2,4,50.0,0,60.8,Medium,61.03,0,60.0,68.17
STU00290,22,Male,Management,8,5.98,65.1,54.9,59.7,45.3,52.7,3.0,19,1,3,57.0,0,58.3,Medium,53.15,1,64.8,58.46
STU00291,19,Female,Electronics,4,5.77,80.8,64.3,51.1,60.8,59.2,1.6,12,2,2,44.5,0,53.2,Medium,58.85,0,49.8,63.94
STU00292,21,Female,Computer Science,8,7.3,82.7,87.9,59.8,54.1,68.9,5.5,10,1,1,80.6,0,85.3,Low,67.68,0,86.74,73.3
STU00293,20,Male,Computer Science,6,8.44,89.4,81.3,93.4,88.2,77.1,3.1,6,0,2,86.5,0,85.8,Low,85.0,0,80.1,85.89
STU00294,21,Female,Electronics,5,4.05,52.9,42.2,32.7,18.3,61.5,1.4,27,2,0,48.5,3,19.9,High,38.67,2,50.4,42.87
STU00295,18,Male,Electronics,2,5.24,61.5,50.5,57.4,53.4,67.9,3.0,25,1,2,55.9,1,47.7,High,57.3,2,64.36,56.64
STU00296,20,Female,Electronics,3,5.67,61.3,61.5,48.1,47.1,62.7,0.9,22,4,3,33.9,1,50.0,Medium,54.85,2,36.06,57.11
STU00297,19,Male,Electrical,2,7.3,64.9,56.5,70.1,58.9,59.5,3.0,20,4,2,50.1,0,63.2,Medium,61.25,2,53.04,66.28
STU00298,22,Male,Civil,7,6.89,58.8,67.7,66.9,51.7,58.2,3.6,24,2,1,61.7,0,61.7,Medium,61.12,2,66.68,63.26
STU00299,19,Female,Computer Science,2,5.37,80.2,63.6,48.7,34.4,59.3,2.6,14,2,2,68.6,1,68.3,Low,51.5,0,64.44,59.44
STU00300,19,Male,Civil,2,6.46,78.4,71.8,64.5,49.0,56.5,4.2,14,2,3,50.6,0,66.6,Low,60.45,1,65.24,66.39
STU00301,19,Other,Civil,2,9.24,99.5,97.5,89.9,82.7,95.0,4.6,0,0,1,84.9,0,96.0,Low,91.28,0,86.96,93.72
STU00302,22,Male,Mechanical,8,4.87,60.9,55.6,43.3,42.3,50.5,1.6,26,1,3,59.0,2,48.9,High,47.92,2,58.6,51.44
STU00303,22,Male,Management,8,7.45,77.2,62.6,74.4,75.0,73.2,3.7,13,0,3,64.0,0,78.5,Low,71.3,1,74.1,73.9
STU00304,21,Male,Electronics,7,5.54,55.2,50.1,56.4,46.1,47.6,1.8,30,3,1,28.0,2,58.1,Medium,50.05,2,41.2,53.21
STU00305,18,Male,Computer Science,2,6.78,74.7,62.5,64.7,57.3,73.5,6.0,15,2,0,59.5,0,83.5,Low,64.5,1,77.8,68.2
STU00306,20,Male,Computer Science,5,7.38,95.2,61.4,51.6,53.8,70.1,3.4,3,0,2,68.3,0,68.5,Low,59.22,0,74.32,73.32
STU00307,21,Male,Electronics,8,5.8,65.6,62.2,49.9,49.2,48.6,2.4,23,1,2,32.6,1,46.2,High,52.48,1,52.04,57.69
STU00308,18,Male,Mechanical,2,8.51,84.4,67.3,80.0,74.5,77.7,1.8,9,3,1,67.4,0,81.4,Low,74.88,0,56.96,80.84
STU00309,21,Male,Computer Science,7,7.85,93.9,71.3,79.5,68.5,77.0,2.4,4,0,0,86.5,0,77.0,Low,74.08,0,76.6,80.58
STU00310,19,Male,Mechanical,2,8.1,77.9,70.0,83.8,72.7,75.3,2.7,14,2,2,69.2,0,73.0,Low,75.45,1,65.18,78.0
STU00311,21,Male,Management,7,8.05,92.7,74.1,88.4,74.2,84.8,4.6,4,0,1,85.7,1,73.7,Low,80.38,0,87.28,83.5
STU00312,21,Male,Electrical,5,8.38,85.7,93.5,78.0,50.7,70.8,5.3,9,0,1,69.6,1,81.1,Low,73.25,0,84.34,80.06
STU00313,22,Male,Civil,8,6.89,88.4,78.7,82.2,78.3,82.8,5.1,7,0,1,69.9,0,100.0,Low,80.5,0,83.46,78.41
STU00314,20,Male,Civil,4,7.19,82.6,76.3,72.0,73.7,75.2,3.8,11,0,4,67.7,0,77.3,Low,74.3,0,76.08,75.54
STU00315,22,Male,Civil,7,8.18,95.7,79.0,74.5,88.0,93.2,5.3,3,0,0,100.0,0,80.8,Low,83.68,0,96.5,86.02
STU00316,21,Male,Mechanical,7,7.72,99.9,65.0,74.6,73.2,82.7,3.0,0,1,1,81.1,0,92.9,Low,73.88,0,74.44,81.54
STU00317,20,Male,Electronics,4,5.67,86.2,61.0,73.0,61.3,65.7,4.0,9,0,1,59.3,0,66.0,Low,65.25,0,73.72,67.5
STU00318,21,Female,Electronics,6,6.13,54.4,51.8,60.5,39.9,56.5,1.3,27,2,3,43.3,0,50.9,Medium,52.18,2,47.82,55.92
STU00319,20,Male,Computer Science,5,7.88,72.4,62.8,72.5,64.2,71.5,2.3,16,1,4,68.8,0,72.9,Low,67.75,1,66.02,72.78
STU00320,21,Male,Mechanical,5,5.65,77.7,51.8,52.4,43.3,56.5,3.8,13,1,3,51.8,0,66.3,Low,51.0,1,66.72,59.6
STU00321,21,Female,Mechanical,7,7.34,75.7,64.1,60.8,53.0,59.4,3.0,14,3,2,54.7,0,68.6,Low,59.32,1,57.88,68.34
STU00322,19,Male,Computer Science,3,6.84,65.0,60.4,57.5,49.2,61.8,3.6,22,2,2,56.5,2,58.8,Medium,57.23,1,64.6,63.08
STU00323,18,Male,Computer Science,2,7.62,66.3,65.4,68.9,68.9,61.1,3.6,23,1,2,65.7,1,78.4,Low,66.08,1,71.28,69.68
STU00324,21,Female,Electrical,5,7.9,81.4,69.5,69.7,56.1,64.1,2.6,12,1,4,77.6,0,67.5,Low,64.85,0,71.04,73.94
STU00325,22,Female,Computer Science,7,9.05,95.1,88.0,60.1,90.7,81.5,4.7,3,1,0,79.2,0,85.4,Low,80.08,0,82.18,87.48
STU00326,19,Female,Electronics,3,8.46,93.4,97.4,77.6,83.6,100.0,4.8,4,1,2,98.8,2,89.4,Low,89.65,0,90.52,88.82
STU00327,19,Female,Computer Science,4,5.25,66.7,35.5,45.5,40.0,50.5,3.2,23,2,3,39.5,0,57.4,Medium,42.88,1,55.8,52.2
STU00328,21,Female,Computer Science,6,7.0,81.9,57.4,79.2,60.6,69.6,2.2,11,1,2,65.4,1,55.3,Medium,66.7,0,64.16,71.66
STU00329,21,Female,Electrical,5,7.04,73.5,53.7,54.6,52.0,63.3,3.1,17,4,2,75.8,1,47.5,High,55.9,1,63.82,65.38
STU00330,20,Male,Computer Science,6,6.71,77.0,58.8,58.0,48.7,68.4,3.5,16,0,4,62.2,1,64.0,Medium,58.48,1,72.38,66.12
STU00331,20,Female,Electronics,5,9.34,100.0,97.6,78.1,98.3,80.4,4.5,0,0,0,79.3,0,100.0,Low,88.6,0,84.22,93.13
STU00332,22,Female,Management,7,7.71,73.3,67.2,83.2,62.3,63.1,2.7,17,0,4,58.6,0,70.1,Low,68.95,1,66.94,72.89
STU00333,21,Male,Mechanical,8,6.94,67.6,55.4,47.0,37.2,70.8,3.2,20,1,1,59.5,1,49.6,High,52.6,1,66.8,62.23
STU00334,20,Male,Mechanical,5,4.58,45.3,40.1,59.1,42.1,40.6,0.2,35,1,6,35.6,1,39.8,High,45.48,2,42.24,45.54
STU00335,20,Female,Civil,5,5.61,61.5,66.8,48.7,58.7,69.4,1.8,26,2,0,39.8,0,54.8,Medium,60.9,2,48.92,59.37
STU00336,19,Female,Computer Science,3,5.07,49.1,27.8,48.0,35.7,45.4,0.8,30,1,4,40.0,2,44.9,High,39.22,2,47.0,45.71
STU00337,21,Female,Electronics,5,6.62,78.1,59.2,56.3,63.2,59.1,1.6,15,1,0,61.9,0,68.0,Low,59.45,1,59.76,66.47
STU00338,22,Male,Electronics,7,5.62,70.1,53.4,54.3,60.1,59.0,1.3,20,2,3,45.9,1,49.3,High,56.7,1,48.86,59.87
STU00339,20,Female,Computer Science,5,8.54,100.0,71.7,88.2,72.3,95.4,4.9,0,1,0,76.1,1,83.7,Low,81.9,0,81.94,87.65
STU00340,21,Male,Computer Science,6,7.47,94.5,78.8,79.2,62.8,68.0,4.2,3,0,0,49.0,1,58.7,Medium,72.2,0,70.6,78.65
STU00341,19,Female,Mechanical,4,4.74,63.8,33.2,35.3,32.3,46.1,1.1,24,2,4,42.9,0,37.1,High,36.72,2,46.66,47.23
STU00342,20,Male,Computer Science,6,7.13,69.1,59.6,61.0,61.1,72.4,1.8,18,1,4,43.0,0,57.8,Medium,63.52,1,53.2,67.64
STU00343,21,Male,Computer Science,6,6.37,80.8,70.2,62.4,73.0,75.4,4.0,12,1,2,63.3,0,85.6,Low,70.25,0,72.32,70.6
STU00344,20,Male,Mechanical,5,6.58,66.1,58.7,64.3,68.7,81.2,3.1,20,1,4,57.9,1,61.1,Medium,68.22,1,65.66,66.84
STU00345,22,Male,Electronics,8,7.91,79.4,60.4,65.5,63.4,83.1,3.0,12,0,1,44.0,0,78.2,Low,68.1,1,62.6,74.78
STU00346,22,Male,Mechanical,8,6.89,76.7,56.0,24.5,38.0,53.8,3.1,16,2,2,56.7,0,45.6,High,43.08,1,62.18,60.52
STU00347,20,Female,Computer Science,3,6.56,80.2,58.2,42.5,44.2,74.5,2.6,14,0,2,63.3,0,63.7,Medium,54.85,0,68.32,64.95
STU00348,20,Male,Civil,3,7.17,72.4,74.9,65.3,78.0,57.8,3.7,15,1,3,47.8,2,78.7,Low,69.0,1,64.62,70.8
STU00349,21,Female,Electrical,8,5.51,71.6,61.1,39.9,35.4,64.7,2.7,19,0,2,51.4,0,39.3,High,50.28,1,64.06,57.29
STU00350,19,Female,Mechanical,4,7.98,87.6,91.6,76.6,79.7,75.0,4.2,8,1,3,57.1,0,92.7,Low,80.72,0,70.84,82.12
STU00351,20,Male,Electrical,4,8.34,81.7,72.3,63.6,60.4,77.2,3.0,11,0,3,73.9,0,61.7,Medium,68.38,0,74.56,76.96
STU00352,21,Female,Electronics,7,7.78,62.6,71.5,61.3,51.4,83.7,2.6,22,2,2,51.8,0,66.2,Low,66.98,2,57.72,69.67
STU00353,21,Female,Computer Science,6,7.34,92.6,72.7,60.7,50.9,63.7,4.9,4,0,1,70.4,0,70.2,Low,62.0,0,82.66,73.64
STU00354,18,Female,Electronics,2,8.18,71.3,80.7,75.5,65.7,77.5,1.5,18,2,4,67.2,1,61.2,Medium,74.85,1,58.38,76.4
STU00355,18,Female,Electronics,2,9.0,100.0,85.1,82.5,83.5,91.1,5.8,0,0,0,79.1,0,85.1,Low,85.55,0,90.64,90.72
STU00356,22,Female,Management,7,7.1,82.4,65.9,76.1,66.4,73.4,2.9,11,1,3,76.0,0,71.2,Low,70.45,0,71.9,73.63
STU00357,21,Other,Electronics,7,7.33,71.9,77.1,69.1,55.3,67.6,1.8,19,1,0,74.0,0,68.9,Low,67.28,1,65.6,70.54
STU00358,20,Male,Electronics,4,8.01,89.9,68.6,53.1,68.6,73.7,3.9,6,1,1,72.8,1,78.9,Low,66.0,0,75.62,76.91
STU00359,22,Male,Management,8,6.38,85.1,63.2,50.1,61.4,61.1,3.2,10,0,2,70.2,0,70.3,Low,58.95,0,74.08,67.18
STU00360,19,Female,Computer Science,2,6.13,59.7,63.0,57.4,59.1,65.0,1.5,22,1,2,62.9,4,50.6,Medium,61.12,2,59.66,60.83
STU00361,21,Male,Civil,8,7.98,91.2,77.1,67.5,59.3,63.8,5.2,5,0,3,41.4,0,80.6,Low,66.92,0,72.56,77.5
STU00362,18,Female,Electronics,2,7.5,88.1,85.6,70.1,72.1,78.5,5.4,8,0,1,86.2,0,86.9,Low,76.57,0,91.48,78.9
STU00363,20,Male,Management,6,7.09,86.9,71.8,64.9,72.4,78.7,3.2,9,1,2,56.2,0,74.3,Low,71.95,0,65.48,75.32
STU00364,22,Male,Computer Science,7,6.24,67.8,59.6,46.2,58.4,54.8,2.5,18,5,4,43.3,1,55.5,Medium,54.75,1,44.82,60.69
STU00365,20,Female,Civil,6,6.26,62.5,68.2,57.0,70.1,61.3,2.7,23,1,3,53.0,0,69.8,Low,64.15,2,61.7,63.2
STU00366,21,Male,Mechanical,7,8.54,94.5,68.0,75.5,81.9,71.2,3.0,3,0,1,64.8,0,91.0,Low,74.15,0,70.92,83.18
STU00367,20,Male,Management,4,7.5,79.3,71.4,53.6,57.9,73.8,5.9,12,0,2,56.1,0,62.0,Medium,64.18,1,81.94,71.74
STU00368,20,Female,Management,4,5.08,58.7,32.3,50.5,45.9,54.9,1.7,27,3,3,34.8,1,46.2,High,45.9,2,43.42,50.82
STU00369,19,Female,Electrical,3,6.78,65.9,66.5,61.5,59.5,59.1,3.6,21,0,1,39.5,0,72.1,Low,61.65,1,63.8,64.87
STU00370,18,Female,Computer Science,2,9.0,93.4,78.1,77.7,78.1,79.4,4.2,5,0,3,72.9,0,81.3,Low,78.32,0,80.16,86.18
STU00371,19,Male,Mechanical,3,7.43,86.9,65.0,59.6,58.4,72.8,4.0,8,0,1,70.6,0,72.9,Low,63.95,0,78.24,73.31
STU00372,19,Female,Electrical,3,8.93,100.0,90.1,91.4,100.0,83.1,4.7,0,0,0,84.8,0,93.9,Low,91.15,0,87.42,92.72
STU00373,21,Female,Civil,7,8.73,83.5,74.3,79.4,62.4,71.8,1.0,11,3,4,59.5,0,72.0,Low,71.97,0,49.8,80.22
STU00374,19,Female,Management,3,7.79,84.9,90.4,67.9,81.1,75.5,4.2,9,0,0,59.1,0,98.7,Low,78.72,0,74.64,79.98
STU00375,20,Male,Electrical,3,7.44,63.9,55.2,59.6,46.7,69.6,2.9,22,1,2,69.3,0,67.1,Low,57.78,2,69.22,65.12
STU00376,21,Male,Electronics,7,10.0,94.1,79.9,90.9,86.7,83.3,4.0,4,0,1,71.2,0,95.6,Low,85.2,0,78.48,92.61
STU00377,21,Female,Computer Science,5,6.53,61.2,54.1,42.0,48.0,60.5,0.2,25,2,4,49.9,0,62.7,Medium,51.15,2,44.96,58.61
STU00378,19,Female,Electronics,3,5.61,68.7,49.3,34.0,40.0,63.0,2.2,19,1,0,55.1,0,48.3,High,46.58,1,60.04,55.44
STU00379,21,Male,Civil,6,8.3,100.0,87.0,75.2,77.9,86.9,4.3,0,1,2,65.7,0,86.1,Low,81.75,0,74.78,86.75
STU00380,20,Female,Mechanical,3,6.95,77.7,60.7,59.4,65.3,65.6,2.0,15,1,3,76.2,0,49.5,High,62.75,1,67.48,68.85
STU00381,22,Female,Computer Science,7,6.96,79.7,70.5,54.2,57.9,56.6,2.8,13,1,1,68.0,0,72.8,Low,59.8,1,68.2,68.2
STU00382,19,Male,Electrical,2,7.65,81.8,68.9,71.3,64.3,84.8,2.5,11,0,3,57.4,0,68.7,Low,72.32,0,65.46,76.16
STU00383,20,Male,Computer Science,6,5.55,72.5,61.7,32.6,35.5,60.1,2.0,18,0,1,65.6,1,50.3,Medium,47.48,1,66.24,56.54
STU00384,21,Male,Electronics,6,5.27,63.5,41.3,48.2,36.5,53.7,1.2,20,4,6,41.2,0,43.1,High,44.92,2,40.48,52.29
STU00385,19,Female,Mechanical,4,6.22,75.0,70.0,59.2,48.2,53.5,1.1,16,3,4,52.8,3,49.3,High,57.72,1,47.62,63.61
STU00386,21,Female,Mechanical,6,6.93,88.2,61.5,56.3,65.5,72.2,4.7,7,0,1,68.7,0,63.5,Medium,63.88,0,80.98,71.86
STU00387,19,Female,Computer Science,4,7.51,85.5,74.5,77.3,61.4,88.2,4.6,8,1,1,76.7,0,75.8,Low,75.35,0,80.68,77.8
STU00388,20,Female,Electrical,6,6.5,66.3,50.3,58.7,54.3,69.0,2.4,19,4,2,51.6,1,59.8,Medium,58.08,1,50.64,62.56
STU00389,20,Female,Electrical,3,6.99,77.1,70.3,63.2,52.8,64.9,3.5,16,2,3,58.5,0,56.1,Medium,62.8,1,64.9,68.86
STU00390,21,Male,Civil,5,4.94,73.4,61.1,47.2,42.1,70.1,2.5,17,1,1,60.8,0,57.2,Medium,55.12,1,63.82,57.69
STU00391,21,Female,Management,7,4.12,76.7,38.3,35.0,39.2,42.5,0.2,25,1,2,45.3,2,25.6,High,38.75,1,46.12,49.1
STU00392,21,Female,Computer Science,8,6.38,64.8,64.1,49.2,56.7,48.6,1.6,21,3,3,35.3,2,50.7,Medium,54.65,2,43.12,60.39
STU00393,20,Male,Computer Science,4,6.34,76.2,59.9,50.1,60.1,53.0,2.3,15,1,3,64.4,2,57.5,Medium,55.78,1,64.26,63.55
STU00394,20,Female,Computer Science,5,7.71,88.7,72.4,75.6,71.5,77.1,4.2,8,0,1,56.1,1,79.4,Low,74.15,0,73.44,78.82
STU00395,20,Male,Civil,5,7.95,99.7,88.8,65.1,71.2,79.6,4.7,0,0,0,59.5,0,87.4,Low,76.17,0,77.3,83.22
STU00396,21,Female,Computer Science,8,5.85,72.5,63.7,62.1,50.5,66.6,3.4,17,3,4,56.1,0,69.7,Low,60.72,1,60.44,62.89
STU00397,21,Female,Management,8,7.33,80.8,86.3,75.0,69.0,88.3,5.4,13,1,3,70.7,0,92.4,Low,79.65,0,82.28,77.72
STU00398,20,Female,Mechanical,6,6.71,65.6,58.4,58.0,64.5,64.8,1.5,19,3,3,41.4,0,56.9,Medium,61.42,1,45.06,64.45
STU00399,21,Female,Electrical,7,6.85,67.1,65.8,68.0,67.4,57.9,2.4,21,1,3,41.3,0,66.2,Low,64.78,1,55.52,66.66
STU00400,19,Male,Electronics,2,5.84,76.1,63.2,55.1,54.8,78.0,3.3,15,2,1,64.8,2,56.1,Medium,62.78,1,66.42,64.57
STU00401,22,Male,Civil,7,7.95,91.5,58.7,70.5,69.5,70.8,5.4,6,2,3,62.9,0,67.5,Low,67.38,0,76.16,77.65
STU00402,21,Female,Electronics,7,7.16,69.9,60.3,75.4,59.9,63.6,3.2,20,3,4,43.2,0,52.7,Medium,64.8,1,54.28,68.46
STU00403,21,Male,Mechanical,7,7.75,71.5,66.7,69.5,67.4,69.5,2.7,16,1,1,68.3,0,75.3,Low,68.28,1,67.82,72.31
STU00404,20,Male,Electrical,6,6.13,66.1,63.3,35.0,37.4,49.2,1.2,19,2,4,42.2,0,46.5,High,46.22,1,46.88,56.47
STU00405,22,Female,Computer Science,8,7.27,68.7,59.5,65.5,75.8,72.6,2.8,18,2,1,64.2,1,71.0,Low,68.35,1,63.68,69.96
STU00406,21,Male,Management,6,6.33,87.3,78.0,61.3,59.2,60.6,3.0,8,1,1,64.5,0,67.9,Low,64.78,0,67.8,69.89
STU00407,21,Male,Civil,7,7.09,69.6,60.9,61.9,53.3,64.0,2.3,18,1,2,57.8,0,58.0,Medium,60.02,1,61.62,66.22
STU00408,19,Male,Electrical,3,8.08,79.7,73.9,53.6,68.3,84.1,2.8,13,1,3,48.9,0,73.1,Low,69.97,1,60.56,76.19
STU00409,20,Male,Computer Science,6,3.53,55.9,32.7,38.3,43.4,51.2,1.0,30,4,3,49.8,0,17.5,High,41.4,2,42.92,42.89
STU00410,21,Female,Computer Science,5,5.42,63.3,49.0,41.9,49.7,55.6,1.7,24,0,4,30.0,3,49.5,High,49.05,2,50.5,54.42
STU00411,21,Male,Computer Science,8,6.07,86.3,61.1,61.2,45.7,58.8,4.5,8,1,1,75.0,0,61.4,Medium,56.7,0,79.5,65.5
STU00412,21,Male,Civil,8,4.32,65.7,62.3,33.7,35.6,49.8,1.3,21,3,2,45.1,3,31.3,High,45.35,1,45.54,49.68
STU00413,21,Female,Computer Science,7,6.79,75.5,49.0,57.0,57.7,51.4,0.6,14,2,3,65.5,1,59.1,Medium,53.78,1,53.2,64.15
STU00414,20,Male,Management,3,8.48,79.5,78.0,56.3,70.7,82.1,2.8,13,1,0,61.5,0,70.9,Low,71.78,1,65.6,78.27
STU00415,20,Female,Management,5,5.9,62.5,61.2,51.5,51.4,53.3,1.1,23,3,3,48.7,0,52.6,Medium,54.35,2,45.98,58.02
STU00416,19,Male,Computer Science,2,6.67,64.6,68.8,51.5,41.8,58.2,3.3,22,2,1,32.4,1,47.2,High,55.08,2,53.46,61.52
STU00417,22,Male,Civil,8,8.35,97.4,79.7,76.0,88.4,82.8,5.3,2,0,2,90.3,0,88.1,Low,81.72,0,92.62,86.26
STU00418,19,Female,Computer Science,3,7.98,76.7,88.4,97.0,67.4,72.1,4.5,14,0,3,70.4,0,90.2,Low,81.22,1,80.66,79.6
STU00419,20,Female,Electronics,6,7.04,100.0,92.2,62.7,51.4,79.9,5.3,0,1,1,61.2,0,87.9,Low,71.55,0,77.98,78.26
STU00420,21,Female,Computer Science,5,8.52,74.5,78.9,72.8,61.7,90.8,2.2,14,0,4,60.8,0,84.7,Low,76.05,1,65.32,78.86
STU00421,22,Male,Electrical,8,7.87,72.1,63.2,53.6,54.1,68.6,2.4,18,2,1,57.0,0,60.1,Medium,59.88,1,58.8,69.52
STU00422,21,Male,Management,7,6.89,68.6,57.5,53.8,56.1,58.7,2.1,19,2,1,70.5,1,58.9,Medium,56.53,1,62.7,63.87
STU00423,21,Male,Computer Science,7,5.74,52.1,46.6,41.8,51.8,47.0,1.5,31,1,4,28.1,3,34.6,High,46.8,2,45.74,51.84
STU00424,20,Female,Computer Science,6,4.32,68.4,55.8,41.6,45.5,48.7,3.0,21,0,1,41.1,2,51.9,Medium,47.9,1,61.44,51.38
STU00425,19,Male,Electronics,2,5.11,75.9,59.8,65.1,62.9,80.9,2.8,16,1,2,49.7,0,62.2,Medium,67.18,1,60.88,63.73
STU00426,22,Female,Mechanical,8,7.5,82.7,63.6,74.6,58.1,86.3,3.7,10,0,2,76.6,0,74.9,Low,70.65,0,79.14,75.18
STU00427,18,Female,Computer Science,2,8.8,93.2,79.2,67.5,71.6,88.5,3.9,4,2,0,72.7,0,90.0,Low,76.7,0,72.58,84.78
STU00428,21,Male,Electrical,5,8.59,79.4,80.4,81.2,61.7,80.2,2.3,11,2,2,65.1,0,84.7,Low,75.88,1,61.54,80.27
STU00429,19,Male,Management,4,5.72,82.1,68.8,49.6,43.3,63.2,3.8,11,3,3,41.3,0,51.2,Medium,56.22,0,56.52,63.03
STU00430,19,Male,Electronics,4,7.84,76.9,64.5,55.0,47.5,68.6,3.1,13,4,2,76.0,0,54.5,Medium,58.9,1,63.9,70.22
STU00431,21,Female,Electrical,8,5.84,64.1,50.8,41.0,33.1,53.2,2.2,23,1,3,44.5,1,53.4,Medium,44.53,2,55.8,54.28
STU00432,19,Female,Civil,3,7.98,75.9,60.9,57.9,71.6,89.5,3.7,14,2,4,67.3,0,73.4,Low,69.97,1,69.42,74.9
STU00433,21,Female,Mechanical,6,5.86,68.0,58.9,67.2,44.1,64.5,3.0,20,1,3,59.5,0,72.6,Low,58.68,1,65.8,60.98
STU00434,19,Male,Electrical,3,5.64,84.4,59.1,43.1,30.8,58.6,3.7,10,0,2,74.8,0,60.5,Medium,47.9,0,78.42,60.0
STU00435,22,Male,Mechanical,8,8.79,82.8,80.2,83.7,58.6,76.5,4.5,10,1,1,78.9,0,91.6,Low,74.75,0,81.06,81.36
STU00436,22,Male,Mechanical,7,6.57,78.3,57.5,57.8,59.6,68.1,3.4,15,0,1,50.9,1,66.7,Low,60.75,1,67.36,66.87
STU00437,19,Male,Computer Science,4,7.06,91.6,60.4,57.5,70.0,44.6,3.1,5,3,2,50.1,0,69.0,Low,58.12,0,56.54,70.86
STU00438,19,Female,Civil,2,6.15,78.4,69.9,52.0,50.5,68.7,3.7,12,2,1,68.3,2,57.0,Medium,60.28,1,69.82,65.24
STU00439,19,Female,Computer Science,3,6.52,77.0,63.0,72.9,62.6,49.6,3.5,13,2,2,74.1,0,60.6,Medium,62.02,1,71.14,66.88
STU00440,19,Female,Computer Science,3,8.46,90.2,73.1,73.3,61.3,89.8,4.3,6,0,0,80.4,0,71.8,Low,74.38,0,83.66,81.91
STU00441,19,Female,Mechanical,4,6.6,81.7,74.2,58.9,69.9,57.9,3.4,13,0,1,45.7,0,74.1,Low,65.22,0,65.28,69.61
STU00442,22,Male,Electronics,8,6.96,84.0,73.0,73.1,58.9,65.9,4.0,10,0,2,81.9,0,68.7,Low,67.72,0,82.76,72.45
STU00443,19,Female,Computer Science,2,7.48,90.0,75.8,76.4,74.5,64.5,4.6,6,1,0,69.1,0,79.4,Low,72.8,0,77.64,77.8
STU00444,20,Female,Computer Science,6,8.27,95.7,73.6,67.5,75.5,90.4,4.3,3,1,2,74.7,0,83.9,Low,76.75,0,78.38,83.57
STU00445,20,Male,Management,4,5.82,78.0,66.1,58.6,40.6,65.4,2.9,13,2,1,41.0,0,58.8,Medium,57.68,1,54.9,62.94
STU00446,19,Male,Mechanical,2,6.25,89.4,69.3,40.2,41.5,81.9,4.5,6,0,0,80.0,0,65.9,Low,58.22,0,84.5,67.52
STU00447,20,Female,Electronics,6,8.49,97.2,86.9,80.7,80.6,99.5,5.5,2,0,1,90.8,0,77.8,Low,86.93,0,93.82,88.78
STU00448,21,Female,Electrical,6,6.93,81.2,64.1,61.8,41.1,74.1,2.3,11,1,2,54.0,0,62.8,Medium,60.28,0,60.1,68.66
STU00449,22,Male,Electrical,8,6.97,77.6,67.8,75.1,74.2,64.3,2.9,14,3,3,73.9,0,78.8,Low,70.35,1,65.06,71.94
STU00450,21,Female,Computer Science,5,8.18,88.4,75.0,65.0,58.9,80.5,3.9,7,1,0,77.8,0,70.0,Low,69.85,0,77.62,78.67
STU00451,19,Female,Mechanical,4,7.63,89.0,69.1,58.5,65.8,81.1,2.9,7,0,2,74.3,0,67.3,Low,68.62,0,74.22,76.4
STU00452,21,Female,Electronics,7,7.57,81.4,64.2,69.1,54.6,75.2,5.3,11,1,2,64.0,0,84.7,Low,65.78,0,79.1,73.16
STU00453,20,Male,Mechanical,3,8.86,86.0,72.1,91.0,86.1,78.8,4.9,8,1,1,62.2,0,88.6,Low,82.0,0,76.38,85.31
STU00454,20,Male,Civil,6,9.59,97.0,84.4,86.1,93.1,88.6,5.2,2,1,0,91.9,0,91.3,Low,88.05,0,89.76,93.04
STU00455,22,Female,Computer Science,8,7.54,78.0,73.3,58.2,59.4,71.6,3.3,13,1,2,64.4,0,72.8,Low,65.62,1,69.26,72.14
STU00456,18,Male,Mechanical,2,7.08,70.9,48.4,68.3,58.8,55.1,2.1,17,2,2,42.1,0,54.6,Medium,57.65,1,51.34,65.56
STU00457,22,Male,Electronics,8,8.35,80.7,72.8,74.9,85.5,73.2,2.9,11,1,4,69.0,0,72.5,Low,76.6,0,69.1,80.04
STU00458,20,Female,Mechanical,3,6.84,81.3,62.8,55.8,44.4,67.5,2.6,12,0,2,63.7,1,52.7,Medium,57.62,0,68.48,67.32
STU00459,21,Male,Computer Science,5,7.47,73.3,73.7,70.1,58.4,74.6,2.3,17,2,1,68.4,0,75.2,Low,69.2,1,62.86,72.15
STU00460,20,Male,Electrical,3,6.81,84.7,84.4,65.3,68.3,74.7,4.3,10,3,2,87.7,0,65.6,Low,73.18,0,77.58,74.28
STU00461,20,Female,Mechanical,3,8.23,76.7,75.3,64.0,72.1,75.0,4.4,5,0,0,79.8,1,80.2,Low,71.6,1,83.92,76.62
STU00462,20,Male,Computer Science,6,6.29,83.0,79.5,56.6,51.6,65.7,4.0,10,1,2,57.7,0,72.8,Low,63.35,0,70.08,68.1
STU00463,21,Female,Electrical,5,5.15,72.1,54.5,52.9,29.8,48.7,2.1,18,1,4,45.9,0,39.5,High,46.48,1,55.86,54.64
STU00464,20,Male,Computer Science,5,5.01,72.3,60.0,59.0,45.4,55.4,1.4,19,1,1,66.5,2,32.4,High,54.95,1,60.6,57.59
STU00465,20,Male,Mechanical,5,6.18,80.0,50.0,40.9,36.8,65.7,2.4,11,3,1,47.8,0,67.1,Low,48.35,0,52.12,60.97
STU00466,21,Male,Mechanical,7,6.79,61.9,57.2,64.4,67.9,74.3,2.0,22,4,1,47.3,0,50.1,Medium,65.95,2,46.92,65.62
STU00467,21,Male,Computer Science,8,6.83,83.8,74.4,59.2,49.4,61.1,3.6,9,0,1,60.3,0,65.4,Low,61.03,0,72.12,69.26
STU00468,21,Male,Computer Science,5,9.77,87.6,77.8,83.2,75.3,92.8,3.7,8,1,1,70.2,0,89.5,Low,82.28,0,73.58,89.0
STU00469,19,Female,Computer Science,3,9.01,100.0,74.0,99.6,86.1,94.2,5.5,0,0,0,89.3,0,100.0,Low,88.48,0,93.22,91.92
STU00470,20,Female,Civil,4,7.0,83.0,69.0,55.6,58.2,57.6,3.3,11,1,1,70.2,0,55.3,Medium,60.1,0,71.58,69.29
STU00471,20,Male,Civil,5,7.59,83.7,72.1,66.8,59.2,74.1,2.6,11,1,3,67.6,0,71.7,Low,68.05,0,67.04,74.71
STU00472,18,Male,Computer Science,2,6.33,77.8,73.8,53.8,69.5,65.0,3.0,14,0,0,45.4,0,69.9,Low,65.53,1,63.16,67.82
STU00473,20,Female,Computer Science,3,7.52,75.4,61.0,60.1,59.8,66.7,3.5,17,1,1,70.9,0,74.8,Low,61.9,1,72.86,69.93
STU00474,20,Male,Management,3,6.5,70.8,55.9,61.7,56.4,71.0,1.9,19,4,1,61.5,0,68.2,Low,61.25,1,52.1,64.95
STU00475,22,Male,Computer Science,8,6.68,71.9,51.2,54.7,64.0,76.7,1.0,17,1,4,49.0,0,61.1,Medium,61.65,1,51.6,66.02
STU00476,19,Male,Electronics,4,5.69,68.2,53.0,65.9,62.2,69.4,2.8,21,0,5,60.9,1,66.5,Low,62.63,1,68.36,62.02
STU00477,22,Male,Civil,8,8.58,83.4,93.0,67.0,85.7,77.5,4.5,9,1,2,72.6,0,69.1,Low,80.8,0,78.54,83.2
STU00478,21,Female,Computer Science,5,5.67,50.4,31.6,44.0,39.6,49.3,0.3,27,2,5,40.2,1,35.0,High,41.12,2,41.58,48.9
STU00479,21,Male,Management,5,6.89,69.1,53.1,59.7,47.8,79.5,1.9,19,2,4,57.8,0,43.0,High,60.03,1,56.62,65.4
STU00480,21,Female,Computer Science,8,9.12,89.2,85.0,98.0,80.7,79.4,4.0,7,0,1,80.1,0,100.0,Low,85.78,0,82.04,88.53
STU00481,20,Male,Electrical,6,7.06,76.3,80.2,56.9,50.6,77.2,3.1,16,0,1,50.0,0,71.7,Low,66.22,1,65.5,70.27
STU00482,19,Male,Electronics,3,8.05,85.7,78.4,78.5,69.8,67.4,2.9,9,2,5,59.4,0,90.2,Low,73.53,0,62.26,79.01
STU00483,19,Female,Computer Science,3,6.42,68.6,75.3,80.7,60.1,56.1,1.7,18,1,3,44.2,1,58.1,Medium,68.05,1,53.18,66.84
STU00484,21,Male,Electronics,6,7.87,100.0,79.5,64.8,75.4,86.8,5.5,0,0,1,69.3,0,80.4,Low,76.62,0,85.22,83.2
STU00485,19,Female,Management,2,7.29,81.8,60.2,57.4,70.8,59.7,3.7,12,2,1,77.2,0,75.8,Low,62.02,0,73.38,70.78
STU00486,20,Female,Mechanical,3,6.26,71.9,57.7,74.2,39.2,60.7,3.5,19,4,1,57.4,0,58.2,Medium,57.95,1,58.46,63.07
STU00487,18,Female,Computer Science,2,6.19,65.8,58.4,52.4,50.1,71.1,2.6,22,4,2,50.2,0,60.9,Medium,58.0,1,51.08,61.32
STU00488,20,Male,Management,6,6.55,82.4,69.4,67.3,68.8,64.8,4.2,10,1,2,53.6,0,78.5,Low,67.58,0,69.44,70.56
STU00489,20,Male,Computer Science,5,6.5,59.7,52.5,46.7,24.2,69.5,1.7,24,1,3,35.2,0,47.5,High,48.22,2,49.58,56.96
STU00490,19,Male,Computer Science,2,7.17,75.8,70.4,78.6,68.8,53.0,2.3,16,3,1,45.8,0,66.7,Low,67.7,1,50.82,71.12
STU00491,21,Female,Computer Science,7,8.77,93.6,76.6,65.3,98.9,89.6,4.1,4,0,2,70.6,0,86.7,Low,82.6,0,78.74,87.14
STU00492,21,Female,Electrical,6,7.23,76.7,59.7,73.7,69.1,58.8,4.1,16,2,3,32.6,1,67.5,Low,65.32,1,57.54,70.61
STU00493,21,Male,Computer Science,7,6.41,53.2,47.9,42.0,54.8,58.1,1.8,31,3,6,59.5,0,48.1,High,50.7,2,53.8,56.02
STU00494,19,Male,Computer Science,3,6.86,92.0,70.8,54.0,63.2,72.8,4.3,5,3,3,65.1,0,77.1,Low,65.2,0,68.54,73.09
STU00495,21,Male,Management,8,6.27,76.7,65.0,61.8,58.5,64.3,2.6,19,1,5,63.0,0,51.4,Medium,62.4,1,65.2,66.08
STU00496,20,Male,Mechanical,3,6.9,65.8,68.0,61.4,76.2,62.2,0.8,20,4,1,52.5,1,45.5,High,66.95,1,43.0,67.38
STU00497,20,Male,Electronics,5,4.97,62.5,61.7,36.9,34.7,43.3,2.5,21,0,4,48.3,2,40.2,High,44.15,2,61.82,50.68
STU00498,21,Female,Mechanical,5,7.43,89.4,60.6,56.4,68.8,80.3,3.1,7,0,2,68.2,0,66.4,Low,66.53,0,72.78,74.96
STU00499,19,Female,Computer Science,3,5.15,68.2,53.1,35.8,41.1,46.4,2.6,18,2,2,52.0,1,41.0,High,44.1,1,57.8,52.72
STU00500,19,Male,Mechanical,4,5.66,84.7,67.3,49.7,63.3,60.5,4.3,8,4,1,85.4,1,70.4,Low,60.2,0,73.66,65.06
STU00501,19,Male,Electronics,2,8.8,99.2,74.6,74.8,90.1,85.1,4.9,1,0,0,72.0,0,95.2,Low,81.15,0,83.3,88.06
STU00502,21,Male,Civil,5,8.29,87.3,79.2,80.2,78.0,78.4,5.9,8,0,0,86.7,1,94.2,Low,78.95,0,94.18,82.42
STU00503,21,Male,Electrical,6,6.92,96.0,89.8,62.7,62.9,84.3,5.2,2,1,0,72.7,1,82.3,Low,74.92,0,82.08,78.19
STU00504,20,Female,Electronics,4,5.56,80.0,54.5,28.5,42.1,56.9,3.0,12,3,1,47.7,1,62.3,Medium,45.5,0,55.08,57.66
STU00505,20,Male,Computer Science,5,4.17,71.7,37.5,31.4,32.3,45.8,1.4,17,2,3,30.5,4,24.0,High,36.75,1,43.2,47.22
STU00506,21,Other,Electronics,8,6.33,77.1,67.7,66.9,52.4,70.1,3.9,15,2,1,48.6,1,69.5,Low,64.28,1,62.94,67.14
STU00507,20,Female,Electrical,3,9.11,81.2,88.3,82.5,88.3,90.5,4.1,13,0,1,71.5,0,90.8,Low,87.4,0,79.1,87.14
STU00508,20,Male,Electrical,4,7.84,82.4,68.1,57.0,64.2,68.3,3.0,10,0,1,54.3,0,66.3,Low,64.4,0,66.72,73.8
STU00509,19,Female,Electrical,2,6.3,56.2,58.0,59.0,40.0,48.2,2.8,25,2,5,53.4,1,44.5,High,51.3,2,59.36,56.62
STU00510,20,Female,Management,5,8.1,91.2,56.4,57.8,69.0,68.2,3.4,6,0,0,81.3,0,75.6,Low,62.85,0,79.52,76.29
STU00511,19,Other,Electrical,3,5.68,56.7,53.0,39.9,26.3,60.1,2.0,26,2,3,40.3,2,46.6,High,44.82,2,50.12,51.98
STU00512,22,Male,Management,7,5.74,66.6,60.6,55.4,50.2,64.2,1.3,21,1,2,54.9,3,49.5,High,57.6,1,55.46,59.78
STU00513,20,Other,Civil,4,7.27,82.8,75.8,73.6,68.1,68.5,4.0,9,1,2,73.8,1,67.8,Low,71.5,0,76.52,74.74
STU00514,21,Male,Computer Science,6,6.89,75.6,51.3,65.1,59.8,67.0,2.3,15,2,0,60.8,0,58.7,Medium,60.8,1,59.82,67.33
STU00515,20,Male,Mechanical,3,6.55,58.0,57.4,63.0,63.5,61.3,2.2,26,3,5,47.5,0,51.6,Medium,61.3,2,51.0,61.94
STU00516,19,Female,Computer Science,4,6.42,76.0,65.8,66.1,51.7,67.9,2.8,14,0,2,33.0,0,59.4,Medium,62.87,1,57.2,66.62
STU00517,19,Male,Computer Science,3,7.09,54.7,59.9,54.3,72.2,69.0,2.6,27,2,2,54.1,0,70.8,Low,63.85,2,58.64,64.03
STU00518,21,Male,Electronics,5,5.75,58.6,54.9,63.2,41.1,55.6,2.7,24,3,2,52.9,0,51.7,Medium,53.7,2,55.66,56.26
STU00519,19,Male,Electronics,2,7.71,81.7,73.2,48.9,78.2,83.8,3.1,12,1,4,85.6,0,75.7,Low,71.03,0,76.74,75.82
STU00520,18,Male,Civil,2,8.69,82.0,78.0,91.6,91.1,90.2,4.0,11,0,1,59.5,0,85.6,Low,87.72,0,73.8,86.0
STU00521,20,Male,Electronics,5,7.33,88.8,73.4,50.2,40.0,60.1,3.0,7,2,1,75.3,0,65.0,Low,55.92,0,69.12,70.23
STU00522,21,Male,Computer Science,5,5.44,69.1,53.9,59.3,48.8,59.1,2.7,17,2,3,56.3,1,54.4,Medium,55.28,1,60.02,58.42
STU00523,20,Female,Management,4,9.18,100.0,83.6,92.7,76.4,100.0,3.5,0,0,4,86.6,0,97.2,Low,88.18,0,82.14,92.4
STU00524,21,Female,Mechanical,5,6.89,79.8,70.3,67.4,62.2,74.4,3.5,13,2,4,57.2,0,76.3,Low,68.57,1,64.38,71.49
STU00525,20,Male,Computer Science,4,8.25,78.2,85.3,80.7,70.4,91.8,4.6,15,0,0,71.5,0,78.4,Low,82.05,1,81.6,81.24
STU00526,21,Female,Computer Science,7,5.89,72.0,68.9,69.5,49.5,77.1,4.6,18,2,1,61.9,1,65.8,Low,66.25,1,71.76,65.11
STU00527,20,Female,Computer Science,5,9.09,91.8,90.7,69.8,80.8,87.8,3.8,6,0,1,77.6,0,93.8,Low,82.28,0,80.04,87.68
STU00528,22,Female,Management,7,6.52,76.9,69.2,54.5,58.6,56.2,3.1,13,0,3,64.4,0,79.6,Low,59.62,1,71.26,65.9
STU00529,20,Female,Computer Science,3,7.97,91.3,77.4,72.9,66.8,68.7,3.7,6,1,1,74.5,1,61.4,Medium,71.45,0,75.3,79.3
STU00530,19,Female,Management,3,8.55,61.4,63.6,65.7,77.3,71.3,1.2,22,2,3,39.9,0,61.2,Medium,69.48,2,45.96,73.06
STU00531,20,Male,Computer Science,4,5.84,78.2,65.7,54.3,41.5,57.2,2.4,15,2,2,54.6,1,42.1,High,54.68,1,57.84,61.86
STU00532,19,Female,Electrical,2,6.33,68.3,60.1,60.6,46.4,57.9,2.3,22,1,3,54.5,0,57.8,Medium,56.25,1,60.3,61.73
STU00533,21,Female,Computer Science,6,6.82,82.5,62.3,72.0,54.2,77.5,3.6,11,0,2,65.4,1,69.6,Low,66.5,0,74.16,71.1
STU00534,20,Female,Mechanical,4,6.96,99.5,81.7,66.9,71.7,81.5,3.6,0,0,3,69.9,0,91.5,Low,75.45,0,75.96,79.41
STU00535,20,Male,Electronics,4,4.22,56.9,47.4,42.2,30.7,50.3,1.6,25,2,3,30.0,1,34.1,High,42.65,2,44.0,46.06
STU00536,21,Female,Electronics,5,8.12,97.8,90.8,62.9,63.7,90.8,4.7,1,0,3,86.2,0,85.5,Low,77.05,0,87.98,83.69
STU00537,19,Female,Management,2,6.12,70.4,46.8,38.0,52.1,67.5,2.0,17,2,5,45.7,1,52.7,Medium,51.1,1,52.28,59.46
STU00538,19,Male,Civil,4,7.02,71.0,71.4,61.5,91.8,70.0,2.9,19,1,0,68.6,0,72.3,Low,73.68,1,68.94,71.79
STU00539,21,Female,Computer Science,8,4.31,62.3,42.6,35.3,29.1,56.9,2.0,23,1,0,41.2,5,28.1,High,40.98,2,53.48,47.05
STU00540,21,Female,Electrical,6,6.33,76.7,58.8,47.0,43.4,53.3,2.4,15,3,5,50.9,1,58.5,Medium,50.62,1,53.36,61.58
STU00541,21,Female,Computer Science,6,5.05,39.2,34.4,40.5,27.6,47.5,0.2,40,3,4,39.8,2,35.3,High,37.5,2,37.92,42.47
STU00542,21,Male,Management,5,6.06,77.9,63.6,56.3,59.9,69.2,4.2,15,1,1,66.2,1,64.1,Medium,62.25,1,74.48,65.59
STU00543,21,Female,Electronics,5,7.59,83.1,74.8,76.8,58.6,73.1,4.2,9,1,1,80.0,0,84.4,Low,70.82,0,80.0,75.67
STU00544,22,Female,Computer Science,8,7.55,87.8,64.8,69.5,72.2,71.1,3.2,8,1,1,49.5,0,81.9,Low,69.4,0,62.8,76.14
STU00545,21,Male,Computer Science,8,6.87,66.9,71.2,49.0,42.2,55.7,1.9,21,0,1,58.6,1,54.8,Medium,54.53,1,62.94,62.58
STU00546,20,Female,Computer Science,4,7.12,82.4,53.6,67.3,59.4,66.3,4.3,10,1,4,49.1,0,67.0,Low,61.65,0,68.14,70.18
STU00547,22,Male,Management,8,7.16,73.4,71.2,57.1,67.7,58.2,3.0,15,0,1,59.8,0,71.5,Low,63.55,1,68.92,68.83
STU00548,19,Female,Electronics,2,6.36,84.1,52.1,62.8,60.2,68.9,3.5,10,1,1,60.0,0,56.5,Medium,61.0,0,68.5,67.68
STU00549,19,Female,Computer Science,4,6.82,51.1,51.0,52.0,63.3,57.7,0.6,29,3,5,39.1,1,50.1,Medium,56.0,2,39.64,59.04
STU00550,19,Female,Electrical,4,6.94,79.3,68.3,75.0,66.6,72.9,2.8,14,2,4,45.2,0,66.8,Low,70.7,1,56.08,72.4
STU00551,20,Female,Computer Science,6,7.81,66.6,74.1,71.9,73.9,62.8,2.9,22,1,1,45.2,2,62.6,Medium,70.68,1,59.58,72.26
STU00552,20,Male,Computer Science,6,6.44,80.9,62.5,57.1,54.7,68.5,2.5,13,1,1,42.5,0,67.9,Low,60.7,0,56.5,67.04
STU00553,21,Female,Civil,5,6.9,85.1,65.0,60.8,57.5,72.8,4.5,10,2,1,69.5,0,64.3,Medium,64.03,0,74.3,71.04
STU00554,20,Male,Computer Science,3,8.99,83.4,85.6,100.0,81.1,83.0,2.9,11,1,1,77.0,0,78.4,Low,87.42,0,72.3,87.28
STU00555,21,Male,Electrical,5,6.8,76.7,67.6,47.9,68.3,66.7,2.1,15,1,2,59.5,0,45.3,High,62.62,1,61.3,68.02
STU00556,19,Male,Mechanical,3,6.89,76.7,73.6,53.3,60.2,67.9,2.9,14,1,3,41.1,0,52.4,Medium,63.75,1,57.94,68.79
STU00557,20,Female,Computer Science,5,6.98,88.6,55.1,51.7,58.7,47.5,1.9,7,3,1,77.5,0,52.7,Medium,53.25,0,61.5,67.88
STU00558,20,Female,Mechanical,4,5.77,75.0,54.7,40.8,45.1,52.1,2.6,15,3,1,73.0,1,51.0,Medium,48.18,1,63.2,58.22
STU00559,21,Male,Computer Science,8,5.11,79.4,37.5,38.3,49.6,70.7,2.6,11,0,2,38.8,2,51.3,Medium,49.03,1,58.52,57.35
STU00560,22,Male,Mechanical,7,5.84,61.4,48.1,51.0,36.1,64.7,1.4,26,1,0,56.4,0,48.4,High,49.97,2,56.56,55.78
STU00561,19,Male,Mechanical,3,6.68,77.7,60.4,65.0,55.8,63.2,2.9,15,2,1,53.8,0,68.9,Low,61.1,1,60.02,67.24
STU00562,22,Male,Electrical,8,6.91,52.7,63.1,44.5,55.7,63.2,1.8,31,3,3,52.4,0,56.3,Medium,56.62,2,50.96,60.01
STU00563,21,Male,Mechanical,6,6.63,78.3,66.1,60.7,58.6,76.0,3.8,13,0,2,79.5,0,65.9,Low,65.35,1,80.8,68.92
STU00564,20,Female,Electrical,4,5.86,82.3,54.8,45.4,46.4,70.2,4.1,12,2,3,42.3,0,50.6,Medium,54.2,0,61.42,62.76
STU00565,21,Female,Computer Science,5,9.0,96.1,83.8,68.1,80.2,79.5,4.0,3,0,1,65.6,0,95.8,Low,77.9,0,76.24,86.68
STU00566,20,Female,Management,3,7.96,92.2,71.2,80.5,73.2,73.0,4.3,5,1,2,67.7,0,77.9,Low,74.47,0,75.58,80.7
STU00567,19,Male,Computer Science,2,6.65,89.8,58.6,59.8,72.1,70.0,3.8,7,0,3,100.0,0,86.2,Low,65.12,0,89.0,71.78
STU00568,20,Male,Electrical,4,5.72,67.0,48.7,39.4,31.5,53.1,1.6,20,1,3,54.0,0,42.6,High,43.18,1,56.6,54.04
STU00569,22,Male,Mechanical,7,6.35,73.4,67.1,73.0,77.2,65.9,3.0,17,0,2,64.2,1,68.1,Low,70.8,1,70.68,68.9
STU00570,20,Female,Computer Science,4,6.89,62.5,62.5,68.1,52.4,63.7,2.3,24,4,4,58.5,0,46.6,High,61.68,2,52.9,64.41
STU00571,20,Female,Electronics,4,5.88,59.6,48.1,45.3,50.2,49.7,1.6,25,1,2,55.1,1,29.2,High,48.32,2,57.04,54.81
STU00572,21,Female,Management,8,6.71,71.6,77.0,59.7,60.6,74.2,4.2,18,0,3,74.6,0,70.1,Low,67.88,1,80.84,68.54
STU00573,21,Male,Electrical,8,7.02,91.4,84.5,69.6,71.8,91.7,4.4,6,0,1,75.3,0,86.7,Low,79.4,0,82.12,79.18
STU00574,20,Female,Civil,5,5.27,63.2,58.9,41.8,36.0,47.7,0.9,22,1,3,38.4,0,41.9,High,46.1,2,46.86,52.68
STU00575,19,Female,Electronics,2,7.36,70.1,65.7,61.4,50.8,69.2,3.3,17,0,3,58.7,1,69.0,Low,61.77,1,69.98,68.0
STU00576,20,Male,Mechanical,6,6.11,67.7,45.7,52.1,46.6,48.3,2.9,20,0,0,60.8,0,44.2,High,48.18,1,68.82,57.58
STU00577,22,Female,Computer Science,7,8.71,92.6,72.0,78.6,57.2,88.3,4.9,5,0,0,83.4,0,98.0,Low,74.03,0,87.86,83.24
STU00578,22,Female,Civil,8,6.89,73.0,56.3,66.7,58.8,75.5,2.6,19,2,3,45.8,0,62.8,Medium,64.32,1,55.32,68.1
STU00579,22,Male,Computer Science,8,6.09,53.9,45.7,47.6,56.9,50.8,0.9,31,1,3,42.2,2,56.9,Medium,50.25,2,48.38,54.89
STU00580,20,Female,Electrical,6,8.25,78.6,72.9,73.5,63.0,68.8,2.9,15,2,3,56.1,1,71.9,Low,69.55,1,60.94,76.34
STU00581,19,Female,Civil,2,3.57,51.0,46.7,30.3,16.1,42.7,0.7,29,3,4,36.6,5,10.1,High,33.95,2,39.14,38.83
STU00582,20,Female,Electronics,3,5.59,70.3,55.1,33.0,56.4,54.5,1.2,18,3,2,53.5,0,41.2,High,49.75,1,48.4,57.04
STU00583,22,Male,Civil,7,6.75,85.0,64.1,45.4,72.0,76.6,2.5,9,1,2,57.3,0,67.1,Low,64.53,0,62.42,70.68
STU00584,21,Male,Electronics,6,5.21,82.8,66.8,50.1,48.5,53.6,4.3,10,1,1,53.7,0,52.1,Medium,54.75,0,69.98,60.84
STU00585,20,Female,Computer Science,5,8.06,94.0,65.0,76.6,78.4,80.3,3.6,3,0,2,54.2,0,78.7,Low,75.08,0,69.68,81.74
STU00586,19,Male,Computer Science,4,9.27,82.6,87.0,90.6,95.1,97.1,3.8,12,0,2,69.2,0,83.7,Low,92.45,0,76.68,90.07
STU00587,21,Male,Computer Science,6,5.04,87.8,68.9,59.8,48.7,66.4,1.8,7,2,1,74.5,1,49.6,High,60.95,0,62.8,63.97
STU00588,20,Male,Computer Science,4,5.51,69.6,61.5,53.4,46.8,58.6,2.3,20,2,1,50.7,0,51.0,Medium,55.08,1,55.78,58.72
STU00589,19,Male,Civil,3,6.5,86.8,78.2,73.1,61.1,60.7,3.2,8,0,3,42.9,1,56.2,Medium,68.28,0,63.16,71.76
STU00590,21,Female,Civil,8,8.95,88.7,87.1,73.3,68.2,79.6,2.8,7,3,4,71.1,0,84.4,Low,77.05,0,63.44,84.32
STU00591,19,Female,Electronics,4,5.4,77.2,59.0,48.3,51.1,65.4,3.0,14,3,2,67.0,0,55.1,Medium,55.95,1,62.8,60.58
STU00592,20,Male,Management,3,7.92,99.8,78.5,61.4,67.0,69.3,3.6,0,0,1,86.5,0,78.2,Low,69.05,0,82.6,80.29
STU00593,18,Female,Management,2,9.0,76.7,83.0,82.1,85.7,84.5,4.2,9,0,1,89.4,1,87.6,Low,83.82,1,86.76,84.2
STU00594,20,Male,Computer Science,5,5.59,72.7,59.8,43.6,44.8,63.0,2.1,16,3,1,57.0,0,42.5,High,52.8,1,54.3,58.86
STU00595,22,Male,Mechanical,8,5.57,65.3,50.8,57.9,35.3,65.4,1.9,21,6,3,54.5,1,37.0,High,52.35,1,43.3,56.76
STU00596,19,Male,Management,3,6.4,72.1,56.8,65.8,52.5,74.7,1.1,16,1,5,55.8,1,57.8,Medium,62.45,1,54.82,65.4
STU00597,19,Male,Computer Science,3,6.26,84.6,58.7,55.9,41.9,61.7,2.5,11,3,2,52.3,0,53.4,Medium,54.55,0,54.42,64.88
STU00598,19,Male,Electronics,3,7.86,74.4,63.3,73.6,65.5,65.8,3.7,14,2,2,63.8,0,75.6,Low,67.05,1,68.02,72.93
STU00599,18,Female,Management,2,6.92,78.4,57.2,54.9,50.2,65.1,2.4,15,3,1,59.2,0,64.7,Medium,56.85,1,56.68,66.56
STU00600,21,Male,Electrical,6,5.36,77.4,48.9,29.1,36.2,62.6,3.5,14,2,2,66.6,3,43.4,High,44.2,1,68.14,55.79
STU00601,19,Female,Electrical,4,7.54,86.1,79.0,65.5,51.6,85.4,4.2,10,0,1,59.5,0,94.4,Low,70.38,0,74.8,76.06
STU00602,21,Male,Management,7,7.03,70.2,59.8,60.5,48.4,58.6,2.4,17,1,1,59.7,2,60.6,Medium,56.82,1,62.88,64.88
STU00603,19,Female,Computer Science,4,8.26,87.8,79.7,81.9,81.9,74.7,4.2,7,1,2,70.1,0,84.0,Low,79.55,0,76.04,82.68
STU00604,21,Female,Civil,6,6.93,78.6,68.6,53.3,54.6,64.3,3.1,13,1,2,46.4,0,49.6,High,60.2,1,61.06,67.98
STU00605,18,Male,Electrical,2,6.16,77.7,59.6,64.7,63.7,64.8,2.5,13,2,0,56.8,0,55.5,Medium,63.2,1,59.22,66.26
STU00606,20,Female,Computer Science,4,7.39,59.2,56.4,57.5,53.9,62.0,1.9,24,2,3,58.4,0,72.8,Low,57.45,2,56.86,63.64
STU00607,20,Female,Computer Science,4,6.89,78.2,60.8,60.2,64.9,67.0,4.7,12,1,3,50.4,0,78.8,Low,63.22,1,70.66,68.96
STU00608,18,Male,Computer Science,2,7.2,81.6,76.4,72.3,72.6,62.4,3.0,13,2,2,62.2,0,67.6,Low,70.92,0,63.88,73.97
STU00609,20,Female,Electrical,4,5.03,65.2,60.7,42.4,41.1,62.7,3.5,22,3,3,57.2,1,45.3,High,51.72,1,61.38,54.6
STU00610,20,Female,Civil,5,7.06,77.7,75.5,72.9,65.6,70.4,3.0,13,1,2,63.8,1,76.7,Low,71.1,1,67.52,72.57
STU00611,20,Male,Management,4,4.97,55.9,52.0,23.2,54.8,40.0,0.2,30,4,2,18.5,1,34.3,High,42.5,2,26.4,48.37
STU00612,20,Female,Electronics,5,6.93,77.3,57.7,61.8,56.7,69.4,2.0,14,2,1,30.8,0,58.1,Medium,61.4,1,46.32,68.14
STU00613,22,Male,Civil,7,5.36,70.9,49.1,51.5,38.5,43.6,1.0,20,1,1,45.7,2,34.7,High,45.68,1,50.28,54.76
STU00614,22,Female,Computer Science,7,7.2,69.1,57.5,70.9,57.7,69.0,4.2,18,1,2,68.3,0,70.8,Low,63.78,1,75.32,67.99
STU00615,18,Female,Management,2,7.49,91.8,63.0,59.8,54.3,72.9,4.7,5,1,1,83.7,0,74.9,Low,62.5,0,83.98,74.17
STU00616,21,Other,Mechanical,6,5.65,81.2,57.2,53.6,54.7,69.1,2.2,12,2,2,51.8,0,57.9,Medium,58.65,0,55.72,63.54
STU00617,22,Female,Electrical,8,7.4,77.4,57.9,71.0,73.6,70.1,4.0,15,1,3,57.5,1,68.1,Low,68.15,1,70.0,72.51
STU00618,21,Female,Electronics,8,7.52,77.6,60.2,52.5,74.3,77.6,3.6,13,2,0,63.4,0,68.6,Low,66.15,1,67.36,72.18
STU00619,20,Male,Computer Science,4,7.0,86.6,67.8,57.9,59.6,65.0,3.7,8,0,0,85.6,2,70.5,Low,62.58,0,82.74,71.18
STU00620,22,Male,Computer Science,7,8.87,90.1,80.1,76.2,57.5,81.7,3.6,6,1,3,67.2,0,90.2,Low,73.88,0,71.88,83.12
STU00621,21,Female,Electrical,7,7.26,71.8,56.5,60.8,59.1,75.5,3.0,19,2,0,60.8,1,56.1,Medium,62.98,1,63.32,68.55
STU00622,19,Male,Computer Science,4,6.73,72.6,59.9,56.6,57.1,55.0,2.4,18,2,1,67.4,0,70.0,Low,57.15,1,62.96,64.56
STU00623,22,Female,Electrical,8,7.53,93.2,90.7,67.2,68.7,79.3,4.5,5,0,1,83.5,0,85.2,Low,76.48,0,85.9,80.24
STU00624,21,Male,Computer Science,6,5.52,78.4,51.0,46.7,63.7,69.2,3.1,14,1,4,61.5,1,57.4,Medium,57.65,1,67.1,61.98
STU00625,22,Male,Mechanical,7,6.74,81.1,72.7,69.6,60.9,58.9,2.2,13,1,2,46.0,0,60.4,Medium,65.53,0,56.4,70.08
STU00626,21,Male,Computer Science,7,6.39,68.1,63.6,61.0,57.7,66.2,3.3,18,4,1,56.4,2,40.6,High,62.12,1,57.06,64.24
STU00627,22,Female,Computer Science,7,6.1,80.8,74.9,68.0,48.3,63.7,4.6,11,3,2,68.9,0,59.1,Medium,63.72,0,71.56,67.04
STU00628,21,Male,Mechanical,8,7.54,82.2,82.1,66.5,63.5,71.3,2.7,12,0,1,56.4,0,90.5,Low,70.85,0,66.06,75.28
STU00629,22,Male,Electronics,8,5.65,57.5,49.4,49.5,40.5,53.9,2.0,24,3,1,57.1,1,43.1,High,48.32,2,53.84,53.48
STU00630,19,Other,Electronics,4,4.49,65.6,42.1,28.0,25.6,42.0,0.7,23,2,3,38.3,2,19.1,High,34.42,1,42.82,45.88
STU00631,20,Female,Mechanical,5,8.6,93.7,71.1,80.9,85.3,88.1,4.5,4,0,2,71.0,0,84.9,Low,81.35,0,80.9,86.06
STU00632,21,Female,Electronics,6,9.87,87.6,80.6,100.0,81.0,85.8,4.3,8,1,4,63.5,0,95.0,Low,86.85,0,73.9,91.18
STU00633,22,Male,Mechanical,7,6.6,69.2,59.9,62.8,65.4,78.4,2.5,20,4,3,56.4,0,53.3,Medium,66.62,1,53.06,67.05
STU00634,20,Male,Civil,4,4.93,54.5,43.5,29.2,23.5,41.5,0.4,31,2,4,41.8,1,32.7,High,34.42,2,42.72,44.65
STU00635,19,Female,Computer Science,4,7.58,80.3,69.5,57.1,55.8,69.3,2.6,11,0,4,49.2,1,61.0,Medium,62.92,0,62.68,71.78
STU00636,21,Male,Electronics,7,7.71,74.1,73.6,55.2,55.9,63.7,2.2,17,3,1,61.2,0,55.5,Medium,62.1,1,56.48,70.35
STU00637,22,Male,Computer Science,8,6.92,69.1,59.3,59.5,58.8,55.7,3.0,21,2,2,63.9,0,58.4,Medium,58.32,1,64.56,64.82
STU00638,21,Female,Computer Science,8,5.58,69.7,66.3,61.8,50.8,71.6,3.5,19,1,5,62.8,1,46.8,High,62.62,1,69.62,62.0
STU00639,20,Male,Computer Science,3,7.79,86.8,77.6,74.2,88.0,77.6,4.4,7,0,1,72.7,0,81.7,Low,79.35,0,81.08,80.7
STU00640,22,Female,Mechanical,8,8.4,80.6,65.8,53.9,64.3,70.6,4.8,13,1,0,66.9,0,72.2,Low,63.65,0,77.76,75.01
STU00641,22,Male,Computer Science,7,5.11,76.0,56.5,35.6,46.4,62.3,2.5,16,2,4,53.9,2,48.6,High,50.2,1,58.06,56.96
STU00642,19,Male,Management,3,8.21,73.8,70.9,84.2,66.9,79.3,3.5,17,0,1,49.4,0,75.6,Low,75.32,1,67.26,77.32
STU00643,19,Male,Electrical,2,8.8,77.1,73.0,78.0,90.7,74.8,3.0,15,1,1,61.2,0,82.9,Low,79.12,1,66.48,81.72
STU00644,20,Female,Computer Science,3,6.84,87.6,53.1,70.2,61.7,63.7,1.8,7,0,3,48.4,0,62.7,Medium,62.18,0,58.36,70.71
STU00645,22,Female,Mechanical,8,5.98,81.5,51.8,49.1,55.4,69.3,3.7,12,1,2,45.0,2,63.3,Medium,56.4,0,63.5,63.86
STU00646,21,Female,Computer Science,7,6.16,77.3,61.2,43.8,46.4,68.2,2.7,13,1,2,60.7,0,59.9,Medium,54.9,1,64.78,62.84
STU00647,21,Male,Computer Science,6,7.16,78.3,59.7,56.3,60.9,72.2,3.3,12,3,1,69.6,0,78.4,Low,62.28,1,65.34,69.54
STU00648,20,Female,Management,6,5.69,74.7,61.2,65.8,31.4,53.2,2.4,14,1,0,65.6,3,36.0,High,52.9,1,65.24,59.75
STU00649,20,Female,Electronics,4,6.44,68.7,43.7,47.8,54.7,52.7,1.3,21,1,1,46.5,0,67.6,Low,49.72,1,52.1,59.6
STU00650,22,Female,Computer Science,8,6.66,61.6,52.5,64.2,42.3,53.7,1.3,23,3,2,57.7,1,48.9,High,53.18,2,50.58,59.98
STU00651,20,Female,Electrical,3,8.87,92.7,90.1,88.1,81.5,83.2,4.9,5,0,1,89.1,0,99.1,Low,85.72,0,90.14,88.51
STU00652,19,Female,Management,4,6.08,79.3,54.7,58.9,52.8,63.2,3.0,11,2,4,48.2,0,67.8,Low,57.4,1,58.28,64.06
STU00653,19,Female,Mechanical,3,8.49,86.0,72.3,69.5,74.0,72.4,1.9,8,0,1,66.5,0,80.3,Low,72.05,0,66.1,80.04
STU00654,22,Male,Civil,7,5.68,70.6,47.4,38.0,40.0,54.3,0.8,19,0,3,42.7,0,46.9,High,44.92,1,51.08,55.5
STU00655,21,Female,Electrical,5,7.75,85.6,73.0,74.7,61.4,72.6,3.9,9,1,3,49.0,0,77.8,Low,70.42,0,66.1,76.69
STU00656,20,Male,Civil,6,7.76,100.0,82.4,82.5,69.4,84.0,3.7,0,2,1,63.5,0,86.1,Low,79.58,0,67.9,83.99
STU00657,22,Other,Mechanical,8,6.57,68.2,60.3,52.5,40.6,63.2,3.1,18,1,5,57.3,0,60.5,Medium,54.15,1,65.42,61.7
STU00658,19,Male,Electrical,3,7.06,88.3,61.8,68.8,56.6,61.7,2.9,7,1,2,45.0,0,68.4,Low,62.22,0,59.5,71.68
STU00659,21,Male,Mechanical,8,8.33,90.4,72.4,76.4,78.5,92.4,4.9,5,0,3,93.7,1,87.1,Low,79.93,0,91.98,83.72
STU00660,19,Male,Computer Science,2,5.44,51.1,52.4,67.3,28.5,50.0,2.2,30,4,2,49.8,0,39.4,High,49.55,2,48.92,51.64
STU00661,22,Female,Computer Science,7,6.34,97.9,60.8,55.5,66.8,58.2,3.0,1,1,1,74.8,0,63.3,Medium,60.32,0,71.92,70.8
STU00662,20,Male,Electronics,6,7.51,100.0,78.5,89.7,73.3,89.2,5.4,0,0,0,69.2,0,83.7,Low,82.68,0,84.68,84.35
STU00663,22,Female,Computer Science,7,4.9,50.8,42.2,31.9,41.2,41.3,0.3,32,2,6,38.2,3,19.6,High,39.15,2,40.78,45.51
STU00664,20,Female,Computer Science,3,6.98,72.1,59.5,57.6,51.3,65.5,2.9,19,1,1,65.7,1,59.7,Medium,58.47,1,67.78,65.84
STU00665,21,Male,Mechanical,8,6.89,65.0,62.7,66.3,57.0,54.2,2.2,22,0,1,60.8,1,59.2,Medium,60.05,1,65.32,64.38
STU00666,22,Female,Management,7,5.13,61.0,68.0,44.0,28.5,50.6,2.0,24,1,2,55.7,2,46.7,High,47.78,2,59.28,52.32
STU00667,19,Female,Computer Science,2,4.99,65.4,54.9,47.2,42.6,52.2,0.2,19,3,1,62.0,0,40.2,High,49.22,1,46.8,53.5
STU00668,21,Female,Computer Science,5,7.68,86.0,84.7,63.1,55.5,73.7,4.8,9,0,1,64.1,2,71.7,Low,69.25,0,79.64,76.08
STU00669,22,Male,Electrical,7,6.11,61.5,64.6,52.7,43.0,59.7,1.7,26,2,2,54.0,0,62.6,Medium,55.0,2,54.1,58.76
STU00670,20,Female,Electronics,5,3.73,65.2,39.7,23.7,19.6,43.1,2.1,23,3,1,28.0,3,13.0,High,31.52,1,42.7,41.96
STU00671,19,Male,Electrical,4,7.51,77.1,74.9,68.7,81.0,80.1,2.6,15,0,0,70.1,0,64.3,Medium,76.18,1,71.04,76.03
STU00672,19,Female,Mechanical,3,7.77,90.6,75.0,65.8,56.5,66.5,2.9,6,1,1,64.4,0,72.1,Low,65.95,0,67.26,76.22
STU00673,21,Female,Mechanical,5,5.71,58.2,58.4,44.6,49.4,38.0,1.9,23,2,2,32.4,0,45.5,High,47.6,2,46.46,53.58
STU00674,21,Male,Computer Science,8,5.57,56.0,44.8,45.4,21.2,57.0,1.1,24,1,4,37.1,1,35.3,High,42.1,2,47.34,50.34
STU00675,20,Male,Electronics,6,8.39,100.0,76.9,71.8,78.0,81.3,5.5,0,1,0,66.0,0,87.1,Low,77.0,0,80.9,85.16
STU00676,22,Female,Civil,7,6.89,78.1,54.3,45.4,75.7,63.0,2.9,15,2,3,56.6,0,71.7,Low,59.6,1,61.14,67.48
STU00677,21,Male,Computer Science,7,9.94,86.9,87.6,81.8,92.5,82.0,4.0,9,1,2,74.1,0,92.3,Low,85.98,0,76.64,90.9
STU00678,21,Male,Computer Science,7,7.22,78.7,58.9,81.7,47.0,59.7,2.6,12,1,2,54.7,0,59.3,Medium,61.82,1,61.88,69.68
STU00679,19,Male,Electronics,4,7.44,88.1,77.6,72.8,67.2,71.4,4.1,7,2,2,76.6,0,77.8,Low,72.25,0,75.14,76.96
STU00680,21,Female,Civil,7,7.33,91.3,85.9,61.9,61.0,74.9,4.0,5,0,1,59.6,0,73.1,Low,70.93,0,73.84,76.85
STU00681,20,Male,Mechanical,4,8.62,79.9,74.9,76.9,82.0,80.7,4.0,13,1,1,71.3,0,73.7,Low,78.62,1,75.52,81.6
STU00682,21,Male,Civil,6,7.19,62.8,69.4,60.2,61.0,60.4,0.8,25,3,2,51.0,0,57.7,Medium,62.75,2,45.4,65.96
STU00683,19,Female,Civil,4,8.32,68.9,68.7,71.6,58.5,52.8,2.6,20,0,2,53.9,0,81.6,Low,62.9,1,64.56,71.5
STU00684,21,Female,Computer Science,8,6.11,70.8,59.3,61.7,51.0,52.3,2.5,19,2,2,64.1,0,41.9,High,56.08,1,62.14,61.52
STU00685,22,Female,Management,7,6.84,81.8,61.2,57.7,48.1,70.9,2.5,12,0,1,49.0,0,50.0,Medium,59.48,0,62.1,68.18
STU00686,21,Female,Electrical,6,5.93,64.3,44.8,49.7,30.3,48.5,2.5,20,3,3,39.8,2,39.3,High,43.32,2,49.42,54.16
STU00687,21,Male,Computer Science,5,8.41,83.8,71.2,86.1,71.4,82.7,5.2,11,1,1,73.5,1,92.5,Low,77.85,0,82.4,81.53
STU00688,20,Male,Mechanical,5,8.55,86.2,59.4,76.9,74.2,68.5,3.5,8,0,3,55.1,0,71.2,Low,69.75,0,69.54,79.38
STU00689,22,Male,Electronics,7,6.49,87.6,67.1,65.9,63.2,78.7,4.7,7,0,1,57.4,0,80.4,Low,68.72,0,76.46,72.1
STU00690,20,Male,Management,3,7.09,95.3,89.7,66.6,69.9,75.8,4.4,3,0,2,88.4,0,82.1,Low,75.5,0,87.36,78.84
STU00691,22,Male,Electronics,7,7.58,70.8,56.4,59.6,60.6,58.9,3.2,20,1,3,52.5,2,72.6,Low,58.88,1,64.0,67.78
STU00692,20,Female,Electronics,3,7.29,76.9,58.7,51.5,46.7,60.4,3.6,13,0,1,55.8,0,61.3,Medium,54.32,1,70.32,66.47
STU00693,18,Male,Management,2,8.06,77.2,59.8,71.5,60.2,57.9,2.9,13,4,2,33.8,0,67.2,Low,62.35,1,46.02,72.45
STU00694,21,Male,Mechanical,7,4.78,65.3,46.6,51.5,34.8,60.4,2.4,23,1,1,53.0,4,43.6,High,48.32,1,60.2,52.39
STU00695,21,Female,Computer Science,6,6.55,68.4,57.9,54.4,57.7,49.9,2.5,21,1,1,51.9,0,55.1,Medium,54.98,1,60.26,62.02
STU00696,20,Male,Civil,4,6.89,65.8,48.1,53.1,46.3,53.1,1.7,21,4,4,56.2,2,62.4,Medium,50.15,1,48.98,60.62
STU00697,21,Female,Electrical,6,3.68,55.8,43.9,29.2,29.5,47.7,1.8,28,3,4,39.9,2,44.1,High,37.58,2,45.96,41.86
STU00698,22,Male,Electronics,7,5.6,57.0,49.1,44.9,44.6,59.4,2.7,29,2,1,52.1,1,56.0,Medium,49.5,2,58.34,53.65
STU00699,21,Female,Mechanical,7,6.36,74.6,53.1,40.6,47.5,55.8,1.8,15,2,3,60.4,0,56.4,Medium,49.25,1,57.16,60.61
STU00700,21,Male,Civil,8,6.52,100.0,70.3,62.4,76.5,60.8,3.8,0,2,3,80.3,0,77.4,Low,67.5,0,75.12,74.82
STU00701,21,Male,Mechanical,7,7.15,78.6,68.8,77.8,69.9,63.7,3.0,13,2,0,62.5,1,79.1,Low,70.05,1,64.0,72.69
STU00702,21,Female,Management,5,6.45,95.3,89.5,62.1,61.5,68.7,3.6,3,0,1,71.9,2,86.7,Low,70.45,0,76.76,74.58
STU00703,20,Male,Mechanical,3,5.7,54.2,48.6,44.3,42.7,33.8,2.3,25,2,2,52.0,2,36.0,High,42.35,2,56.3,50.44
STU00704,19,Male,Civil,2,6.73,100.0,74.9,74.7,60.1,79.8,3.0,0,0,1,86.1,0,87.1,Low,72.38,0,79.44,77.51
STU00705,21,Male,Electrical,6,7.91,71.1,50.2,77.8,56.4,73.9,3.7,18,1,1,41.0,1,72.7,Low,64.58,1,61.9,71.29
STU00706,21,Male,Computer Science,6,5.72,76.7,59.8,38.6,34.2,52.9,1.6,13,1,0,57.3,2,59.1,Medium,46.38,1,57.92,57.74
STU00707,20,Male,Computer Science,6,6.89,71.3,41.5,46.3,41.2,67.2,1.1,17,0,0,58.7,0,52.1,Medium,49.05,1,58.98,61.56
STU00708,19,Female,Management,2,6.93,80.7,72.1,60.3,75.0,69.6,2.8,12,1,4,66.6,0,67.7,Low,69.25,0,67.64,72.13
STU00709,20,Female,Civil,6,7.03,86.6,70.6,56.5,69.7,76.8,3.9,9,2,0,63.9,0,67.2,Low,68.4,0,69.06,73.62
STU00710,21,Female,Electronics,7,7.74,97.4,86.8,72.9,64.7,87.1,4.9,2,0,0,73.9,0,88.3,Low,77.88,0,84.06,82.59
STU00711,21,Female,Computer Science,7,7.28,89.4,69.4,52.0,63.1,73.8,4.9,6,0,2,83.7,0,81.1,Low,64.58,0,87.98,73.66
STU00712,20,Male,Computer Science,5,7.69,82.9,69.2,64.5,68.1,57.0,2.5,10,0,2,62.6,1,68.9,Low,64.7,0,67.54,73.52
STU00713,18,Female,Computer Science,2,6.15,68.8,63.6,52.3,42.3,62.4,3.3,17,2,0,53.9,0,45.4,High,55.15,1,62.06,60.78
STU00714,20,Male,Electronics,5,7.05,68.4,54.2,49.8,67.3,67.1,1.2,19,4,3,51.2,0,60.6,Medium,59.6,1,44.48,65.62
STU00715,20,Male,Mechanical,6,6.42,75.7,61.9,51.2,59.7,56.1,1.4,17,1,2,49.3,1,54.7,Medium,57.22,1,53.72,64.28
STU00716,20,Female,Computer Science,5,4.76,61.1,52.4,43.9,43.7,53.1,1.2,24,3,2,40.4,1,26.6,High,48.28,2,43.16,51.24
STU00717,20,Female,Civil,6,5.31,62.7,49.5,44.5,39.8,53.1,1.0,21,2,4,56.8,1,30.8,High,46.72,2,51.72,52.95
STU00718,20,Male,Management,5,8.0,89.1,84.3,57.3,56.8,68.1,4.0,7,3,4,70.4,0,78.2,Low,66.62,0,69.16,76.93
STU00719,20,Other,Management,5,5.81,62.8,54.0,54.8,59.3,53.6,0.7,23,1,2,43.0,0,51.6,Medium,55.42,2,47.7,58.2
STU00720,19,Female,Electrical,4,5.68,63.3,45.7,56.8,52.0,56.2,3.1,21,3,1,51.6,1,58.4,Medium,52.68,2,57.14,56.78
STU00721,20,Male,Electronics,6,8.42,94.6,82.3,62.3,67.9,78.6,4.9,4,1,1,79.1,0,75.2,Low,72.78,0,83.14,82.23
STU00722,19,Female,Mechanical,3,7.88,94.0,78.0,92.6,72.1,79.1,4.1,3,1,2,69.4,0,84.3,Low,80.45,0,75.26,83.26
STU00723,20,Female,Mechanical,5,4.52,63.8,49.2,38.9,24.7,41.9,1.1,20,3,4,42.3,2,34.6,High,38.67,2,43.42,47.24
STU00724,20,Female,Computer Science,4,5.33,56.4,46.6,42.1,40.4,36.9,1.0,27,2,4,23.1,1,30.1,High,41.5,2,38.24,49.36
STU00725,20,Female,Electrical,6,5.93,79.0,43.1,60.0,59.3,78.9,3.9,13,1,4,56.6,0,55.1,Medium,60.32,1,69.14,64.63
STU00726,21,Male,Civil,8,7.59,52.8,66.6,58.0,82.8,63.0,1.1,32,0,2,42.0,0,65.9,Low,67.6,2,52.3,66.81
STU00727,21,Female,Civil,6,7.39,83.2,74.2,67.4,61.8,68.6,2.4,10,0,2,72.0,0,78.6,Low,68.0,0,70.8,73.86
STU00728,19,Male,Computer Science,2,7.64,83.6,67.6,74.0,67.3,77.0,2.9,10,3,4,58.8,0,76.3,Low,71.47,0,59.02,76.23
STU00729,20,Female,Computer Science,6,6.71,100.0,66.0,52.4,36.3,70.9,3.3,0,1,2,75.3,0,68.6,Low,56.4,0,73.62,71.04
STU00730,20,Female,Management,4,5.05,57.6,50.9,39.2,20.1,53.2,0.2,25,1,3,30.7,1,31.4,High,40.85,2,40.28,48.42
STU00731,18,Female,Computer Science,2,9.08,83.6,69.3,75.9,73.2,81.3,4.0,10,0,3,79.3,0,77.1,Low,74.92,0,81.72,82.65
STU00732,20,Male,Computer Science,3,6.72,77.2,73.6,64.6,53.5,75.6,2.1,13,1,0,73.4,1,65.1,Low,66.82,1,66.86,69.55
STU00733,22,Male,Civil,8,7.99,71.6,57.6,66.4,49.6,62.9,3.2,17,1,1,50.4,0,78.4,Low,59.12,1,63.16,69.52
STU00734,19,Female,Civil,4,6.49,71.1,57.4,54.0,43.2,59.7,0.9,19,4,1,51.4,0,55.5,Medium,53.58,1,43.06,61.92
STU00735,20,Male,Computer Science,3,7.44,84.2,77.6,66.4,68.4,62.5,5.7,10,3,1,64.9,0,76.6,Low,68.72,0,75.46,74.58
STU00736,19,Male,Computer Science,2,7.95,90.3,77.0,73.7,67.6,71.0,4.4,6,0,2,75.8,0,80.4,Low,72.32,0,82.32,79.33
STU00737,20,Male,Electrical,6,7.6,96.4,85.5,95.4,63.2,89.0,4.4,2,0,0,71.9,0,98.4,Low,83.28,0,80.76,84.01
STU00738,22,Female,Management,7,8.28,97.3,77.8,77.6,83.6,73.8,3.7,2,0,1,85.3,0,76.8,Low,78.2,0,82.62,84.58
STU00739,20,Male,Mechanical,4,4.67,53.2,45.1,52.4,32.4,67.6,1.5,28,3,2,41.2,1,38.6,High,49.38,2,44.98,49.4
STU00740,19,Female,Electrical,2,4.0,56.0,32.5,30.1,31.0,44.9,1.5,24,0,1,34.9,4,18.5,High,34.62,2,51.46,41.85
STU00741,20,Male,Electronics,4,7.28,73.2,60.2,60.5,67.3,55.3,2.0,18,1,1,51.0,0,68.0,Low,60.82,1,57.4,68.11
STU00742,20,Female,Civil,6,8.21,95.1,78.7,75.2,80.0,90.6,4.1,3,0,0,71.1,0,89.0,Low,81.12,0,78.94,84.96
STU00743,19,Male,Mechanical,2,4.82,66.6,44.7,40.2,37.1,71.1,0.8,21,0,4,53.5,4,52.8,Medium,48.28,1,55.4,52.83
STU00744,19,Male,Electrical,3,5.61,82.5,73.4,47.2,42.8,46.3,3.3,12,0,0,57.6,0,64.3,Medium,52.42,0,69.54,61.23
STU00745,18,Male,Electrical,2,7.15,88.6,58.3,72.6,65.4,76.8,3.0,7,0,1,70.1,0,86.2,Low,68.27,0,73.04,74.48
STU00746,21,Male,Electronics,5,7.86,88.7,83.6,81.4,71.0,70.2,4.0,7,0,2,66.4,0,80.2,Low,76.55,0,76.56,80.31
STU00747,20,Female,Computer Science,3,9.04,86.2,69.9,75.3,81.6,79.9,2.2,9,0,2,66.0,0,86.9,Low,76.68,0,67.4,83.86
STU00748,19,Female,Electrical,3,7.87,91.0,67.4,68.0,77.6,66.6,4.2,5,0,2,78.4,1,78.6,Low,69.9,0,82.36,78.26
STU00749,18,Female,Computer Science,2,6.38,66.8,55.6,58.0,51.6,71.0,2.6,21,0,2,44.1,1,69.2,Low,59.05,1,60.64,62.65
STU00750,22,Female,Civil,7,7.21,64.4,48.5,52.7,52.9,56.7,1.0,21,0,2,30.5,1,50.6,Medium,52.7,2,47.2,62.42
STU00751,21,Female,Mechanical,5,7.6,75.1,77.2,61.8,61.1,80.2,3.9,15,1,2,60.4,0,65.4,Low,70.08,1,70.66,73.4
STU00752,22,Other,Computer Science,8,7.64,77.4,66.7,55.0,67.2,57.6,3.1,13,0,1,55.9,1,51.5,Medium,61.62,1,67.86,70.74
STU00753,20,Female,Civil,4,5.38,66.8,50.8,45.9,33.3,54.1,1.2,19,2,2,44.1,1,54.2,Medium,46.02,1,47.64,53.94
STU00754,20,Male,Mechanical,3,9.37,100.0,100.0,97.2,97.7,71.2,5.0,0,0,1,71.2,0,100.0,Low,91.52,0,83.48,94.4
STU00755,19,Male,Management,3,8.2,88.1,79.9,78.2,77.3,99.7,2.9,7,0,1,85.2,0,88.9,Low,83.78,0,78.58,84.24
STU00756,22,Female,Computer Science,8,8.11,83.7,78.9,71.7,92.6,93.1,2.4,10,0,5,82.8,0,92.7,Low,84.08,0,75.12,82.94
STU00757,20,Female,Computer Science,6,5.51,68.8,50.7,49.5,50.5,73.5,2.0,18,0,4,26.2,0,53.8,Medium,56.05,1,50.48,58.9
STU00758,20,Female,Computer Science,4,8.75,76.7,59.2,65.8,72.6,78.5,1.8,28,0,3,47.5,0,56.6,Medium,69.03,1,58.0,77.41
STU00759,20,Male,Computer Science,6,7.84,93.7,79.0,64.7,73.1,78.8,4.0,4,0,1,83.9,0,79.4,Low,73.9,0,83.56,80.42
STU00760,21,Female,Civil,5,7.78,79.3,85.9,70.5,76.7,80.0,5.0,12,0,2,80.3,0,87.7,Low,78.28,1,87.12,78.36
STU00761,18,Male,Electronics,2,7.86,93.7,86.0,82.7,84.1,84.8,4.6,4,0,1,68.6,0,94.6,Low,84.4,0,80.44,84.7
STU00762,21,Male,Computer Science,6,7.68,75.2,77.6,82.9,65.1,73.4,4.1,15,1,2,72.0,0,87.0,Low,74.75,1,76.3,75.58
STU00763,18,Female,Management,2,7.18,77.4,65.0,64.1,74.0,64.4,3.4,14,1,1,53.4,0,74.1,Low,66.88,1,65.36,71.23
STU00764,19,Female,Computer Science,3,8.45,87.3,84.5,81.4,46.2,72.9,4.9,8,0,2,76.8,0,98.2,Low,71.25,0,85.22,79.9
STU00765,20,Male,Electronics,6,6.34,71.6,68.5,65.3,57.7,59.3,2.3,19,0,2,58.0,0,60.6,Medium,62.7,1,64.7,65.17
STU00766,21,Male,Management,5,4.75,65.9,50.4,49.5,36.0,47.5,0.2,21,2,3,45.4,3,30.8,High,45.85,1,43.16,51.44
STU00767,19,Female,Civil,3,6.78,85.8,73.1,66.9,72.2,77.1,6.0,10,0,1,73.2,0,77.0,Low,72.32,0,89.28,74.11
STU00768,19,Male,Electronics,2,6.08,76.6,53.9,64.8,60.8,60.2,3.0,13,1,2,60.6,0,62.2,Medium,59.92,1,66.24,64.4
STU00769,21,Male,Management,6,6.01,81.3,71.2,68.2,49.1,69.9,5.0,10,0,1,61.7,0,74.9,Low,64.6,0,79.68,67.2
STU00770,21,Female,Mechanical,6,7.94,63.2,76.4,84.5,72.1,63.4,1.8,21,1,2,59.8,0,73.1,Low,74.1,2,59.92,73.23
STU00771,19,Female,Computer Science,3,8.67,98.3,79.1,94.0,90.0,78.5,5.0,1,0,0,70.1,0,88.4,Low,85.4,0,83.04,89.08
STU00772,19,Male,Computer Science,4,9.46,100.0,95.1,87.7,93.7,85.1,5.7,0,0,0,100.0,0,100.0,Low,90.4,0,98.5,94.27
STU00773,20,Female,Management,4,8.16,75.4,76.7,69.5,69.1,75.9,3.9,15,2,1,59.6,0,69.3,Low,72.8,1,67.34,76.53
STU00774,21,Female,Electronics,8,8.39,78.5,72.6,71.6,74.2,78.4,3.9,14,1,1,67.1,0,85.6,Low,74.2,1,73.34,78.67
STU00775,21,Male,Electrical,7,6.14,65.0,48.2,38.8,76.1,63.8,1.8,21,0,3,58.7,1,57.0,Medium,56.72,1,62.48,60.43
STU00776,20,Male,Computer Science,3,7.5,83.0,65.7,71.3,67.2,69.2,4.2,11,0,0,73.4,0,77.9,Low,68.35,0,80.36,74.34
STU00777,21,Male,Computer Science,5,5.33,60.4,47.3,45.6,45.5,55.3,1.5,25,2,2,53.3,1,58.5,Medium,48.42,2,52.82,53.12
STU00778,21,Male,Electrical,8,7.69,81.0,65.5,73.4,77.5,65.1,3.7,13,2,2,50.6,0,64.6,Medium,70.38,0,62.74,75.32
STU00779,20,Female,Management,4,6.68,78.6,58.0,63.6,68.3,56.2,1.4,13,1,1,53.6,0,61.7,Medium,61.52,1,55.44,67.64
STU00780,19,Male,Computer Science,2,5.34,82.0,65.7,47.3,55.7,69.3,3.2,10,0,1,65.2,0,68.2,Low,59.5,0,72.08,62.99
STU00781,19,Other,Computer Science,4,7.73,93.3,71.4,85.7,56.6,69.7,3.9,4,1,1,78.4,0,83.0,Low,70.85,0,77.86,78.72
STU00782,21,Male,Civil,6,7.24,78.4,69.9,64.1,59.8,66.5,3.4,13,1,4,63.6,0,59.6,Medium,65.08,1,69.44,70.97
STU00783,21,Female,Mechanical,8,9.08,66.1,67.5,65.1,81.7,73.5,3.0,23,4,2,64.5,0,78.8,Low,71.95,1,58.8,77.09
STU00784,19,Female,Electronics,4,8.12,95.6,92.4,69.6,92.4,75.5,4.6,3,0,0,86.3,0,87.3,Low,82.48,0,87.52,85.31
STU00785,18,Female,Computer Science,2,6.93,72.8,70.2,43.0,82.3,62.0,3.4,17,0,3,65.8,0,65.5,Low,64.38,1,73.32,68.2
STU00786,19,Female,Management,3,6.26,77.1,66.7,65.4,54.0,59.7,2.6,13,2,5,32.4,2,57.3,Medium,61.45,1,49.96,65.76
STU00787,20,Male,Computer Science,4,6.34,70.3,50.0,49.8,60.6,55.6,1.2,16,1,6,36.5,1,50.1,Medium,54.0,1,47.6,61.36
STU00788,19,Male,Computer Science,2,6.65,72.3,59.2,50.1,48.5,50.1,1.6,18,3,2,52.5,0,67.4,Low,51.98,1,50.0,62.14
STU00789,18,Female,Electronics,2,4.99,65.3,52.6,38.5,40.2,46.1,1.1,24,2,2,29.1,1,48.1,High,44.35,1,41.14,51.53
STU00790,20,Female,Computer Science,6,6.69,69.7,59.2,55.0,48.8,69.6,2.0,18,3,3,51.0,1,48.1,High,58.15,1,51.4,64.1
STU00791,21,Other,Mechanical,7,6.44,86.5,60.0,62.3,67.1,69.5,2.7,8,0,3,64.4,1,62.0,Medium,64.72,0,69.26,70.06
STU00792,20,Male,Electronics,3,5.25,67.5,48.2,33.9,45.2,53.3,2.6,21,2,3,63.2,1,47.0,High,45.15,1,62.28,53.31
STU00793,21,Male,Mechanical,5,8.19,89.5,67.7,60.5,69.9,65.8,4.4,7,1,1,73.0,0,86.5,Low,65.97,0,78.2,77.43
STU00794,21,Male,Electronics,6,6.97,79.7,56.2,66.4,62.4,67.6,2.5,12,0,2,62.0,0,60.1,Medium,63.15,1,67.3,69.58
STU00795,20,Female,Computer Science,6,5.1,72.3,72.1,38.8,41.5,61.2,2.1,19,2,2,50.4,2,39.1,High,53.4,1,54.66,57.28
STU00796,22,Male,Management,8,6.75,89.3,64.2,74.5,69.1,88.7,4.1,6,0,0,62.1,0,75.3,Low,74.12,0,75.34,75.6
STU00797,21,Male,Mechanical,8,8.07,76.6,64.9,66.8,65.3,70.1,2.5,16,1,2,56.1,0,62.2,Medium,66.78,1,61.94,74.1
STU00798,19,Female,Electronics,4,7.93,90.7,81.3,87.6,60.9,71.0,4.4,5,0,3,55.4,1,71.0,Low,75.2,0,74.16,80.51
STU00799,22,Male,Computer Science,8,7.89,73.7,59.1,67.0,55.9,70.4,1.3,14,0,3,56.3,0,69.0,Low,63.1,1,59.02,71.28
STU00800,18,Female,Mechanical,2,6.86,91.9,74.0,79.5,53.4,79.5,3.9,5,0,0,75.6,1,73.7,Low,71.6,0,79.74,75.62
STU00801,21,Male,Electrical,8,6.04,66.3,58.7,55.0,49.4,58.8,1.7,19,1,3,52.3,1,52.6,Medium,55.47,1,56.42,59.9
STU00802,19,Female,Civil,2,5.13,81.9,71.5,60.3,44.3,61.1,3.6,11,1,1,68.1,0,52.0,Medium,59.3,0,72.24,62.15
STU00803,18,Male,Electrical,2,7.5,76.1,66.1,59.0,71.6,60.8,2.9,15,0,1,56.7,0,63.0,Medium,64.38,1,67.18,71.03
STU00804,18,Female,Computer Science,2,7.43,82.9,79.6,78.2,68.9,79.2,3.3,11,0,0,56.4,0,73.4,Low,76.48,0,69.06,77.32
STU00805,19,Female,Management,2,8.66,100.0,69.0,80.4,63.6,88.2,5.2,0,0,3,70.2,0,81.0,Low,75.3,0,84.08,85.43
STU00806,20,Male,Computer Science,5,7.64,75.9,67.6,63.8,68.4,71.5,4.3,15,2,2,66.4,0,74.7,Low,67.82,1,72.06,72.84
STU00807,21,Male,Computer Science,6,6.7,89.2,75.7,48.9,45.6,85.2,4.1,6,0,0,54.2,0,73.1,Low,63.85,0,72.18,71.29
STU00808,22,Female,Mechanical,7,5.14,64.4,64.7,46.4,32.8,55.6,1.8,24,3,3,47.1,1,40.8,High,49.87,2,48.84,54.04
STU00809,19,Female,Computer Science,2,6.91,75.0,61.9,74.4,55.2,68.7,3.1,17,2,1,54.7,1,56.9,Medium,65.05,1,61.38,68.96
STU00810,19,Male,Electronics,4,7.26,67.1,57.2,55.2,53.6,59.2,2.8,18,2,1,62.9,0,72.2,Low,56.3,1,63.16,64.7
STU00811,19,Female,Computer Science,2,6.94,78.6,69.1,54.0,73.9,56.5,2.4,12,0,4,50.6,0,58.8,Medium,63.38,1,62.24,69.29
STU00812,19,Male,Electrical,3,5.71,58.0,58.6,51.2,57.2,57.3,3.0,29,2,5,59.2,0,53.5,Medium,56.08,2,62.68,56.92
STU00813,21,Male,Electrical,7,8.01,89.8,63.4,73.7,60.7,72.8,3.1,6,2,3,59.5,0,69.4,Low,67.65,0,63.3,77.54
STU00814,21,Male,Mechanical,6,6.16,62.4,46.2,36.9,61.2,74.3,1.3,23,1,2,38.2,2,49.5,High,54.65,2,48.78,59.02
STU00815,20,Male,Electronics,3,6.04,73.2,59.0,51.4,45.5,65.0,2.7,17,3,0,64.7,0,49.8,High,55.22,1,60.38,61.53
STU00816,19,Male,Electronics,4,7.43,86.4,72.5,57.4,61.3,74.8,3.7,9,1,0,60.7,0,74.0,Low,66.5,0,69.78,74.21
STU00817,22,Male,Electrical,8,6.41,69.1,56.8,59.7,59.9,56.0,2.1,18,2,0,34.7,0,51.9,Medium,58.1,1,48.38,62.95
STU00818,20,Male,Mechanical,6,7.06,81.7,75.8,63.2,53.8,71.0,2.5,13,1,5,67.3,0,72.4,Low,65.95,0,66.42,71.52
STU00819,20,Male,Mechanical,3,7.1,76.2,68.2,62.7,69.3,71.4,1.8,13,1,1,43.9,1,73.7,Low,67.9,1,53.56,71.06
STU00820,21,Female,Computer Science,8,5.94,65.6,56.9,45.7,46.1,49.0,1.8,21,1,3,45.7,1,47.4,High,49.42,1,54.28,56.96
STU00821,19,Female,Computer Science,3,7.13,79.1,63.2,62.6,58.3,72.9,2.9,14,2,1,74.6,0,56.3,Medium,64.25,1,68.34,70.43
STU00822,20,Male,Electronics,4,7.16,76.7,68.1,81.3,88.1,72.5,2.5,20,2,3,59.8,1,83.7,Low,77.5,1,60.42,75.24
STU00823,21,Male,Civil,6,7.01,95.2,78.1,69.2,58.4,80.1,3.9,3,0,2,72.3,1,73.2,Low,71.45,0,78.42,76.91
STU00824,21,Female,Electrical,5,5.03,60.8,47.4,49.4,39.2,57.6,2.0,23,2,1,56.8,2,38.9,High,48.4,2,56.72,52.17
STU00825,19,Female,Management,2,5.13,77.1,48.9,54.8,26.3,52.7,2.0,16,2,2,41.6,1,37.7,High,45.68,1,50.64,55.5
STU00826,22,Female,Electronics,7,7.93,84.4,71.2,60.4,66.5,69.5,3.2,10,0,1,72.9,0,78.1,Low,66.9,0,75.16,75.62
STU00827,20,Male,Electronics,3,5.08,58.7,55.7,56.0,49.0,54.5,0.5,23,2,1,60.8,0,47.6,High,53.8,2,50.82,53.97
STU00828,21,Male,Electrical,6,6.29,52.6,52.4,67.4,47.8,62.7,0.4,33,2,1,31.1,0,36.7,High,57.58,2,38.44,58.2
STU00829,20,Male,Electronics,4,8.62,74.0,67.5,58.2,69.5,68.9,4.6,17,0,3,56.2,1,79.4,Low,66.03,1,75.48,75.08
STU00830,21,Female,Mechanical,7,3.31,43.9,28.5,23.1,26.1,43.9,2.1,32,2,3,35.1,2,13.9,High,30.4,2,48.54,34.72
STU00831,21,Male,Civil,8,6.61,80.1,68.2,56.7,56.0,67.6,3.8,12,1,2,66.8,0,71.5,Low,62.12,0,72.72,68.01
STU00832,22,Male,Computer Science,7,9.35,90.6,69.3,81.7,81.5,85.5,4.4,6,0,2,72.3,0,90.6,Low,79.5,0,80.92,87.18
STU00833,21,Male,Computer Science,8,5.23,74.0,70.1,66.1,41.4,65.9,1.8,17,1,1,59.2,1,51.5,Medium,60.88,1,59.68,61.16
STU00834,20,Female,Electronics,5,6.31,67.9,53.8,56.9,36.6,49.2,3.7,22,3,4,51.9,1,55.4,Medium,49.12,1,60.26,58.71
STU00835,18,Male,Mechanical,2,6.7,79.9,54.4,54.3,49.6,65.6,3.2,12,3,0,46.1,1,53.9,Medium,55.97,1,55.44,65.82
STU00836,21,Female,Computer Science,5,6.14,70.1,50.5,57.0,52.9,76.3,1.8,18,2,1,50.4,1,52.7,Medium,59.18,1,53.16,62.68
STU00837,20,Male,Computer Science,5,6.93,70.6,67.9,57.9,51.1,69.6,5.0,19,1,4,40.6,0,56.6,Medium,61.62,1,68.24,66.56
STU00838,22,Male,Computer Science,7,8.11,79.7,76.1,76.1,76.5,82.6,3.2,13,1,4,62.6,0,80.2,Low,77.82,1,68.04,79.44
STU00839,20,Male,Electrical,3,9.51,100.0,84.7,92.8,84.8,92.3,5.7,0,0,0,82.3,0,100.0,Low,88.65,0,91.42,93.74
STU00840,20,Other,Management,6,6.19,73.9,61.8,72.0,47.2,70.3,2.5,15,1,2,66.5,1,50.7,Medium,62.82,1,66.1,65.27
STU00841,20,Male,Management,5,9.24,99.7,85.4,94.1,94.5,88.0,5.9,0,0,1,80.7,1,100.0,Low,90.5,0,91.78,93.46
STU00842,21,Male,Electrical,6,6.69,72.8,59.2,60.3,52.2,62.9,2.8,16,1,2,62.0,1,57.1,Medium,58.65,1,65.8,65.08
STU00843,20,Female,Computer Science,4,8.31,100.0,95.5,100.0,87.2,92.1,5.2,0,0,0,75.7,0,100.0,Low,93.7,0,86.28,91.56
STU00844,20,Male,Computer Science,4,7.04,71.3,79.8,45.1,47.0,64.5,3.8,18,4,2,64.6,0,74.4,Low,59.1,1,62.84,66.1
STU00845,20,Male,Mechanical,3,5.81,72.9,63.4,61.1,61.4,74.7,2.9,18,2,3,64.6,0,65.3,Low,65.15,1,64.34,64.62
STU00846,21,Male,Mechanical,7,7.66,100.0,76.2,62.9,71.9,67.4,3.9,0,0,2,68.7,1,81.3,Low,69.6,0,76.98,79.65
STU00847,18,Female,Civil,2,10.0,93.0,92.5,92.0,100.0,91.5,4.4,5,0,0,78.7,1,100.0,Low,94.0,0,83.48,95.85
STU00848,20,Male,Computer Science,3,6.55,49.8,43.1,63.1,67.4,57.6,0.4,32,5,4,34.5,0,57.3,Medium,57.8,2,30.8,58.5
STU00849,19,Female,Management,4,4.58,42.6,31.8,47.8,44.8,63.4,0.2,37,4,3,37.3,0,30.1,High,46.95,2,33.92,45.46
STU00850,20,Female,Electronics,3,8.16,89.2,66.1,74.1,79.1,80.1,4.4,7,0,1,100.0,0,92.7,Low,74.85,0,92.0,80.8
STU00851,22,Female,Mechanical,8,7.22,88.5,74.4,69.4,67.0,75.2,4.8,7,1,1,56.4,0,68.7,Low,71.5,0,73.56,76.0
STU00852,19,Male,Management,4,7.17,93.3,88.3,58.7,58.2,61.0,4.7,5,0,1,75.7,0,84.3,Low,66.55,0,83.78,75.04
STU00853,19,Female,Mechanical,3,7.35,77.9,80.7,61.2,75.2,66.8,3.4,13,3,1,62.7,0,68.5,Low,70.98,1,63.08,73.59
STU00854,19,Female,Electrical,3,6.55,76.6,57.9,56.7,55.6,63.0,1.7,13,2,3,51.9,0,54.2,Medium,58.3,1,53.26,65.4
STU00855,20,Female,Electrical,3,7.17,75.2,64.8,61.2,76.6,65.9,2.0,14,0,2,43.2,0,62.5,Medium,67.12,1,57.28,70.74
STU00856,21,Male,Electrical,6,7.02,74.4,63.7,74.1,62.4,66.5,2.4,16,1,1,50.7,0,68.3,Low,66.68,1,59.28,69.84
STU00857,20,Female,Electrical,5,6.47,62.3,69.4,77.8,50.0,62.6,2.4,25,2,0,67.9,1,65.3,Low,64.95,2,63.16,64.2
STU00858,19,Female,Electronics,3,7.97,88.8,82.0,69.5,73.5,79.5,4.6,7,0,1,91.5,0,88.4,Low,76.12,0,89.6,80.54
STU00859,22,Female,Electronics,8,6.02,79.5,65.7,37.9,37.3,53.7,4.5,13,0,0,55.3,2,56.0,Medium,48.65,1,74.62,60.4
STU00860,20,Male,Electrical,6,8.0,83.8,66.9,60.3,75.8,75.3,3.6,11,1,2,86.3,0,87.6,Low,69.58,0,79.52,76.78
STU00861,20,Female,Mechanical,4,6.05,66.3,62.2,45.0,53.9,58.7,2.9,19,1,0,47.3,0,62.2,Medium,54.95,1,60.42,59.73
STU00862,21,Female,Mechanical,5,5.69,62.3,44.6,42.3,32.6,56.8,0.2,25,5,2,46.5,0,37.1,High,44.08,2,34.6,53.12
STU00863,21,Female,Electronics,6,7.43,87.2,78.6,66.7,56.9,82.2,3.6,8,1,0,73.4,0,72.9,Low,71.1,0,74.36,76.24
STU00864,20,Female,Computer Science,3,6.64,83.2,74.2,53.2,62.4,49.3,3.3,10,1,1,63.6,2,58.3,Medium,59.78,0,68.94,67.95
STU00865,22,Female,Electronics,7,5.69,73.6,47.0,67.6,43.2,55.8,2.4,15,1,3,54.5,2,59.0,Medium,53.4,1,60.8,59.68
STU00866,19,Male,Management,3,8.02,89.7,73.9,78.3,65.3,89.9,4.4,7,0,2,78.3,0,80.3,Low,76.85,0,83.32,81.23
STU00867,18,Male,Electronics,2,4.64,69.9,48.1,59.2,37.3,60.5,2.6,19,0,1,42.0,2,52.5,Medium,51.28,1,59.8,54.22
STU00868,20,Male,Computer Science,5,6.38,88.1,60.0,44.0,60.6,69.1,3.8,7,2,1,76.0,0,71.3,Low,58.42,0,73.4,67.72
STU00869,21,Female,Computer Science,8,6.01,55.7,43.8,59.2,35.5,51.7,2.6,28,4,1,53.0,1,42.8,High,47.55,2,52.2,53.98
STU00870,22,Male,Mechanical,7,7.74,91.7,67.8,65.5,57.5,79.0,5.2,5,1,3,67.1,0,76.9,Low,67.45,0,79.84,77.0
STU00871,19,Female,Electronics,4,6.46,79.9,59.9,61.3,82.2,59.0,2.8,11,2,1,61.4,0,68.2,Low,65.6,1,62.56,68.82
STU00872,19,Other,Civil,4,6.27,88.5,71.3,57.1,67.8,62.8,5.1,6,3,5,66.4,0,74.1,Low,64.75,0,73.06,69.97
STU00873,21,Female,Computer Science,6,7.57,79.7,73.2,63.0,77.7,74.9,5.2,13,1,2,59.1,0,74.0,Low,72.2,1,76.64,75.3
STU00874,20,Female,Computer Science,3,6.94,83.2,67.8,60.9,60.6,72.0,2.0,10,0,6,56.4,0,71.2,Low,65.32,0,62.56,71.22
STU00875,21,Female,Computer Science,7,4.56,48.1,29.1,43.9,38.3,47.8,0.6,29,4,2,44.6,1,30.0,High,39.78,2,38.84,43.9
STU00876,20,Male,Computer Science,4,5.07,67.4,68.9,29.4,35.9,59.8,2.9,21,1,4,61.1,1,57.6,Medium,48.5,1,65.94,54.0
STU00877,19,Male,Electrical,3,7.22,65.6,57.2,69.7,34.9,64.0,2.4,21,3,5,47.1,1,52.5,Medium,56.45,1,51.84,64.25
STU00878,18,Female,Management,2,7.06,71.0,73.2,60.5,50.9,61.3,1.3,18,0,1,55.0,0,52.8,Medium,61.47,1,58.5,67.05
STU00879,20,Female,Electrical,6,7.76,76.7,70.4,61.8,55.0,76.6,2.3,13,1,5,50.6,0,52.5,Medium,65.95,1,58.74,72.71
STU00880,19,Male,Management,2,6.91,73.5,65.0,69.8,60.3,81.4,3.2,15,0,1,76.6,0,68.8,Low,69.12,1,76.64,70.21
STU00881,22,Male,Computer Science,7,6.38,56.8,70.7,59.1,60.1,59.6,1.5,28,1,1,52.2,0,56.7,Medium,62.38,2,55.38,61.48
STU00882,22,Female,Management,8,7.39,76.0,76.1,67.0,83.9,65.8,3.7,16,1,1,62.9,0,75.0,Low,73.2,1,70.66,74.14
STU00883,18,Male,Mechanical,2,5.76,68.0,60.7,47.9,49.7,62.2,4.5,19,1,0,62.7,0,65.8,Low,55.12,1,74.58,59.21
STU00884,19,Female,Electrical,2,5.86,65.6,51.2,59.9,36.2,57.3,1.2,22,2,3,56.9,0,57.4,Medium,51.15,1,52.76,57.37
STU00885,21,Male,Mechanical,8,6.06,68.8,62.9,37.6,44.2,42.7,3.9,18,1,3,46.6,1,47.6,High,46.85,1,65.14,57.15
STU00886,18,Female,Electronics,2,7.56,82.7,65.7,64.2,69.3,80.6,4.6,12,1,1,63.3,0,71.9,Low,69.95,0,75.32,75.11
STU00887,20,Male,Computer Science,4,7.87,83.5,72.6,63.2,73.8,72.5,2.3,10,1,1,72.7,0,68.4,Low,70.53,0,67.58,76.63
STU00888,21,Female,Computer Science,8,5.8,76.1,51.4,56.5,44.4,52.9,1.1,14,4,0,36.8,0,51.7,Medium,51.3,1,38.22,59.84
STU00889,19,Female,Electronics,2,5.13,68.2,40.2,34.8,33.5,45.9,1.4,18,4,3,49.7,4,25.9,High,38.6,1,44.88,50.44
STU00890,21,Male,Mechanical,6,5.06,81.3,54.0,38.9,33.9,57.1,2.3,11,1,1,81.8,0,50.9,Medium,45.98,0,71.22,56.42
STU00891,19,Male,Management,4,6.31,65.2,64.6,41.3,38.8,55.9,2.1,23,2,3,30.2,0,47.3,High,50.15,1,46.58,58.44
STU00892,21,Female,Computer Science,5,6.37,73.8,66.0,54.7,55.1,67.0,2.8,18,0,2,61.3,2,59.9,Medium,60.7,1,68.52,65.03
STU00893,21,Male,Mechanical,8,5.68,61.0,55.1,53.4,43.5,65.8,1.7,25,1,4,33.4,1,48.1,High,54.45,2,48.86,56.91
STU00894,21,Female,Mechanical,6,6.72,86.3,68.8,51.4,61.2,79.2,4.1,9,0,2,56.8,0,88.5,Low,65.15,0,73.22,71.16
STU00895,19,Male,Computer Science,4,6.23,86.0,59.0,52.6,56.0,58.4,2.7,8,3,5,53.7,1,60.1,Medium,56.5,0,55.98,65.9
STU00896,21,Female,Electronics,8,7.91,74.5,66.3,70.2,69.2,70.6,3.1,15,2,3,63.0,2,60.8,Medium,69.07,1,64.7,73.94
STU00897,20,Male,Electronics,6,5.81,66.2,73.7,65.0,44.4,64.0,4.1,19,3,2,61.9,0,53.3,Medium,61.78,1,66.26,61.6
STU00898,19,Female,Mechanical,2,6.29,65.7,53.0,53.9,47.5,56.5,0.2,21,1,4,42.3,0,49.5,High,52.72,1,44.92,59.53
STU00899,19,Female,Computer Science,4,6.97,75.4,68.2,58.5,54.6,69.2,2.4,15,3,2,43.4,1,66.5,Low,62.62,1,50.36,68.3
STU00900,19,Male,Computer Science,3,5.11,56.5,45.2,46.9,48.9,48.2,1.3,26,3,2,35.6,2,33.3,High,47.3,2,41.74,50.93
STU00901,21,Male,Electronics,6,7.23,58.1,55.8,58.5,57.5,64.3,2.2,23,0,3,35.8,0,62.1,Medium,59.03,2,55.32,63.44
STU00902,22,Female,Electrical,8,8.19,97.6,76.6,44.6,71.3,82.9,4.4,2,0,0,81.1,0,81.5,Low,68.85,0,84.44,80.6
STU00903,19,Female,Electrical,2,6.3,70.9,52.4,68.5,61.3,61.7,3.1,16,2,2,48.6,2,61.5,Medium,60.97,1,58.94,64.16
STU00904,22,Other,Computer Science,7,8.78,87.9,90.3,84.6,78.3,89.8,3.9,7,0,0,83.9,0,89.1,Low,85.75,0,83.06,87.0
STU00905,22,Female,Civil,8,5.33,73.2,50.1,53.0,41.5,64.1,3.5,15,1,1,39.5,0,46.9,High,52.18,1,60.3,57.82
STU00906,22,Female,Management,8,9.37,82.8,83.8,87.3,93.9,98.6,3.7,10,1,0,84.5,0,89.8,Low,90.9,0,79.3,89.86
STU00907,21,Female,Computer Science,6,6.83,67.2,63.0,57.2,42.0,61.9,2.4,18,2,3,32.9,1,50.6,Medium,56.02,1,49.16,63.11
STU00908,19,Female,Computer Science,4,5.66,67.3,51.0,48.8,34.4,68.4,2.4,22,1,2,64.9,0,43.2,High,50.65,1,64.96,56.9
STU00909,20,Female,Computer Science,3,8.03,86.8,65.4,60.7,65.9,66.7,3.3,8,1,2,64.9,1,59.9,Medium,64.68,0,69.46,75.68
STU00910,22,Male,Computer Science,8,6.78,93.8,54.4,56.6,54.1,75.3,5.0,3,0,1,72.5,1,74.3,Low,60.1,0,84.0,71.22
STU00911,20,Female,Electrical,4,6.07,73.5,61.9,57.7,47.6,71.1,2.7,18,1,1,57.6,0,60.7,Medium,59.58,1,63.54,63.45
STU00912,19,Female,Electrical,4,7.33,80.6,69.4,56.3,58.6,60.6,3.5,12,3,3,53.9,0,71.0,Low,61.22,0,60.06,70.29
STU00913,21,Male,Mechanical,7,7.06,71.4,70.7,62.0,63.0,73.5,5.3,20,1,2,69.9,1,88.5,Low,67.3,1,81.46,69.48
STU00914,21,Male,Electronics,7,6.6,96.1,79.2,67.8,78.0,70.7,4.3,2,1,0,62.3,1,79.6,Low,73.92,0,73.42,76.69
STU00915,22,Female,Electrical,7,6.85,59.9,63.0,72.4,74.0,66.0,1.8,28,2,3,47.4,0,67.6,Low,68.85,2,51.96,66.49
STU00916,22,Female,Computer Science,8,7.85,72.8,77.4,63.8,64.3,68.5,3.8,17,1,1,56.1,1,63.7,Medium,68.5,1,68.44,73.08
STU00917,22,Male,Computer Science,8,8.31,81.1,70.9,71.0,74.1,78.6,4.2,12,1,2,75.5,0,86.1,Low,73.65,0,78.2,78.82
STU00918,20,Female,Computer Science,3,7.86,81.5,65.8,52.0,69.6,69.2,1.8,10,0,1,54.5,1,68.2,Low,64.15,0,60.8,73.54
STU00919,20,Female,Electrical,3,8.18,94.5,64.5,64.2,67.6,74.8,3.8,3,1,0,55.7,0,89.7,Low,67.77,0,68.28,79.36
STU00920,20,Male,Civil,3,4.03,44.4,41.4,25.8,27.6,46.9,1.4,32,2,2,35.7,2,21.8,High,35.43,2,45.28,39.38
STU00921,21,Female,Civil,6,6.89,90.7,69.8,73.2,59.1,68.8,4.0,6,0,1,76.7,0,80.2,Low,67.72,0,80.68,73.88
STU00922,21,Male,Civil,6,4.19,72.7,56.2,32.2,36.9,47.1,2.4,17,1,4,42.1,3,40.7,High,43.1,1,55.84,50.08
STU00923,22,Female,Computer Science,8,6.98,72.4,61.3,66.0,69.5,59.4,1.8,18,1,2,59.3,0,57.8,Medium,64.05,1,59.72,68.15
STU00924,21,Male,Electronics,7,6.74,79.6,65.4,58.9,51.3,57.0,2.1,12,2,1,67.0,0,77.7,Low,58.15,1,61.3,66.75
STU00925,22,Female,Electrical,7,6.71,77.3,59.7,65.0,56.9,61.8,3.6,14,1,2,57.3,0,65.6,Low,60.85,1,67.92,67.15
STU00926,18,Male,Management,2,8.78,83.2,74.9,86.4,80.2,80.8,2.6,10,1,4,56.9,0,80.5,Low,80.58,0,62.76,83.76
STU00927,20,Female,Mechanical,6,6.32,67.8,69.5,53.5,65.5,57.6,1.7,19,3,4,39.0,0,49.0,High,61.52,1,45.1,63.68
STU00928,22,Female,Computer Science,7,7.48,75.0,43.3,74.3,63.5,70.0,2.2,14,0,4,60.5,0,67.0,Low,62.78,1,65.2,70.04
STU00929,21,Male,Management,8,6.13,64.1,58.7,68.3,71.4,59.0,2.8,21,0,4,54.3,0,55.9,Medium,64.35,2,65.72,63.22
STU00930,20,Female,Electronics,4,6.39,87.2,76.2,74.5,58.8,83.3,3.5,9,1,2,63.0,0,68.4,Low,73.2,0,69.7,73.44
STU00931,21,Male,Electronics,7,6.42,59.7,53.1,50.0,53.0,61.2,1.7,27,0,3,30.5,1,53.5,Medium,54.32,2,50.7,59.12
STU00932,20,Female,Computer Science,4,7.18,75.3,78.7,54.8,76.1,72.2,3.1,15,0,1,78.8,0,74.8,Low,70.45,1,77.02,72.14
STU00933,19,Female,Computer Science,3,7.84,75.6,84.5,73.8,90.0,70.4,3.6,15,0,5,55.7,0,73.9,Low,79.68,1,70.28,78.21
STU00934,19,Female,Mechanical,4,9.22,84.1,78.7,81.6,78.7,93.9,4.3,10,0,2,59.8,0,88.4,Low,83.22,0,75.42,86.58
STU00935,19,Female,Mechanical,3,8.41,100.0,73.6,56.5,79.2,68.8,4.0,0,0,1,66.2,1,83.4,Low,69.53,0,76.48,82.24
STU00936,21,Female,Computer Science,8,7.89,69.1,74.4,66.6,72.3,64.5,2.6,21,0,3,55.5,1,73.5,Low,69.45,1,65.2,72.67
STU00937,19,Male,Computer Science,3,5.87,73.4,55.3,25.9,37.1,49.3,1.8,16,2,5,45.2,2,52.0,Medium,41.9,1,51.08,55.65
STU00938,19,Male,Mechanical,2,6.65,79.4,61.2,70.8,56.7,63.9,3.0,11,0,1,63.0,1,60.1,Medium,63.15,1,70.2,68.38
STU00939,20,Male,Electronics,6,8.28,81.6,76.6,74.8,70.4,76.7,3.6,12,1,4,72.7,0,78.8,Low,74.62,0,74.08,79.23
STU00940,20,Male,Electronics,6,7.94,65.5,79.1,64.1,62.0,74.7,4.2,21,1,1,48.7,0,80.0,Low,69.97,1,67.48,72.16
STU00941,20,Female,Computer Science,5,7.72,63.5,61.8,61.3,60.7,62.3,2.3,24,2,2,37.2,0,56.9,Medium,61.53,2,50.38,67.5
STU00942,20,Male,Electrical,3,6.75,59.6,61.8,63.7,63.7,53.6,2.4,25,2,2,55.7,0,62.1,Medium,60.7,2,58.28,62.8
STU00943,21,Female,Management,5,7.53,84.9,69.9,68.3,66.8,81.6,2.0,8,1,2,56.0,0,70.2,Low,71.65,0,59.4,76.24
STU00944,21,Male,Electronics,8,7.72,83.3,74.9,76.9,76.6,81.3,4.2,10,1,1,61.4,0,71.8,Low,77.42,0,72.56,78.82
STU00945,19,Male,Civil,2,7.56,75.1,77.6,73.2,58.7,75.0,3.5,15,0,1,68.3,0,71.3,Low,71.12,1,74.82,73.68
STU00946,21,Female,Management,7,6.15,87.1,63.9,53.8,79.8,67.4,5.5,7,0,0,79.4,1,74.2,Low,66.22,0,89.26,69.79
STU00947,19,Male,Computer Science,2,7.36,76.7,80.9,73.8,73.3,79.7,4.4,7,0,0,84.4,0,80.4,Low,76.92,1,85.76,75.7
STU00948,19,Female,Management,3,3.48,68.1,52.7,49.1,37.5,57.7,1.3,18,3,0,42.7,4,36.3,High,49.25,1,44.58,48.9
STU00949,22,Female,Mechanical,8,7.88,86.8,70.9,69.8,73.5,63.5,3.8,9,0,1,56.1,0,92.6,Low,69.42,0,71.44,77.05
STU00950,19,Female,Mechanical,4,3.47,80.6,47.7,29.3,30.5,49.3,1.3,13,1,1,50.1,4,28.0,High,39.2,0,53.54,47.98
STU00951,20,Female,Mechanical,5,6.76,77.8,64.8,44.1,39.3,62.6,3.9,13,0,3,64.8,2,49.9,High,52.7,1,75.42,64.19
STU00952,20,Female,Computer Science,4,7.95,100.0,91.3,92.8,71.9,85.0,3.9,0,0,0,72.8,0,85.1,Low,85.25,0,78.62,86.92
STU00953,21,Male,Electrical,6,8.07,81.3,80.5,73.8,65.9,88.8,4.3,13,2,1,57.8,0,72.4,Low,77.25,0,68.62,79.47
STU00954,19,Female,Civil,4,5.98,78.8,60.2,43.1,43.9,59.6,3.0,13,1,4,61.8,0,71.2,Low,51.7,1,66.72,61.31
STU00955,20,Male,Computer Science,5,6.39,74.3,60.5,62.3,52.7,42.4,3.1,16,3,0,48.8,1,51.2,Medium,54.48,1,56.02,62.73
STU00956,21,Male,Mechanical,7,8.4,84.8,78.7,67.6,74.6,70.8,4.1,9,2,2,69.3,0,83.6,Low,72.92,0,72.22,79.77
STU00957,20,Female,Management,5,6.77,71.8,74.0,60.8,41.4,62.4,3.0,18,1,2,62.1,0,65.8,Low,59.65,1,66.84,65.5
STU00958,21,Female,Management,5,9.0,99.8,88.9,96.8,87.3,100.0,5.0,0,0,1,73.3,0,94.7,Low,93.25,0,84.32,93.75
STU00959,22,Female,Civil,7,5.56,73.0,60.2,74.8,54.1,61.1,3.2,15,1,5,72.2,0,57.3,Medium,62.55,1,71.88,62.73
STU00960,19,Female,Computer Science,4,7.45,76.4,66.7,67.2,71.3,80.9,2.0,14,1,1,59.6,0,76.4,Low,71.53,1,60.84,73.78
STU00961,21,Female,Electronics,7,7.01,60.3,64.7,68.1,59.2,50.9,0.8,26,1,4,54.0,1,72.5,Low,60.72,2,52.6,63.9
STU00962,22,Female,Computer Science,7,8.2,92.3,70.6,55.4,64.1,75.4,4.5,4,0,1,72.5,0,75.9,Low,66.38,0,81.5,78.32
STU00963,22,Male,Electrical,8,5.52,68.6,53.7,46.8,40.9,66.2,2.3,18,1,2,57.1,2,44.0,High,51.9,1,61.34,57.23
STU00964,20,Male,Electrical,5,6.47,79.4,61.1,57.3,66.4,76.4,2.6,14,1,1,55.6,0,71.4,Low,65.3,1,62.24,68.62
STU00965,21,Female,Management,5,8.56,90.5,69.3,67.1,60.8,62.4,4.6,5,0,0,79.6,0,82.5,Low,64.9,0,84.84,78.54
STU00966,18,Female,Computer Science,2,5.55,64.0,62.6,44.9,52.9,53.2,1.6,20,1,2,77.1,0,46.6,High,53.4,2,65.84,56.78
STU00967,18,Male,Management,2,7.02,82.6,73.8,72.5,62.0,73.3,3.9,10,0,2,62.5,0,76.4,Low,70.4,0,74.5,73.38
STU00968,18,Male,Management,2,6.04,66.8,46.5,43.8,50.1,50.5,1.5,20,3,3,22.8,1,38.6,High,47.72,1,37.62,56.93
STU00969,20,Male,Civil,6,6.89,90.2,88.4,86.9,89.3,97.1,5.9,6,0,0,82.9,0,99.4,Low,90.43,0,92.66,82.84
STU00970,20,Female,Management,4,7.81,94.2,71.8,66.6,55.0,74.6,3.6,4,1,0,73.3,0,77.5,Low,67.0,0,74.32,77.68
STU00971,20,Male,Electronics,4,6.07,74.0,65.5,55.0,55.4,56.9,3.9,17,0,1,61.1,1,54.4,Medium,58.2,1,73.94,63.03
STU00972,20,Male,Electronics,6,7.51,99.4,64.1,62.0,67.5,78.6,5.3,0,1,0,69.2,0,76.6,Low,68.05,0,81.18,78.35
STU00973,19,Male,Computer Science,4,6.61,75.0,52.4,60.6,59.8,66.6,3.2,15,1,1,59.9,0,60.1,Medium,59.85,1,66.96,65.82
STU00974,19,Male,Computer Science,2,7.04,75.7,59.0,78.1,56.0,63.1,4.3,16,1,3,56.9,1,76.0,Low,64.05,1,71.26,69.18
STU00975,21,Male,Computer Science,5,6.35,83.4,61.2,52.5,58.9,62.2,4.5,9,1,1,75.7,0,59.8,Medium,58.7,0,79.78,66.56
STU00976,21,Female,Civil,5,4.36,64.1,40.0,42.5,40.6,44.2,1.3,21,3,4,32.5,0,46.5,High,41.82,2,40.5,48.02
STU00977,19,Male,Electronics,2,8.67,95.6,71.4,80.1,76.6,89.4,3.5,3,0,1,63.9,0,85.6,Low,79.38,0,73.06,86.0
STU00978,19,Male,Computer Science,3,6.89,85.5,71.6,60.1,55.2,67.2,2.8,9,2,0,63.7,0,71.9,Low,63.52,0,63.48,70.9
STU00979,20,Female,Computer Science,3,5.85,94.1,80.6,42.4,24.8,52.8,4.6,4,1,0,71.8,0,57.6,Medium,50.15,0,78.72,64.06
STU00980,21,Female,Civil,6,6.78,58.5,64.8,62.9,63.7,54.0,0.6,26,2,0,64.3,0,58.1,Medium,61.35,2,52.72,62.9
STU00981,20,Male,Management,3,7.85,95.3,76.5,62.5,76.5,85.8,5.5,3,0,2,82.0,0,87.9,Low,75.32,0,90.3,81.43
STU00982,18,Male,Electronics,2,5.61,59.1,51.3,31.3,35.8,50.0,1.3,25,3,5,48.0,1,41.3,High,42.1,2,46.7,51.25
STU00983,19,Female,Electrical,3,6.5,67.5,64.4,51.8,49.2,58.6,2.4,19,3,1,58.2,0,65.2,Low,56.0,1,56.28,62.03
STU00984,20,Female,Management,5,7.1,70.8,59.5,62.6,60.0,64.1,2.9,17,4,5,47.7,0,66.0,Low,61.55,1,51.58,67.17
STU00985,21,Male,Civil,7,6.83,76.7,71.0,53.0,68.4,71.6,2.5,21,3,2,49.7,1,45.4,High,66.0,1,53.38,69.48
STU00986,19,Female,Civil,2,7.22,83.0,87.9,59.1,66.0,90.5,3.4,9,0,2,62.9,0,88.4,Low,75.88,0,72.16,76.37
STU00987,21,Male,Mechanical,8,5.12,56.4,36.9,45.0,38.8,50.3,0.7,25,1,2,42.2,4,31.6,High,42.75,2,47.38,49.12
STU00988,19,Male,Management,4,7.17,78.0,83.7,68.8,64.2,78.2,2.8,12,0,2,55.2,0,71.3,Low,73.72,1,66.08,74.08
STU00989,19,Male,Electronics,4,5.73,79.6,55.0,61.7,56.3,61.1,0.8,14,2,4,36.3,0,56.8,Medium,58.52,1,42.52,63.36
STU00990,19,Female,Electrical,2,6.22,64.4,52.2,45.3,38.9,58.8,2.7,24,1,4,38.7,0,55.8,Medium,48.8,2,55.98,57.39
STU00991,19,Male,Electronics,3,8.34,68.2,71.5,68.1,67.0,65.3,2.8,22,0,4,52.4,0,64.0,Medium,67.97,1,64.96,73.43
STU00992,21,Male,Computer Science,5,8.59,89.1,91.1,85.5,88.1,91.6,3.4,8,0,1,74.7,0,77.6,Low,89.07,0,76.88,87.97
STU00993,20,Male,Civil,6,8.65,93.2,80.7,69.0,73.5,77.2,4.2,5,0,3,62.9,0,98.3,Low,75.1,0,76.16,83.62
STU00994,21,Male,Electrical,7,8.24,90.1,79.8,70.7,74.0,70.8,3.2,6,1,1,72.9,0,80.6,Low,73.82,0,72.16,80.9
STU00995,21,Male,Management,5,6.78,79.6,75.7,72.1,69.7,65.7,3.0,11,1,1,60.2,0,71.7,Low,70.8,1,66.08,71.95
STU00996,18,Female,Management,2,8.16,85.7,83.2,71.0,74.4,81.6,4.9,8,0,1,92.2,0,74.3,Low,77.55,0,91.38,81.0
STU00997,19,Female,Electrical,4,7.65,72.5,73.7,67.4,71.8,67.3,3.7,19,1,1,59.2,0,83.9,Low,70.05,1,69.18,72.92
STU00998,22,Male,Mechanical,7,5.7,76.7,67.1,58.0,60.6,73.6,2.3,22,3,3,54.2,0,63.4,Medium,64.82,1,54.18,65.05
STU00999,20,Male,Management,6,7.6,74.4,63.4,73.5,64.9,73.9,2.7,17,0,2,55.6,0,65.1,Low,68.93,1,65.74,72.77
STU01000,20,Male,Computer Science,6,8.36,76.9,63.7,72.7,70.0,83.1,4.0,14,1,1,65.5,0,89.4,Low,72.38,1,73.2,77.44
STU01001,21,Male,Computer Science,5,6.62,60.8,68.5,54.8,62.5,56.2,2.1,25,2,4,49.4,1,57.2,Medium,60.5,2,54.26,62.57
STU01002,20,Male,Electronics,5,4.59,67.1,46.9,50.0,44.0,52.9,2.0,21,2,1,47.1,0,55.9,Medium,48.45,1,52.84,52.22
STU01003,21,Female,Mechanical,8,6.22,65.8,54.1,41.3,44.2,60.9,3.0,23,3,4,57.2,0,60.9,Medium,50.13,1,58.88,58.27
STU01004,20,Female,Civil,6,7.9,79.8,67.4,71.7,55.9,63.4,2.5,12,0,3,70.9,1,69.4,Low,64.6,1,70.86,73.44
STU01005,21,Male,Electrical,6,6.82,79.9,57.4,51.8,52.2,67.0,2.2,14,2,2,71.3,0,72.6,Low,57.1,1,63.52,66.68
STU01006,19,Male,Computer Science,4,7.59,96.2,68.4,58.8,61.8,81.1,4.2,2,0,2,75.2,0,90.3,Low,67.53,0,81.08,77.62
STU01007,20,Male,Electrical,5,7.47,65.6,64.0,47.4,56.4,59.2,1.6,21,3,2,49.0,1,70.7,Low,56.75,1,48.6,65.24
STU01008,21,Male,Mechanical,6,6.04,66.0,55.7,38.2,40.0,60.9,2.1,19,2,1,39.0,1,34.4,High,48.7,1,50.1,57.12
STU01009,21,Female,Management,8,8.13,77.0,74.2,50.2,70.9,73.8,4.0,16,0,5,55.0,0,75.3,Low,67.28,1,72.0,74.62
STU01010,21,Female,Electronics,7,7.31,74.5,71.8,56.9,56.4,77.8,3.1,17,1,1,56.9,0,72.0,Low,65.72,1,65.26,70.5
STU01011,21,Male,Mechanical,6,5.15,50.5,43.4,38.6,43.8,61.5,1.4,34,5,5,40.6,1,33.7,High,46.82,2,38.24,49.38
STU01012,21,Male,Electrical,7,8.62,79.7,70.7,82.7,81.0,81.2,3.1,13,0,3,73.4,0,80.1,Low,78.9,1,74.86,81.66
STU01013,18,Male,Mechanical,2,6.06,77.2,67.1,55.3,72.9,61.4,2.2,14,3,3,56.5,0,56.3,Medium,64.18,1,54.6,66.18
STU01014,20,Male,Computer Science,3,4.53,56.9,46.3,44.8,34.7,61.3,2.7,30,2,0,43.7,0,51.8,Medium,46.78,2,54.98,48.79
STU01015,19,Female,Computer Science,3,5.85,71.1,54.8,62.0,46.6,61.0,2.0,16,3,3,44.4,2,58.6,Medium,56.1,1,48.76,60.69
STU01016,21,Male,Computer Science,6,5.87,63.5,59.8,25.3,39.0,54.4,2.5,23,3,2,40.5,1,49.3,High,44.62,2,49.7,54.27
STU01017,21,Female,Mechanical,7,7.86,92.2,76.2,72.7,56.9,72.6,4.0,5,0,2,76.3,0,82.4,Low,69.6,0,80.52,78.4
STU01018,20,Female,Civil,3,7.19,81.5,63.5,64.0,55.2,69.3,2.7,12,1,1,68.0,0,66.9,Low,63.0,0,67.7,70.74
STU01019,20,Female,Mechanical,3,6.24,71.1,54.4,61.2,46.6,67.8,2.8,16,2,3,58.8,2,67.8,Low,57.5,1,61.52,62.62
STU01020,21,Female,Civil,5,7.51,92.6,79.5,54.6,58.4,66.2,3.9,5,2,1,73.1,0,78.6,Low,64.68,0,72.74,75.31
STU01021,21,Female,Computer Science,8,7.03,74.7,73.7,61.6,66.5,62.7,2.8,16,0,3,54.1,1,81.8,Low,66.12,1,65.64,69.73
STU01022,18,Other,Computer Science,2,7.75,76.7,78.3,63.7,59.9,68.9,4.1,9,2,4,67.2,0,84.8,Low,67.7,1,71.38,73.38
STU01023,22,Male,Electrical,8,6.39,75.2,57.1,53.1,67.2,74.9,2.6,15,0,2,64.4,0,71.7,Low,63.08,1,68.76,66.4
STU01024,19,Male,Electrical,3,7.82,96.0,77.8,90.6,77.3,80.0,4.1,2,1,1,80.4,0,71.6,Low,81.42,0,79.66,83.94
STU01025,20,Male,Civil,3,5.97,57.3,47.7,35.5,27.5,62.1,1.6,24,2,3,47.7,3,44.4,High,43.2,2,51.08,52.5
STU01026,21,Female,Electrical,6,6.34,90.6,66.6,72.7,72.4,70.1,5.3,6,1,1,86.4,0,64.5,Medium,70.45,0,88.06,73.02
STU01027,21,Female,Management,7,5.1,75.8,52.7,50.9,41.5,49.8,2.2,16,0,1,69.5,3,46.0,High,48.72,1,68.8,56.29
STU01028,21,Male,Management,8,7.17,84.1,72.5,51.8,60.6,80.3,2.1,11,1,4,68.2,1,58.2,Medium,66.3,0,64.78,72.64
STU01029,18,Female,Civil,2,7.04,78.4,72.9,56.5,44.7,61.3,2.7,12,0,0,60.6,0,72.1,Low,58.85,1,67.74,67.78
STU01030,19,Female,Electronics,2,7.74,87.5,70.4,75.9,61.0,83.8,2.6,9,1,3,55.8,0,79.0,Low,72.78,0,62.32,78.08
STU01031,20,Female,Computer Science,5,8.32,84.6,67.9,76.8,86.4,66.9,2.9,10,0,0,57.0,2,82.4,Low,74.5,0,67.3,80.07
STU01032,20,Male,Civil,5,7.43,89.4,83.7,74.8,79.4,80.5,4.1,7,1,1,76.4,0,67.7,Low,79.6,0,78.06,80.19
STU01033,19,Male,Electronics,3,5.76,79.8,59.6,71.1,67.0,63.4,2.8,14,0,1,72.3,0,68.5,Low,65.27,1,72.92,66.22
STU01034,21,Male,Computer Science,6,7.7,84.2,71.1,72.4,79.2,59.5,2.8,9,1,3,71.0,1,74.7,Low,70.55,0,69.4,76.22
STU01035,20,Male,Computer Science,3,6.49,70.6,55.7,59.5,62.8,74.5,2.5,20,3,3,59.5,0,48.8,High,63.12,1,57.3,65.62
STU01036,22,Female,Management,8,6.06,63.6,61.9,63.9,57.3,54.8,1.4,24,2,2,57.2,0,51.9,Medium,59.47,2,53.88,60.9
STU01037,20,Male,Computer Science,3,7.88,86.4,68.1,85.8,78.6,72.3,3.7,8,0,1,63.2,0,92.1,Low,76.2,0,73.78,79.66
STU01038,21,Male,Electrical,6,6.89,71.3,59.9,47.2,44.6,54.4,2.4,18,3,3,25.3,0,54.8,Medium,51.52,1,43.12,62.55
STU01039,20,Male,Management,5,7.38,91.0,65.2,63.1,75.9,65.3,2.8,6,0,0,92.7,1,88.5,Low,67.38,0,81.08,75.53
STU01040,18,Female,Civil,2,7.53,61.7,69.3,58.1,69.3,63.6,2.5,21,2,2,31.7,0,52.0,Medium,65.08,2,49.18,67.81
STU01041,21,Male,Computer Science,6,6.3,78.8,58.9,41.6,55.0,56.7,1.1,12,2,1,29.9,2,51.2,Medium,53.05,1,41.46,62.97
STU01042,20,Female,Electrical,3,8.16,86.7,84.7,69.8,75.3,89.1,4.5,7,0,1,79.0,0,94.3,Low,79.72,0,84.1,82.12
STU01043,21,Male,Civil,5,6.91,63.8,58.9,59.9,44.1,63.3,1.9,24,2,2,40.8,0,53.5,Medium,56.55,2,49.82,62.76
STU01044,21,Female,Computer Science,6,7.73,84.6,68.4,68.3,56.8,71.5,5.0,10,0,1,83.0,0,79.3,Low,66.25,0,88.2,74.71
STU01045,19,Male,Civil,2,6.06,69.7,66.6,57.2,52.9,55.0,1.8,18,2,3,68.1,1,51.9,Medium,57.92,1,60.24,61.8
STU01046,20,Male,Computer Science,3,5.43,73.3,62.3,56.1,46.0,77.2,2.9,17,2,1,64.9,2,49.9,High,60.4,1,64.46,61.49
STU01047,20,Other,Civil,4,6.74,67.5,70.8,62.0,60.9,60.7,2.6,21,0,2,67.2,1,71.6,Low,63.6,1,69.88,65.9
STU01048,22,Male,Management,8,7.19,88.5,69.6,61.0,59.7,82.2,4.9,7,0,1,62.3,0,85.9,Low,68.12,0,79.42,74.54
STU01049,19,Female,Mechanical,3,6.29,67.8,61.8,46.3,60.3,57.4,3.3,20,1,1,52.4,0,57.3,Medium,56.45,1,64.46,61.54
STU01050,21,Female,Management,8,7.22,88.9,67.0,56.1,61.6,70.1,3.4,8,0,2,77.3,0,93.6,Low,63.7,0,77.92,72.97
STU01051,20,Male,Electronics,5,5.18,72.6,60.5,56.0,58.6,57.5,3.8,19,1,1,53.6,1,55.0,Medium,58.15,1,67.44,59.54
STU01052,21,Female,Electrical,8,7.26,83.0,69.5,83.6,51.8,86.8,4.5,10,0,1,82.8,1,80.3,Low,72.92,0,85.62,75.33
STU01053,21,Male,Electrical,7,7.17,76.0,100.0,67.1,68.2,61.6,2.7,14,3,3,67.6,2,61.0,Medium,74.23,1,61.54,73.78
STU01054,19,Female,Computer Science,4,10.0,100.0,100.0,99.2,89.9,100.0,6.8,0,0,1,91.6,0,100.0,Low,97.28,0,96.64,98.91
STU01055,21,Female,Management,5,5.35,83.7,70.2,47.6,46.6,71.0,4.2,11,2,1,70.4,0,63.1,Medium,58.85,0,73.16,63.19
STU01056,22,Female,Management,7,7.94,73.5,64.1,67.1,79.7,65.3,3.0,16,1,3,49.4,0,75.1,Low,69.05,1,61.76,73.78
STU01057,18,Female,Electronics,2,8.06,100.0,87.4,86.2,79.0,91.1,5.6,0,0,1,73.5,1,83.2,Low,85.93,0,87.4,87.58
STU01058,21,Female,Electrical,6,7.67,70.9,71.8,64.3,56.2,73.8,2.7,18,1,3,68.2,0,58.4,Medium,66.53,1,67.78,71.18
STU01059,21,Female,Computer Science,5,7.61,87.9,69.4,75.5,62.2,71.8,4.8,7,1,1,75.0,0,80.6,Low,69.73,0,81.0,76.5
STU01060,18,Male,Computer Science,2,7.11,80.4,65.1,77.2,52.9,65.0,3.8,12,0,2,60.9,0,76.5,Low,65.05,0,73.36,71.01
STU01061,22,Female,Computer Science,8,6.49,83.7,78.6,74.3,47.8,71.8,4.5,9,0,2,68.1,0,61.8,Medium,68.12,0,79.74,70.89
STU01062,20,Female,Mechanical,3,7.52,75.0,71.7,74.2,68.4,76.2,1.9,16,3,1,57.0,0,89.4,Low,72.62,1,53.3,74.12
STU01063,22,Male,Computer Science,8,6.77,80.6,61.2,61.0,50.0,65.4,2.9,12,1,2,86.8,1,66.8,Low,59.4,0,76.22,67.6
STU01064,19,Female,Computer Science,3,8.37,85.0,69.1,69.6,60.8,79.3,4.0,9,0,2,52.7,0,67.4,Low,69.7,0,71.08,78.42
STU01065,20,Male,Management,5,6.35,75.2,62.8,66.8,56.5,66.6,3.5,14,0,0,74.4,2,70.8,Low,63.18,1,77.26,66.3
STU01066,20,Female,Mechanical,4,7.1,77.2,54.7,60.2,60.7,63.7,3.6,14,0,3,65.7,0,59.7,Medium,59.82,1,74.28,68.08
STU01067,21,Female,Electrical,8,6.0,71.3,51.7,58.0,50.4,65.0,2.6,16,1,2,69.7,0,52.7,Medium,56.28,1,67.88,61.34
STU01068,21,Male,Computer Science,8,6.98,58.9,55.6,64.8,50.9,60.8,1.9,25,1,4,38.9,0,58.8,Medium,58.03,2,52.06,62.37
STU01069,21,Male,Computer Science,7,8.79,86.6,81.8,63.3,72.7,88.0,3.7,7,0,2,79.0,0,76.5,Low,76.45,0,80.1,83.0
STU01070,21,Female,Electrical,7,5.94,87.0,85.7,48.3,58.1,72.9,3.7,9,0,3,60.5,0,65.0,Low,66.25,0,72.7,69.04
STU01071,22,Male,Electronics,7,7.23,75.4,65.6,60.6,65.0,72.7,3.4,14,1,2,56.5,0,71.7,Low,65.97,1,66.6,70.55
STU01072,19,Other,Electronics,4,6.16,80.4,54.4,60.2,44.7,62.4,2.3,13,2,2,63.2,2,56.2,Medium,55.42,0,60.78,63.83
STU01073,22,Male,Management,8,6.3,62.4,61.5,60.1,42.4,61.7,4.0,26,2,2,58.3,0,57.9,Medium,56.42,2,67.32,60.22
STU01074,21,Male,Electronics,5,5.01,63.8,58.3,35.8,38.2,51.4,1.3,25,1,3,60.8,0,45.1,High,45.92,2,57.82,51.86
STU01075,19,Male,Mechanical,4,6.35,84.1,73.7,65.2,49.9,68.9,5.3,11,1,2,54.1,1,77.3,Low,64.43,0,75.14,69.02
STU01076,20,Female,Civil,3,6.15,49.4,59.2,68.8,41.2,57.7,0.2,34,4,7,47.9,1,51.6,Medium,56.72,2,38.16,56.56
STU01077,21,Female,Computer Science,6,8.07,96.8,84.6,71.7,75.1,82.3,4.2,2,2,2,82.4,0,78.5,Low,78.42,0,77.96,83.82
STU01078,19,Female,Civil,3,9.43,92.1,87.2,84.1,85.9,86.6,3.2,4,1,1,80.3,0,100.0,Low,85.95,0,75.12,90.41
STU01079,20,Female,Electronics,6,5.51,76.7,60.3,61.8,48.7,57.9,3.0,26,1,4,47.2,2,48.5,High,57.18,1,60.88,61.33
STU01080,19,Female,Computer Science,2,9.13,78.8,71.6,77.7,82.2,92.7,3.3,13,2,2,67.5,0,83.4,Low,81.05,1,67.5,84.08
STU01081,20,Male,Electronics,6,7.59,85.1,62.1,80.0,63.4,78.8,3.4,9,0,1,77.7,0,72.4,Low,71.08,0,78.08,76.27
STU01082,21,Male,Mechanical,6,8.1,80.2,86.4,67.6,66.2,76.9,3.0,13,0,2,71.1,0,70.2,Low,74.28,0,73.44,78.11
STU01083,21,Female,Civil,5,7.48,70.8,68.3,63.6,62.3,73.9,4.1,18,1,2,48.0,0,72.5,Low,67.03,1,66.7,70.69
STU01084,20,Male,Management,6,7.52,76.8,76.1,62.1,62.0,72.3,4.6,16,0,2,76.9,0,75.6,Low,68.12,1,83.76,72.77
STU01085,21,Female,Electrical,8,6.83,84.1,53.1,55.1,62.2,77.6,3.6,9,1,4,62.9,0,85.8,Low,62.0,0,70.16,69.73
STU01086,22,Female,Electronics,7,6.34,78.4,72.9,68.3,53.1,64.5,2.5,15,4,3,51.0,0,51.6,Medium,64.7,1,50.9,67.67
STU01087,21,Female,Management,5,6.89,59.0,58.1,49.0,29.3,44.4,2.0,28,3,4,54.7,2,39.8,High,45.2,2,52.88,56.94
STU01088,21,Female,Electrical,8,4.77,65.7,38.3,42.0,24.1,48.3,1.6,19,3,3,46.2,1,27.2,High,38.17,1,47.48,48.39
STU01089,22,Female,Computer Science,8,7.66,86.1,74.7,73.7,80.1,91.8,4.1,10,0,2,70.5,0,78.1,Low,80.08,0,78.7,80.36
STU01090,20,Female,Computer Science,3,6.78,78.8,65.3,58.0,58.2,73.8,2.7,13,2,2,54.7,0,69.3,Low,63.82,1,59.38,68.96
STU01091,19,Female,Computer Science,4,6.12,59.6,45.3,36.6,44.4,55.3,2.2,22,1,6,44.3,0,61.1,Medium,45.4,2,55.72,54.48
STU01092,22,Male,Computer Science,7,5.74,63.5,58.2,42.7,62.2,63.1,1.9,20,1,3,43.8,1,63.5,Medium,56.55,2,54.02,58.59
STU01093,21,Male,Mechanical,5,8.14,89.5,85.3,72.7,95.8,80.5,5.2,6,0,0,87.6,0,82.5,Low,83.58,0,91.04,84.3
STU01094,18,Male,Electronics,2,7.16,81.2,66.1,59.5,48.1,78.5,2.2,11,3,1,38.6,0,61.4,Medium,63.05,0,47.44,70.58
STU01095,21,Female,Management,5,6.05,79.8,51.9,56.6,52.9,63.9,2.5,13,0,1,81.9,1,54.7,Medium,56.32,1,75.26,63.66
STU01096,20,Female,Mechanical,4,8.3,96.3,77.0,94.4,85.0,86.2,4.6,2,1,1,100.0,0,90.1,Low,85.65,0,90.0,87.38
STU01097,21,Female,Computer Science,7,8.33,64.8,69.2,70.0,61.2,67.2,2.6,20,1,1,53.8,0,81.9,Low,66.9,2,61.52,72.11
STU01098,20,Male,Management,5,6.25,76.1,68.0,60.9,53.6,70.7,3.8,17,0,4,64.2,1,77.9,Low,63.3,1,74.68,66.22
STU01099,19,Female,Mechanical,2,7.87,75.9,71.1,71.8,78.8,55.4,2.6,15,1,1,65.9,0,72.4,Low,69.27,1,66.36,74.23
STU01100,19,Male,Computer Science,2,9.07,82.2,76.7,65.7,76.2,81.7,4.9,12,1,3,59.5,0,83.0,Low,75.08,0,75.3,82.32
STU01101,20,Male,Computer Science,4,7.34,94.4,70.8,81.0,73.0,90.9,4.5,3,1,3,79.9,0,88.0,Low,78.93,0,81.46,80.86
STU01102,20,Male,Civil,3,7.47,69.7,67.7,56.3,49.3,77.0,3.0,19,1,6,54.5,0,61.3,Medium,62.58,1,63.8,68.6
STU01103,21,Female,Mechanical,8,7.97,87.0,79.0,72.8,72.1,79.3,5.6,8,0,0,79.7,0,83.0,Low,75.8,0,89.88,79.96
STU01104,19,Female,Civil,3,7.15,96.7,80.8,70.9,59.1,75.4,4.9,2,0,1,55.6,0,88.4,Low,71.55,0,76.74,77.82
STU01105,21,Male,Electrical,6,5.91,72.3,58.9,48.5,37.7,52.6,2.7,18,1,3,50.3,1,66.8,Low,49.42,1,60.62,58.53
STU01106,19,Male,Civil,2,8.04,72.1,68.8,73.7,60.4,69.4,4.0,18,1,4,65.0,0,74.2,Low,68.08,1,73.0,73.4
STU01107,20,Male,Management,5,5.08,74.8,53.6,55.6,42.3,48.6,2.4,14,2,2,53.0,4,53.2,Medium,50.02,1,57.2,56.49
STU01108,21,Male,Electrical,8,5.86,79.4,54.7,71.6,42.8,62.0,3.1,12,1,1,43.3,0,53.9,Medium,57.78,1,59.82,63.47
STU01109,20,Male,Civil,6,8.48,96.8,91.2,84.0,70.5,72.9,3.7,2,2,1,73.8,0,87.2,Low,79.65,0,72.02,85.74
STU01110,20,Male,Computer Science,4,8.41,85.7,76.4,71.5,80.0,73.6,3.5,9,0,1,65.5,0,80.4,Low,75.38,0,73.7,81.01
STU01111,22,Male,Mechanical,7,7.9,75.2,59.9,67.9,75.7,72.6,3.1,17,0,3,55.7,0,82.2,Low,69.03,1,67.78,74.06
STU01112,21,Male,Electronics,5,6.93,91.0,70.2,66.6,60.6,73.9,3.8,5,0,3,67.8,0,76.0,Low,67.82,0,76.12,74.14
STU01113,19,Female,Mechanical,3,5.77,82.5,49.9,67.2,53.9,54.1,3.7,11,1,1,49.0,0,66.9,Low,56.28,0,65.1,63.33
STU01114,22,Male,Electronics,8,6.72,67.8,67.0,67.2,49.3,64.8,3.0,19,1,4,57.8,0,63.3,Medium,62.08,1,65.12,65.3
STU01115,22,Male,Civil,8,6.98,53.1,57.8,50.2,58.5,65.0,1.6,32,2,3,40.3,1,50.6,Medium,57.88,2,48.12,60.86
STU01116,21,Female,Electronics,5,6.99,87.4,62.1,65.9,63.9,77.8,3.6,8,0,2,47.9,0,61.8,Medium,67.42,0,67.16,73.28
STU01117,19,Male,Mechanical,2,8.0,76.7,69.9,76.6,66.4,77.4,3.3,17,2,0,73.2,0,80.7,Low,72.58,1,69.78,76.2
STU01118,20,Female,Electronics,4,6.12,63.7,59.4,61.1,56.0,74.0,2.0,25,0,3,35.4,0,53.6,Medium,62.62,2,54.16,62.4
STU01119,20,Female,Management,5,6.79,80.9,65.9,66.4,64.8,73.6,3.7,11,1,2,63.7,1,77.6,Low,67.68,0,70.98,71.06
STU01120,21,Female,Electronics,8,4.94,48.4,35.0,47.0,44.7,52.7,1.8,29,2,1,48.6,2,39.2,High,44.85,2,52.44,47.33
STU01121,21,Female,Civil,7,8.12,78.4,82.1,60.2,81.1,83.7,3.7,15,0,3,67.5,1,72.4,Low,76.78,1,75.5,78.73
STU01122,19,Female,Mechanical,3,7.7,71.0,60.6,69.2,61.7,65.4,1.9,19,1,0,71.5,1,68.3,Low,64.22,1,65.1,70.39
STU01123,21,Female,Electronics,5,4.75,68.9,39.7,35.2,37.2,45.4,1.0,18,2,5,60.7,1,35.0,High,39.38,1,53.28,49.6
STU01124,20,Female,Electrical,3,7.03,91.0,75.9,61.9,59.5,74.7,4.7,5,0,0,67.1,0,72.5,Low,68.0,0,80.34,74.56
STU01125,20,Male,Management,5,7.07,71.1,71.5,55.4,57.6,70.0,2.7,18,1,1,55.6,1,58.3,Medium,63.62,1,62.74,67.97
STU01126,20,Female,Electrical,5,6.24,83.7,64.3,56.7,49.8,76.2,3.3,10,1,2,74.0,0,60.0,Medium,61.75,0,73.1,67.46
STU01127,21,Female,Management,5,8.43,84.8,69.0,83.4,63.9,86.7,3.7,9,1,4,49.5,0,86.2,Low,75.75,0,65.3,81.0
STU01128,19,Female,Electronics,4,6.27,67.5,53.5,57.1,55.2,76.7,2.6,22,1,1,72.9,0,43.9,High,60.62,1,69.16,63.07
STU01129,20,Male,Management,5,7.24,58.9,55.8,36.6,61.6,51.5,1.8,28,4,2,52.1,0,57.3,Medium,51.38,2,47.84,60.62
STU01130,21,Male,Management,7,6.89,74.7,53.9,35.8,40.0,46.1,2.0,15,4,3,44.9,3,34.6,High,43.95,1,45.96,60.37
STU01131,20,Male,Electrical,5,5.55,61.5,67.9,49.6,51.4,59.1,2.8,25,2,4,40.8,0,50.4,Medium,57.0,2,54.32,57.6
STU01132,19,Male,Electrical,2,6.02,78.2,66.0,70.0,69.9,75.0,1.8,14,4,2,68.1,0,67.1,Low,70.22,1,54.24,68.71
STU01133,21,Female,Civil,7,6.46,67.7,63.7,43.9,52.3,64.2,0.7,20,1,2,55.2,0,57.6,Medium,56.02,1,52.58,61.94
STU01134,21,Male,Mechanical,6,8.46,86.6,72.9,89.8,73.7,84.5,3.0,9,0,1,63.1,0,72.9,Low,80.22,0,70.24,83.35
STU01135,21,Male,Mechanical,6,7.17,78.0,56.2,65.4,58.3,66.7,1.8,14,1,1,50.1,0,65.4,Low,61.65,1,56.04,69.26
STU01136,20,Male,Electronics,6,8.62,100.0,82.7,85.3,79.4,92.3,6.0,0,0,0,83.7,0,100.0,Low,84.92,0,93.48,89.14
STU01137,20,Female,Civil,3,7.03,65.6,63.6,55.6,47.7,68.8,2.1,21,2,3,46.4,0,56.8,Medium,58.92,1,53.06,64.57
STU01138,21,Female,Electronics,8,6.42,62.8,68.9,54.6,50.5,66.9,2.9,22,2,4,40.3,0,59.8,Medium,60.22,2,54.62,62.26
STU01139,21,Female,Civil,8,8.19,100.0,83.7,79.3,67.7,88.9,6.1,0,0,0,92.7,0,100.0,Low,79.9,0,97.08,85.62
STU01140,20,Female,Mechanical,3,7.03,85.1,77.2,57.7,68.6,75.0,2.7,10,0,2,78.3,1,72.2,Low,69.62,0,74.82,73.73
STU01141,20,Female,Electronics,3,9.11,71.0,68.0,72.5,64.1,76.5,2.5,16,1,3,60.7,1,67.0,Low,70.28,1,63.78,77.74
STU01142,19,Male,Computer Science,3,6.89,70.8,53.4,33.0,27.1,61.6,2.1,18,1,1,46.7,3,42.5,High,43.78,1,56.18,59.32
STU01143,22,Male,Computer Science,8,4.34,69.5,42.2,42.3,38.6,47.5,1.8,20,2,2,42.3,2,24.8,High,42.65,1,49.92,49.62
STU01144,22,Female,Civil,8,6.69,87.9,76.3,62.0,54.0,70.2,3.4,7,1,3,41.5,0,71.2,Low,65.62,0,60.6,71.64
STU01145,19,Female,Electronics,3,6.8,83.3,68.2,57.4,57.8,59.9,3.7,11,2,1,73.4,0,62.8,Medium,60.82,0,71.86,68.96
STU01146,21,Male,Computer Science,6,6.96,63.3,68.2,65.2,63.7,77.7,3.9,24,1,1,54.9,0,68.1,Low,68.7,2,68.46,67.67
STU01147,20,Female,Electronics,3,8.8,97.4,81.1,69.1,87.4,92.9,4.5,1,0,0,82.8,0,80.1,Low,82.62,0,85.62,88.2
STU01148,19,Male,Electronics,2,7.4,81.6,58.3,63.2,62.0,55.6,2.9,13,1,2,62.6,0,64.1,Medium,59.78,0,66.54,70.21
STU01149,19,Female,Computer Science,3,8.22,83.8,65.1,67.3,78.2,86.0,3.8,11,0,1,80.6,1,86.3,Low,74.15,0,81.24,79.38
STU01150,18,Female,Electronics,2,8.45,80.2,73.5,82.1,75.8,77.5,4.4,12,1,4,91.3,0,78.2,Low,77.22,0,85.52,80.52
STU01151,21,Male,Civil,7,7.87,72.6,63.2,63.2,63.8,65.6,2.6,17,2,2,37.6,1,58.5,Medium,63.95,1,52.04,71.28
STU01152,22,Female,Electrical,7,8.68,79.6,81.6,71.4,88.9,83.4,3.5,12,1,1,73.9,0,82.1,Low,81.32,1,74.06,82.81
STU01153,19,Female,Management,3,7.45,84.6,75.1,75.3,64.9,76.8,4.8,10,0,0,75.7,0,78.5,Low,73.02,0,84.28,76.44
STU01154,21,Female,Computer Science,5,6.31,72.4,59.1,59.9,55.0,67.1,3.5,18,1,4,54.5,0,59.9,Medium,60.28,1,66.3,64.29
STU01155,19,Female,Electronics,3,7.46,100.0,63.0,69.6,75.6,81.2,4.2,0,0,1,74.7,0,85.2,Low,72.35,0,80.88,80.05
STU01156,20,Male,Computer Science,5,7.65,81.1,76.3,77.7,71.8,84.3,4.0,12,0,2,77.4,0,69.1,Low,77.53,0,80.96,78.06
STU01157,21,Male,Mechanical,8,7.53,76.2,68.9,43.1,74.5,67.6,3.6,16,3,2,61.7,0,66.1,Low,63.52,1,63.68,70.82
STU01158,22,Male,Computer Science,8,9.1,93.3,85.3,87.4,74.2,75.6,5.2,4,0,0,71.2,1,93.1,Low,80.62,0,84.48,87.42
STU01159,21,Male,Computer Science,7,4.68,54.5,47.3,35.6,34.2,52.1,1.7,30,1,3,43.9,2,34.3,High,42.3,2,53.06,46.92
STU01160,19,Male,Mechanical,3,5.15,59.4,54.2,49.1,39.3,43.9,1.2,28,3,1,38.1,2,34.4,High,46.63,2,42.24,51.52
STU01161,20,Female,Electronics,3,5.17,72.2,51.9,60.6,34.0,59.9,2.8,18,1,3,57.5,1,42.2,High,51.6,1,64.0,56.78
STU01162,20,Male,Mechanical,3,6.73,79.6,64.3,55.8,64.2,78.0,3.9,12,1,4,65.0,2,60.3,Medium,65.58,1,72.5,69.68
STU01163,19,Female,Civil,2,6.21,68.9,62.8,54.3,67.8,63.3,2.8,18,1,4,47.5,1,55.9,Medium,62.05,1,60.0,63.78
STU01164,21,Male,Electrical,6,6.89,65.6,60.7,50.3,49.5,48.7,2.7,23,3,0,51.4,0,49.5,High,52.3,1,55.06,61.43
STU01165,20,Male,Electronics,6,5.52,81.0,61.1,42.7,43.0,57.5,2.1,11,4,2,63.5,2,51.5,Medium,51.08,0,53.9,60.0
STU01166,21,Female,Computer Science,8,6.48,74.3,67.5,54.0,41.6,71.4,3.0,15,2,2,77.4,1,74.8,Low,58.62,1,69.96,64.71
STU01167,18,Other,Mechanical,2,10.0,89.5,92.2,87.6,97.6,91.7,4.7,7,0,1,96.2,0,99.1,Low,92.28,0,91.98,94.28
STU01168,19,Female,Computer Science,3,9.03,88.3,80.4,72.2,74.0,87.9,4.6,7,0,2,86.9,0,96.4,Low,78.62,0,87.76,85.13
STU01169,22,Male,Computer Science,7,6.16,58.0,59.8,47.4,41.9,52.5,3.0,28,2,3,46.3,1,54.5,Medium,50.4,2,57.52,56.22
STU01170,20,Female,Electronics,6,7.53,97.6,63.3,72.7,64.1,72.5,3.9,2,1,0,59.5,0,80.6,Low,68.15,0,70.3,78.02
STU01171,20,Male,Computer Science,4,6.44,68.0,51.3,54.7,51.3,62.7,2.9,19,3,1,55.1,0,50.7,Medium,55.0,1,57.54,61.54
STU01172,19,Female,Computer Science,3,4.81,73.1,61.1,40.2,33.7,63.9,1.8,16,0,3,41.1,0,61.0,Medium,49.72,1,55.44,55.0
STU01173,20,Female,Civil,5,6.9,76.0,58.1,59.6,55.6,62.4,2.5,14,2,3,54.9,1,55.5,Medium,58.92,1,58.46,66.72
STU01174,20,Male,Electrical,3,6.36,64.9,54.1,46.8,45.1,57.7,2.6,19,1,0,47.5,0,54.3,Medium,50.92,2,59.0,58.86
STU01175,20,Female,Computer Science,5,7.63,76.7,85.3,54.4,57.5,83.9,4.9,2,0,1,82.5,0,84.9,Low,70.28,1,87.5,73.99
STU01176,21,Female,Mechanical,8,4.77,77.1,61.4,43.7,42.7,64.4,3.6,14,2,1,59.5,1,45.6,High,53.05,1,65.8,57.19
STU01177,19,Male,Management,3,5.92,75.0,57.0,63.8,39.5,69.1,4.3,14,3,4,58.7,0,51.6,Medium,57.35,1,65.98,62.41
STU01178,19,Male,Computer Science,2,7.36,80.0,74.9,72.6,67.3,63.4,1.7,12,0,1,57.8,0,75.3,Low,69.55,0,61.62,73.58
STU01179,22,Female,Civil,7,7.31,76.7,71.1,61.9,89.1,74.4,4.4,8,0,1,62.0,0,79.7,Low,74.12,1,76.8,74.41
STU01180,18,Male,Computer Science,2,8.01,75.9,68.3,75.7,65.9,67.3,2.6,13,0,3,60.3,0,64.3,Medium,69.3,1,67.12,74.73
STU01181,22,Male,Management,8,6.28,59.0,40.2,37.6,52.7,44.8,2.1,26,3,1,49.3,0,54.5,Medium,43.82,2,51.22,54.26
STU01182,22,Male,Computer Science,7,7.65,84.5,74.3,68.4,69.6,70.4,3.8,9,0,1,71.3,0,79.3,Low,70.68,0,77.52,76.17
STU01183,20,Female,Electronics,4,5.44,64.4,61.4,50.5,37.8,62.4,2.2,20,0,4,52.0,3,56.9,Medium,53.02,2,61.8,56.35
STU01184,20,Male,Management,4,7.49,82.8,69.8,67.7,86.7,78.2,2.9,10,0,2,59.0,1,86.4,Low,75.6,0,68.1,77.16
STU01185,20,Female,Civil,4,6.77,76.3,58.3,57.3,53.9,74.5,2.2,16,2,2,57.5,2,62.7,Medium,61.0,1,58.0,67.17
STU01186,20,Female,Computer Science,4,6.34,70.8,55.5,51.4,53.1,64.3,1.5,18,0,2,56.5,3,37.9,High,56.08,1,60.1,62.32
STU01187,21,Male,Electrical,7,5.89,68.1,55.0,61.9,55.5,60.4,2.2,21,1,3,56.8,1,51.6,Medium,58.2,1,60.72,60.92
STU01188,22,Male,Management,7,7.86,84.9,71.9,57.6,76.7,62.1,3.9,9,0,1,64.5,2,62.5,Medium,67.08,0,75.3,75.56
STU01189,20,Male,Mechanical,3,7.87,76.2,61.3,65.1,63.5,59.6,3.0,16,2,5,41.8,0,61.3,Medium,62.37,1,55.72,71.54
STU01190,20,Male,Computer Science,3,6.93,73.6,72.7,65.5,46.8,71.4,3.3,15,0,2,43.7,1,70.6,Low,64.1,1,63.98,68.29
STU01191,21,Male,Computer Science,5,8.54,93.0,77.0,72.3,71.4,71.0,3.9,5,0,2,67.0,0,79.3,Low,72.93,0,76.3,82.31
STU01192,21,Male,Management,6,7.53,73.5,54.8,63.1,87.0,69.2,3.3,17,3,1,60.0,0,62.5,Medium,68.53,1,61.5,72.14
STU01193,22,Female,Computer Science,7,7.8,80.8,71.2,57.3,63.3,72.3,3.0,11,0,1,62.9,0,81.1,Low,66.03,0,70.16,73.91
STU01194,20,Female,Electronics,4,7.26,71.2,65.3,81.3,82.9,58.6,3.3,20,0,3,46.3,1,67.5,Low,72.03,1,65.02,72.02
STU01195,20,Male,Computer Science,5,9.13,84.4,85.4,90.9,78.0,81.4,3.7,10,1,2,52.3,0,86.7,Low,83.93,0,66.42,86.62
STU01196,18,Male,Computer Science,2,9.32,100.0,89.2,86.2,94.4,100.0,4.2,0,0,1,71.5,0,92.9,Low,92.45,0,79.6,94.6
STU01197,21,Male,Mechanical,5,4.59,73.3,50.9,55.8,32.6,55.0,2.6,16,1,2,43.7,0,57.2,Medium,48.58,1,57.48,53.82
STU01198,20,Female,Electronics,6,5.74,64.2,70.3,47.2,48.2,57.8,1.7,20,0,3,38.5,3,50.6,Medium,55.88,2,53.9,58.49
STU01199,20,Male,Computer Science,4,8.06,83.5,63.8,71.5,92.0,65.7,2.2,10,1,1,60.7,1,80.8,Low,73.25,0,62.28,78.39
STU01200,19,Other,Computer Science,4,6.0,78.6,68.6,46.4,44.0,62.6,4.3,13,1,4,66.2,0,52.2,Medium,55.4,1,74.98,62.81
STU01201,20,Female,Computer Science,5,5.49,72.0,61.4,37.4,41.6,66.3,3.2,16,2,2,47.9,1,63.5,Medium,51.68,1,59.16,57.89
STU01202,22,Male,Computer Science,8,6.92,79.9,63.5,55.8,63.5,68.4,2.7,11,0,1,54.8,0,68.4,Low,62.8,1,65.42,69.32
STU01203,21,Female,Computer Science,6,7.85,91.4,68.5,65.6,68.1,71.3,3.3,5,4,0,66.8,0,69.2,Low,68.38,0,61.22,77.68
STU01204,22,Female,Electrical,8,6.68,79.9,75.2,64.7,74.2,74.7,3.8,12,0,1,52.8,0,65.2,Low,72.2,1,70.12,72.24
STU01205,18,Female,Computer Science,2,5.9,61.5,60.5,57.9,48.1,58.1,1.4,22,1,1,52.8,0,49.4,High,56.15,2,55.12,58.48
STU01206,22,Male,Electronics,7,5.44,58.8,59.3,50.1,49.2,55.1,1.9,28,1,3,57.0,0,52.8,Medium,53.42,2,59.3,55.11
STU01207,18,Female,Mechanical,2,6.69,77.5,75.1,52.7,58.8,70.8,3.6,15,1,0,66.2,1,66.9,Low,64.35,1,71.48,68.53
STU01208,20,Male,Electrical,4,6.85,74.8,66.4,51.1,43.6,74.7,5.1,14,0,1,46.7,0,74.9,Low,58.95,1,74.18,66.26
STU01209,19,Female,Civil,4,9.7,83.4,72.4,95.4,74.8,80.7,2.6,10,0,2,68.6,0,75.2,Low,80.82,0,70.44,87.13
STU01210,19,Male,Management,3,6.96,72.2,57.7,70.3,52.7,64.3,2.2,19,1,0,59.1,1,71.5,Low,61.25,1,61.64,66.91
STU01211,22,Male,Computer Science,8,8.63,76.5,82.0,81.3,43.2,77.0,2.8,16,0,1,67.2,0,64.5,Medium,70.88,1,70.88,77.68
STU01212,22,Female,Computer Science,8,5.84,72.6,56.0,65.7,49.0,55.4,1.3,16,2,4,67.2,0,68.0,Low,56.52,1,57.38,61.2
STU01213,21,Male,Computer Science,5,6.31,87.3,66.2,55.6,48.0,71.5,3.1,7,1,3,51.9,0,76.7,Low,60.32,0,63.26,68.04
STU01214,20,Male,Computer Science,5,5.4,78.7,70.1,59.1,45.4,45.7,1.9,14,0,2,45.2,0,56.0,Medium,55.08,1,57.58,60.6
STU01215,22,Female,Management,7,3.3,43.4,30.7,22.4,32.2,42.1,1.4,37,4,4,37.6,2,24.9,High,31.85,2,40.04,35.14
STU01216,20,Male,Mechanical,6,5.1,66.3,27.3,48.7,30.0,47.0,1.1,21,1,5,45.4,1,39.1,High,38.25,1,50.66,49.72
STU01217,21,Female,Electrical,5,4.35,53.7,28.2,42.2,37.5,38.2,0.2,29,0,1,52.6,1,27.8,High,36.53,2,52.04,43.26
STU01218,22,Female,Management,7,4.12,62.1,41.6,19.7,18.5,39.8,1.4,24,2,4,39.2,4,26.9,High,29.9,2,46.68,41.9
STU01219,20,Male,Electrical,3,5.23,76.0,56.6,52.3,39.6,56.2,2.1,15,3,4,44.2,0,50.2,Medium,51.18,1,49.18,57.78
STU01220,19,Female,Electronics,3,7.52,80.4,80.6,64.9,86.8,65.8,3.7,13,1,3,52.5,0,59.9,Medium,74.53,0,66.5,76.23
STU01221,19,Other,Management,2,6.67,71.4,75.9,61.9,58.5,50.6,4.1,17,2,1,62.0,0,78.3,Low,61.72,1,69.3,65.88
STU01222,19,Female,Electronics,2,8.7,79.6,58.1,70.0,85.8,69.5,4.1,11,0,2,64.9,0,93.8,Low,70.85,1,76.46,78.69
STU01223,19,Female,Computer Science,3,8.34,82.2,92.8,76.3,86.1,66.0,3.2,11,0,0,69.5,0,74.4,Low,80.3,0,73.8,81.86
STU01224,21,Female,Mechanical,6,8.5,71.5,68.2,63.9,65.5,73.3,3.5,17,1,3,63.2,0,83.3,Low,67.72,1,69.78,74.72
STU01225,21,Female,Management,7,6.0,71.0,62.0,38.6,40.7,48.1,1.1,19,3,3,35.6,0,44.4,High,47.35,1,40.74,57.69
STU01226,21,Male,Electrical,6,7.27,89.5,74.8,61.6,49.5,72.7,3.8,7,0,2,50.4,0,72.6,Low,64.65,0,69.16,73.68
STU01227,20,Female,Electronics,5,6.95,69.4,63.5,61.9,66.4,59.8,3.2,20,2,4,51.4,0,67.1,Low,62.9,1,60.56,66.84
STU01228,19,Male,Electrical,3,6.81,80.6,63.3,61.8,58.1,72.1,1.7,13,2,0,54.8,0,65.0,Low,63.82,0,54.42,69.51
STU01229,18,Male,Mechanical,2,7.07,71.4,56.5,73.0,69.4,69.6,2.4,18,0,2,49.1,0,61.3,Medium,67.12,1,61.64,69.44
STU01230,20,Male,Civil,6,7.99,88.9,67.7,76.4,81.5,75.6,4.0,7,0,1,80.1,0,83.7,Low,75.3,0,82.04,80.31
STU01231,18,Female,Electronics,2,7.08,77.7,58.1,59.3,43.8,62.8,3.1,15,1,3,59.4,1,59.8,Medium,56.0,1,66.26,66.6
STU01232,21,Male,Computer Science,7,6.17,70.0,54.3,61.2,65.3,69.3,2.9,21,1,0,60.1,0,45.0,High,62.53,1,65.54,64.1
STU01233,19,Male,Electronics,4,6.3,63.4,60.4,50.8,39.0,52.8,1.0,25,2,2,51.3,0,40.8,High,50.75,2,49.52,58.2
STU01234,19,Male,Management,4,6.26,71.4,62.9,67.9,61.4,65.8,2.6,16,3,1,63.8,1,58.5,Medium,64.5,1,59.52,65.56
STU01235,18,Male,Management,2,7.57,77.9,85.8,87.3,64.9,58.0,3.9,13,0,1,77.9,0,70.4,Low,74.0,1,80.66,75.57
STU01236,19,Female,Computer Science,3,6.6,80.3,64.3,65.7,48.6,64.9,3.8,13,1,3,80.4,2,60.1,Medium,60.88,0,78.16,67.53
STU01237,19,Male,Computer Science,2,7.04,100.0,73.2,72.5,57.1,72.3,5.1,0,1,0,74.2,0,84.9,Low,68.77,0,82.18,77.15
STU01238,21,Male,Computer Science,7,7.88,72.5,75.0,64.5,68.8,80.0,3.8,17,1,4,73.8,0,63.1,Medium,72.08,1,75.52,74.54
STU01239,21,Female,Electrical,5,8.85,96.0,81.5,79.7,66.8,80.6,4.6,3,0,1,78.5,0,95.8,Low,77.15,0,84.4,85.84
STU01240,22,Male,Mechanical,7,9.43,92.5,83.4,86.1,76.1,73.7,3.6,5,1,3,77.5,0,83.5,Low,79.82,0,76.0,88.06
STU01241,20,Male,Mechanical,5,8.8,86.2,93.7,70.9,76.5,88.3,5.0,9,0,2,76.0,0,99.1,Low,82.35,0,85.4,85.29
STU01242,22,Female,Computer Science,8,4.67,60.4,59.3,57.1,41.3,44.2,1.1,24,2,2,45.2,2,39.3,High,50.47,2,47.58,51.64
STU01243,22,Female,Computer Science,7,9.03,90.1,92.0,78.3,67.7,82.9,3.8,6,0,1,65.1,0,96.9,Low,80.22,0,75.04,86.22
STU01244,20,Male,Management,3,5.89,55.4,51.8,43.4,19.2,36.6,0.2,29,4,1,25.4,0,42.8,High,37.75,2,29.16,49.57
STU01245,18,Female,Mechanical,2,7.52,71.9,63.1,71.8,75.2,64.7,3.4,18,0,2,59.2,1,59.6,Medium,68.7,1,70.68,71.78
STU01246,21,Female,Computer Science,8,7.22,76.2,77.6,60.7,71.6,68.0,5.0,16,0,2,73.6,1,71.0,Low,69.47,1,84.44,72.11
STU01247,20,Female,Computer Science,3,5.81,65.6,58.8,55.1,29.5,67.5,1.2,21,2,4,35.7,1,65.9,Low,52.72,1,44.28,57.82
STU01248,22,Male,Computer Science,7,5.08,70.6,49.9,35.8,42.9,55.3,2.8,20,2,2,65.2,0,53.4,Medium,45.97,1,64.08,53.82
STU01249,20,Female,Computer Science,6,7.48,88.1,67.2,71.5,63.1,65.6,4.6,7,1,1,78.5,0,66.1,Low,66.85,0,81.4,74.94
STU01250,20,Female,Computer Science,6,5.71,69.7,49.4,44.8,28.5,52.0,1.0,17,2,1,49.4,1,38.8,High,43.68,1,48.76,54.88
STU01251,19,Female,Civil,3,7.03,64.5,75.1,67.5,75.3,80.1,2.9,20,3,3,65.1,0,73.8,Low,74.5,2,61.54,70.53
STU01252,19,Female,Computer Science,4,8.11,87.0,75.9,77.9,85.8,62.7,4.3,9,1,2,59.8,0,85.4,Low,75.58,0,72.42,80.36
STU01253,20,Female,Electronics,5,5.02,62.5,53.1,48.9,55.1,61.7,1.6,22,2,1,33.2,1,37.5,High,54.7,2,45.28,55.08
STU01254,18,Female,Mechanical,2,6.89,82.6,66.7,68.2,77.3,72.4,3.0,11,0,3,56.1,1,58.5,Medium,71.15,0,67.44,73.22
STU01255,20,Male,Electronics,4,6.56,77.0,58.3,53.2,59.5,62.1,3.7,14,2,2,67.3,0,64.1,Medium,58.28,1,69.42,65.52
STU01256,21,Male,Mechanical,5,5.23,82.0,50.7,51.6,44.5,59.2,2.1,11,1,1,64.7,1,54.9,Medium,51.5,0,63.38,59.4
STU01257,20,Female,Management,3,8.25,96.4,89.0,64.0,76.0,93.7,4.5,2,0,0,70.0,0,96.5,Low,80.68,0,80.5,85.24
STU01258,20,Male,Computer Science,4,6.49,67.9,53.8,69.1,59.9,68.6,2.3,21,4,1,42.1,0,60.0,Medium,62.85,1,46.34,64.83
STU01259,22,Female,Electrical,8,8.86,95.8,89.9,77.6,98.7,82.3,6.4,3,0,0,75.7,0,95.3,Low,87.12,0,90.28,89.81
STU01260,19,Female,Computer Science,4,6.51,58.8,52.3,64.9,48.1,58.4,2.4,25,1,3,29.7,0,52.4,Medium,55.92,2,50.88,59.86
STU01261,22,Female,Computer Science,8,8.43,87.9,79.9,70.9,67.4,84.9,4.0,8,1,2,61.2,0,77.6,Low,75.78,0,71.48,81.79
STU01262,22,Male,Computer Science,8,7.52,81.6,72.3,78.4,52.5,79.3,4.5,12,0,3,76.2,0,79.5,Low,70.62,0,82.98,74.97
STU01263,20,Female,Civil,6,7.83,96.3,73.0,84.1,81.0,82.5,3.6,2,0,0,48.5,0,79.8,Low,80.15,0,67.4,83.54
STU01264,20,Female,Electronics,3,6.0,69.5,66.5,63.0,54.6,53.0,2.8,20,2,2,52.6,1,46.7,High,59.28,1,59.04,62.08
STU01265,19,Male,Electrical,3,6.89,71.2,63.5,64.5,54.6,87.0,3.2,17,1,2,77.7,1,66.8,Low,67.4,1,74.08,68.88
STU01266,21,Female,Computer Science,8,6.71,89.1,69.0,53.2,66.4,74.6,3.2,7,0,2,71.5,1,63.8,Medium,65.8,0,74.6,72.08
STU01267,18,Male,Mechanical,2,5.84,47.4,64.5,49.2,45.0,70.9,2.0,29,2,3,53.4,2,53.1,Medium,57.4,2,55.36,55.25
STU01268,21,Female,Computer Science,5,8.06,85.6,70.4,69.4,59.8,78.8,4.6,9,0,0,70.8,0,79.5,Low,69.6,0,81.32,77.45
STU01269,20,Male,Computer Science,6,7.52,98.8,83.0,76.9,85.7,83.6,6.3,1,0,0,91.9,1,92.4,Low,82.3,0,96.76,83.94
STU01270,21,Female,Mechanical,7,7.34,70.6,70.9,60.7,52.5,70.8,3.1,18,0,2,72.6,0,73.5,Low,63.73,1,74.54,68.83
STU01271,22,Male,Computer Science,8,8.7,93.0,83.2,78.5,82.1,90.1,5.1,5,1,2,72.2,0,92.0,Low,83.48,0,81.38,87.09
STU01272,19,Male,Electronics,3,9.36,86.8,81.7,57.0,79.4,93.6,4.3,8,0,0,83.5,0,93.7,Low,77.92,0,84.9,85.63
STU01273,20,Male,Mechanical,5,6.4,60.3,59.6,48.7,36.7,64.0,2.2,26,2,4,31.5,0,52.0,Medium,52.25,2,47.6,58.38
STU01274,21,Male,Civil,6,7.45,91.2,67.7,69.1,68.9,89.3,3.9,6,2,2,73.8,0,64.7,Medium,73.75,0,73.02,78.38
STU01275,21,Female,Civil,8,6.08,65.3,63.1,44.3,43.0,58.2,1.4,20,2,2,51.5,1,46.2,High,52.15,1,51.6,58.46
STU01276,20,Female,Computer Science,5,6.68,69.7,73.5,57.3,71.5,60.5,2.1,21,2,2,59.5,0,74.1,Low,65.7,1,58.3,67.08
STU01277,18,Male,Computer Science,2,7.47,92.4,77.4,67.3,69.0,77.5,4.5,5,1,0,77.9,0,78.6,Low,72.8,0,80.66,78.37
STU01278,22,Male,Electronics,8,8.72,94.0,71.9,85.9,80.6,84.8,4.0,4,4,3,82.4,0,80.6,Low,80.8,0,70.96,86.34
STU01279,21,Female,Computer Science,5,7.61,74.7,63.7,70.7,41.7,64.8,3.0,14,0,1,64.9,1,62.6,Medium,60.23,1,70.96,69.4
STU01280,19,Male,Electronics,3,6.44,81.0,71.1,67.7,57.3,72.6,6.0,11,1,2,82.0,1,83.2,Low,67.18,0,89.8,69.66
STU01281,19,Male,Electronics,3,7.48,71.9,81.7,69.8,65.9,73.4,3.3,19,1,3,62.5,0,77.3,Low,72.7,1,68.5,73.24
STU01282,20,Male,Electronics,3,4.58,54.2,44.7,39.9,41.5,52.0,0.7,29,0,1,53.0,3,24.7,High,44.52,2,54.7,47.39
STU01283,22,Female,Mechanical,7,5.41,74.8,67.7,61.2,41.6,60.4,4.0,16,1,3,63.9,0,66.0,Low,57.72,1,72.56,60.73
STU01284,22,Other,Computer Science,8,8.83,91.3,73.5,74.6,72.4,75.9,3.9,5,1,3,63.9,0,80.2,Low,74.1,0,72.06,83.37
STU01285,20,Male,Electronics,5,5.63,62.2,56.4,57.3,62.9,64.0,1.7,22,3,3,52.6,1,54.1,Medium,60.15,2,50.54,59.32
STU01286,19,Female,Computer Science,2,7.33,75.2,69.2,75.8,78.2,78.4,2.9,14,2,2,64.3,1,80.0,Low,75.4,1,64.22,74.61
STU01287,21,Female,Computer Science,8,5.33,68.9,50.8,46.6,54.0,51.9,1.9,21,0,3,58.9,2,47.6,High,50.82,1,63.06,56.21
STU01288,21,Other,Electrical,6,7.5,88.5,82.3,62.3,70.0,63.8,5.2,6,0,1,63.7,0,82.9,Low,69.6,0,81.48,76.22
STU01289,21,Female,Computer Science,5,9.59,85.6,73.1,83.8,80.0,72.9,4.0,8,2,0,64.0,0,76.4,Low,77.45,0,69.6,85.94
STU01290,19,Female,Computer Science,2,8.51,89.5,86.4,77.0,77.5,83.7,5.4,7,0,1,68.9,0,86.2,Low,81.15,0,84.56,84.62
STU01291,21,Female,Electrical,8,6.95,100.0,89.3,70.5,68.6,74.4,5.6,0,2,2,99.0,0,75.6,Low,75.7,0,91.6,79.6
STU01292,18,Female,Electronics,2,6.84,61.5,52.6,57.7,57.7,61.6,2.3,23,1,4,43.4,1,50.0,Medium,57.4,2,55.86,62.28
STU01293,20,Male,Computer Science,6,7.1,66.1,70.0,42.4,49.9,63.4,0.5,22,1,0,55.3,0,58.7,Medium,56.42,1,51.62,63.94
STU01294,20,Female,Electrical,6,4.9,74.8,58.7,37.2,42.7,54.1,1.7,16,2,4,32.4,2,26.7,High,48.18,1,45.46,55.12
STU01295,20,Female,Civil,5,6.16,58.6,68.4,53.6,60.2,68.5,1.4,24,3,1,68.8,0,61.0,Medium,62.68,2,55.52,61.28
STU01296,21,Male,Management,5,7.81,76.7,70.2,66.0,74.4,84.5,4.7,11,0,2,59.5,1,85.4,Low,73.78,1,77.3,76.02
STU01297,20,Male,Management,4,6.89,71.3,50.9,43.2,30.3,54.3,2.4,20,2,2,62.0,1,33.3,High,44.68,1,60.8,59.81
STU01298,20,Male,Civil,6,6.57,58.1,58.2,46.6,48.8,54.1,2.4,25,2,1,44.4,2,47.9,High,51.92,2,53.76,58.29
STU01299,19,Male,Computer Science,4,4.9,71.6,71.6,63.5,49.6,61.4,2.2,19,1,2,44.8,1,42.0,High,61.52,1,55.92,59.66
STU01300,20,Male,Mechanical,5,5.56,63.5,58.6,55.8,47.0,65.9,3.4,23,1,0,62.4,1,57.9,Medium,56.82,2,68.96,58.06
STU01301,21,Male,Computer Science,6,7.51,67.7,66.2,57.0,42.5,53.6,2.6,20,2,4,59.5,0,62.6,Medium,54.82,1,60.8,65.14
STU01302,22,Male,Mechanical,7,5.18,54.0,37.1,23.3,22.4,43.3,0.6,28,2,5,45.7,4,37.6,High,31.52,2,45.28,44.24
STU01303,19,Female,Management,3,7.56,74.2,60.5,61.1,68.1,69.8,2.0,17,1,1,51.6,1,59.0,Medium,64.88,1,57.64,70.96
STU01304,21,Male,Computer Science,8,8.17,75.7,66.5,66.7,80.8,69.8,3.4,17,0,4,82.9,1,75.6,Low,70.95,1,80.16,75.9
STU01305,19,Male,Management,2,6.83,81.9,66.2,54.1,54.9,66.7,2.3,10,3,4,74.4,0,56.5,Medium,60.48,0,62.26,68.57
STU01306,19,Male,Mechanical,3,4.57,60.2,33.0,54.2,24.1,41.8,2.1,27,3,1,52.4,3,29.8,High,38.28,2,52.46,46.36
STU01307,19,Male,Computer Science,4,6.02,71.7,55.4,39.8,57.5,68.6,2.8,16,4,0,78.2,0,52.4,Medium,55.32,1,63.28,61.12
STU01308,20,Male,Electrical,4,7.81,59.3,50.8,66.7,68.2,67.6,1.2,26,3,3,44.6,0,68.3,Low,63.32,2,44.84,67.49
STU01309,19,Other,Mechanical,4,3.18,56.9,48.4,28.3,29.3,29.6,0.8,27,3,2,43.5,3,24.8,High,33.9,2,42.4,38.92
STU01310,20,Male,Electronics,4,6.76,85.0,62.1,55.0,52.3,68.8,2.0,9,0,2,46.8,1,68.3,Low,59.55,0,58.72,68.73
STU01311,21,Male,Mechanical,5,4.81,58.7,52.9,30.0,39.1,59.5,3.0,27,2,3,52.7,0,43.8,High,45.38,2,60.08,49.66
STU01312,22,Female,Computer Science,7,8.62,92.6,75.8,77.9,82.6,83.3,5.6,5,0,1,83.5,0,84.6,Low,79.9,0,91.4,85.28
STU01313,21,Female,Computer Science,7,6.0,67.2,68.8,56.4,57.2,50.0,2.6,22,1,2,45.1,1,60.9,Medium,58.1,1,58.04,61.04
STU01314,19,Male,Civil,4,7.55,87.9,81.0,72.8,63.0,78.5,2.9,7,3,2,63.7,0,71.2,Low,73.82,0,60.98,77.93
STU01315,20,Male,Management,3,6.91,81.2,67.8,69.5,56.1,62.5,3.2,11,1,2,59.7,0,69.1,Low,63.98,0,66.88,70.08
STU01316,20,Female,Civil,6,8.61,84.0,77.4,91.0,69.0,79.7,3.7,10,0,4,71.5,0,91.1,Low,79.28,0,77.1,82.84
STU01317,19,Male,Electrical,2,6.45,61.3,60.1,37.7,40.6,55.4,2.3,22,1,2,63.4,0,49.9,High,48.45,2,63.86,57.28
STU01318,21,Male,Electrical,5,7.58,71.8,73.1,63.3,58.9,59.9,3.3,19,1,1,51.1,2,79.1,Low,63.8,1,63.94,70.0
STU01319,19,Other,Computer Science,3,5.51,58.8,53.8,62.0,40.8,51.1,0.7,23,4,2,36.1,2,42.8,High,51.92,2,35.94,54.76
STU01320,20,Other,Electrical,6,7.55,87.0,78.4,81.7,60.1,77.1,2.5,8,1,3,37.8,0,81.0,Low,74.32,0,54.62,77.9
STU01321,19,Female,Electrical,2,4.57,50.0,49.5,30.2,28.2,48.2,0.2,30,4,3,37.1,2,34.5,High,39.03,2,33.84,44.1
STU01322,22,Male,Electronics,7,5.49,71.5,49.1,51.4,51.9,55.7,3.0,17,1,3,53.3,2,50.7,Medium,52.03,1,63.32,57.9
STU01323,20,Female,Electronics,3,6.89,85.8,82.0,60.4,77.9,71.0,5.5,8,0,1,81.8,0,76.3,Low,72.82,0,90.22,74.69
STU01324,20,Female,Electrical,5,6.23,62.3,55.7,46.1,52.8,70.8,2.2,21,1,1,58.2,0,55.1,Medium,56.35,2,61.28,59.92
STU01325,20,Female,Management,6,8.18,100.0,59.1,61.8,53.1,78.6,3.6,0,0,2,67.3,0,78.2,Low,63.15,0,74.92,78.89
STU01326,20,Male,Management,5,7.94,96.0,79.9,86.4,80.2,76.9,5.4,3,1,0,68.3,0,100.0,Low,80.85,0,81.32,84.13
STU01327,21,Male,Mechanical,5,8.2,89.3,69.0,56.1,73.8,77.2,3.9,6,1,2,73.3,0,85.6,Low,69.02,0,75.82,78.64
STU01328,19,Male,Electrical,3,6.89,59.7,51.8,37.0,34.9,55.6,1.7,23,1,3,38.7,0,44.7,High,44.82,2,50.98,56.97
STU01329,22,Female,Mechanical,7,5.69,58.8,63.9,55.8,52.6,65.4,2.5,24,2,4,34.3,1,60.9,Medium,59.42,2,50.22,58.39
STU01330,20,Male,Management,5,7.6,92.3,81.0,73.1,76.1,80.1,5.3,4,0,3,84.7,2,74.9,Low,77.57,0,90.38,80.7
STU01331,19,Male,Civil,3,4.19,55.6,65.3,45.1,41.2,49.4,2.8,27,3,1,59.5,3,40.5,High,50.25,2,58.8,48.67
STU01332,19,Male,Management,3,6.56,92.2,70.3,56.4,59.4,64.3,4.1,4,0,0,78.9,0,62.0,Medium,62.6,0,82.06,71.05
STU01333,20,Male,Management,5,7.71,84.5,56.7,66.5,75.1,69.0,3.5,10,0,1,31.3,0,77.0,Low,66.82,0,60.02,74.84
STU01334,22,Female,Electronics,7,7.85,99.0,83.3,68.0,72.5,69.8,5.7,1,0,4,80.1,0,82.3,Low,73.4,0,90.54,81.59
STU01335,21,Male,Management,8,6.37,79.3,64.5,62.6,59.4,72.4,2.9,12,0,2,58.9,0,77.1,Low,64.72,1,68.06,68.01
STU01336,20,Male,Civil,4,8.67,100.0,82.4,93.5,84.2,78.9,5.4,0,0,2,100.0,0,100.0,Low,84.75,0,97.0,89.24
STU01337,19,Female,Computer Science,4,8.08,97.1,79.0,77.4,66.0,78.9,4.3,2,1,3,76.8,0,83.0,Low,75.32,0,79.22,82.68
STU01338,18,Female,Computer Science,2,7.53,59.8,59.0,58.4,60.4,72.4,1.8,22,5,4,26.9,1,58.0,Medium,62.55,2,34.76,66.32
STU01339,21,Female,Civil,5,8.69,86.2,79.9,97.2,95.7,84.7,4.3,8,1,1,69.5,0,81.6,Low,89.38,0,76.3,87.71
STU01340,20,Female,Computer Science,3,5.75,78.0,68.0,63.3,47.3,60.0,2.7,14,3,3,48.9,0,62.4,Medium,59.65,1,54.06,63.48
STU01341,22,Male,Computer Science,7,6.11,59.7,52.2,47.7,54.1,57.8,2.1,25,2,2,55.3,0,56.0,Medium,52.95,2,56.62,57.49
STU01342,20,Male,Mechanical,5,7.02,96.5,72.1,67.6,59.9,78.7,2.9,2,1,1,68.5,0,82.4,Low,69.58,0,68.9,76.52
STU01343,19,Male,Computer Science,3,7.29,83.7,79.4,79.8,66.2,77.6,4.0,11,2,2,56.8,0,68.3,Low,75.75,0,66.72,76.74
STU01344,21,Female,Electronics,8,5.77,72.2,60.0,69.6,60.5,68.1,3.2,18,3,4,56.0,0,53.7,Medium,64.55,1,59.4,64.06
STU01345,21,Female,Electrical,7,6.37,70.0,52.7,41.7,53.1,65.6,3.8,17,1,2,85.6,0,47.9,High,53.28,1,80.24,61.1
STU01346,20,Male,Computer Science,4,7.81,74.6,63.0,86.9,66.3,61.7,2.0,17,2,4,60.9,0,76.2,Low,69.47,1,58.36,73.78
STU01347,18,Female,Civil,2,7.54,98.0,76.7,85.4,70.0,79.6,4.9,1,0,2,71.5,0,68.2,Low,77.93,0,83.1,82.06
STU01348,20,Female,Computer Science,3,6.43,60.4,46.2,57.9,43.8,71.9,2.8,25,0,2,61.8,0,41.5,High,54.95,2,68.72,59.58
STU01349,19,Female,Management,4,8.32,87.4,68.8,70.4,62.6,82.7,3.1,8,0,1,59.8,1,87.1,Low,71.12,0,69.42,79.42
STU01350,20,Male,Electronics,4,6.78,69.8,66.6,61.0,62.8,77.5,3.8,20,1,3,58.2,0,79.6,Low,66.97,1,69.28,67.97
STU01351,21,Male,Electrical,7,6.78,86.0,81.0,79.6,52.2,69.2,3.4,10,0,1,66.4,0,70.1,Low,70.5,0,73.56,73.43
STU01352,21,Female,Civil,8,7.35,69.1,78.9,74.1,68.4,71.3,3.3,17,2,2,45.6,0,73.8,Low,73.18,1,58.74,72.27
STU01353,21,Female,Management,7,4.25,54.2,46.0,42.7,47.8,49.7,2.2,32,3,2,41.3,1,31.1,High,46.55,2,48.52,47.04
STU01354,21,Female,Mechanical,7,7.25,75.3,69.2,84.6,66.9,74.2,3.5,14,1,2,55.1,0,78.9,Low,73.73,1,66.54,73.69
STU01355,18,Female,Mechanical,2,8.95,96.0,78.8,75.0,82.2,89.6,4.1,2,1,1,74.6,0,93.6,Low,81.4,0,77.34,87.88
STU01356,20,Male,Computer Science,3,6.86,66.9,65.6,61.2,60.5,57.8,1.4,22,2,4,47.5,0,65.8,Low,61.28,1,50.0,65.24
STU01357,21,Female,Mechanical,8,7.0,72.5,76.4,60.3,63.3,60.4,3.2,19,2,1,62.3,0,50.5,Medium,65.1,1,64.92,68.66
STU01358,21,Male,Mechanical,6,5.76,61.3,60.5,53.3,50.0,52.9,2.4,22,1,2,71.7,0,55.9,Medium,54.18,2,67.68,57.16
STU01359,20,Male,Mechanical,3,5.25,65.0,50.5,36.6,46.1,58.9,0.3,21,1,1,41.3,0,46.4,High,48.02,1,45.02,53.84
STU01360,22,Male,Computer Science,7,6.62,84.7,67.3,70.6,52.0,68.6,2.7,11,0,1,60.3,1,77.1,Low,64.62,0,67.62,70.19
STU01361,20,Male,Mechanical,3,6.37,75.5,57.3,49.3,46.1,60.5,3.0,16,2,3,40.3,0,54.9,Medium,53.3,1,55.12,62.49
STU01362,22,Male,Electronics,7,7.68,82.2,74.5,63.5,76.8,68.1,4.1,11,1,2,58.8,0,74.6,Low,70.72,0,71.02,75.72
STU01363,22,Female,Mechanical,8,4.85,65.9,43.5,38.7,33.2,45.9,1.8,22,1,1,26.9,2,28.5,High,40.33,1,46.76,49.58
STU01364,20,Female,Civil,5,7.72,96.4,84.1,75.1,79.7,81.8,5.3,2,0,1,90.9,0,89.9,Low,80.18,0,92.86,83.19
STU01365,20,Male,Electronics,6,6.04,78.8,66.6,56.8,60.3,72.6,2.8,13,0,1,51.0,0,63.9,Medium,64.07,1,64.4,66.47
STU01366,22,Male,Mechanical,7,7.1,85.2,72.0,74.0,57.3,82.4,2.8,9,1,2,53.9,0,70.1,Low,71.43,0,62.56,74.72
STU01367,21,Male,Electronics,8,5.31,57.8,46.3,57.4,38.2,67.7,3.6,28,2,4,47.2,2,55.9,Medium,52.4,2,60.88,53.99
STU01368,21,Male,Electrical,6,8.95,85.5,78.8,76.1,82.6,77.7,3.0,9,0,5,78.5,0,85.8,Low,78.8,0,76.4,84.22
STU01369,20,Male,Electrical,4,8.78,86.2,81.4,76.7,81.5,77.2,5.1,9,1,0,77.9,0,87.5,Low,79.2,0,83.66,83.96
STU01370,19,Female,Electronics,3,7.89,90.0,77.6,74.1,72.7,85.4,3.6,7,0,0,82.6,0,78.7,Low,77.45,0,81.04,81.1
STU01371,19,Female,Computer Science,4,6.02,84.9,53.7,42.2,47.8,69.0,2.7,8,1,2,53.0,5,54.7,Medium,53.18,0,61.7,63.56
STU01372,18,Male,Civil,2,8.18,92.3,85.5,73.4,80.5,80.9,5.1,5,1,2,63.1,0,73.0,Low,80.08,0,77.74,83.74
STU01373,20,Female,Electrical,6,6.26,63.0,61.4,52.1,59.4,63.1,2.1,25,2,3,48.6,2,53.3,Medium,59.0,2,53.94,61.26
STU01374,20,Female,Computer Science,4,3.46,63.5,35.8,58.0,32.5,46.1,1.2,22,0,4,40.4,0,40.6,High,43.1,2,52.16,45.22
STU01375,21,Male,Electronics,6,6.21,77.1,55.1,61.8,59.9,70.9,2.5,13,1,1,66.7,0,62.0,Medium,61.92,1,66.18,65.78
STU01376,18,Male,Electronics,2,7.31,73.8,72.5,58.1,55.2,70.7,3.0,17,3,4,63.1,1,63.0,Medium,64.12,1,61.24,69.68
STU01377,19,Male,Electrical,4,7.53,62.5,62.1,68.4,63.9,68.2,1.8,22,3,3,48.6,0,69.1,Low,65.65,2,49.44,68.24
STU01378,20,Male,Computer Science,4,5.71,68.9,52.2,45.1,55.0,50.9,1.6,20,1,0,28.0,0,53.5,Medium,50.8,1,46.2,57.53
STU01379,18,Female,Electrical,2,7.05,76.7,67.3,52.9,51.9,55.6,1.9,25,1,6,54.6,0,52.3,Medium,56.92,1,58.34,66.62
STU01380,22,Male,Civil,7,8.65,80.4,75.2,79.6,73.8,77.4,3.0,12,0,1,54.5,0,92.4,Low,76.5,0,66.8,80.97
STU01381,21,Male,Electrical,6,8.8,88.7,67.1,75.6,72.1,84.5,2.6,7,2,0,65.6,0,77.9,Low,74.82,0,63.24,82.9
STU01382,21,Male,Management,7,4.04,52.2,29.6,36.5,27.9,47.5,0.9,29,5,3,40.0,4,21.3,High,35.38,2,35.5,41.34
STU01383,21,Male,Mechanical,7,7.2,76.5,68.3,37.2,49.4,63.2,2.7,13,1,2,76.4,1,71.9,Low,54.53,1,71.06,66.14
STU01384,19,Female,Civil,2,6.8,72.9,76.0,64.7,49.9,51.4,2.7,18,2,2,76.0,0,56.2,Medium,60.5,1,67.9,66.22
STU01385,21,Male,Civil,8,5.62,77.9,65.0,44.5,39.8,69.9,1.6,13,0,2,63.9,1,63.8,Medium,54.8,1,63.56,61.07
STU01386,19,Female,Electrical,2,6.79,76.7,63.0,52.9,65.0,76.5,2.6,13,2,1,39.8,2,75.1,Low,64.35,1,52.92,68.68
STU01387,21,Male,Mechanical,8,8.82,91.3,79.2,64.6,83.7,82.6,4.9,5,0,2,63.3,0,84.2,Low,77.53,0,79.82,84.7
STU01388,20,Male,Computer Science,6,5.22,73.5,58.9,47.1,49.6,57.7,1.5,18,0,2,53.8,0,51.0,Medium,53.32,1,59.02,57.97
STU01389,21,Male,Management,7,6.72,60.7,45.2,71.6,64.5,60.4,3.3,26,1,1,45.2,0,65.5,Low,60.42,2,61.58,62.86
STU01390,21,Female,Computer Science,5,6.15,62.0,58.1,59.7,57.8,66.9,2.7,24,3,5,54.7,0,62.0,Medium,60.63,2,56.38,61.28
STU01391,19,Male,Management,3,6.41,68.2,56.4,62.1,48.3,59.4,1.5,20,0,5,45.4,0,55.7,Medium,56.55,1,55.66,62.1
STU01392,19,Female,Computer Science,3,8.21,90.2,89.7,76.1,71.2,75.9,3.8,7,0,1,56.3,0,85.1,Low,78.22,0,71.52,82.58
STU01393,19,Male,Mechanical,2,6.51,69.4,64.3,53.6,49.9,74.9,1.5,20,2,2,55.4,0,56.6,Medium,60.68,1,53.66,64.4
STU01394,22,Female,Management,7,7.43,84.9,85.8,56.0,56.2,63.1,4.6,10,0,1,57.6,0,82.2,Low,65.28,0,76.04,73.34
STU01395,21,Female,Civil,5,4.92,49.3,53.6,23.3,35.2,41.5,1.0,31,0,3,37.5,4,32.0,High,38.4,2,50.0,44.9
STU01396,19,Female,Mechanical,3,8.51,72.5,90.9,80.5,78.8,78.6,4.1,15,0,1,88.8,0,85.5,Low,82.2,1,86.02,80.79
STU01397,19,Male,Electronics,2,8.05,83.9,74.9,60.0,70.4,76.7,4.6,9,0,1,59.5,0,85.3,Low,70.5,0,76.8,77.35
STU01398,18,Male,Electronics,2,6.97,72.9,73.0,57.6,60.6,79.7,4.0,16,0,1,69.0,0,69.7,Low,67.72,1,77.6,69.71
STU01399,19,Female,Computer Science,3,6.72,74.3,53.9,64.7,61.0,73.9,2.2,18,3,2,52.3,0,53.4,Medium,63.38,1,52.92,67.45
STU01400,22,Female,Mechanical,7,5.35,77.4,55.6,57.5,44.7,58.0,2.3,14,2,0,42.0,1,40.1,High,53.95,1,52.3,59.66
STU01401,21,Male,Electronics,8,8.8,81.3,80.8,75.4,74.1,69.0,4.2,11,1,2,70.0,0,90.9,Low,74.82,0,76.0,81.05
STU01402,20,Male,Computer Science,6,6.62,85.9,71.7,55.1,56.9,81.0,4.2,8,0,0,65.4,1,67.5,Low,66.18,0,77.16,71.12
STU01403,22,Male,Electronics,8,5.52,56.4,43.7,38.2,43.1,50.0,0.7,27,3,2,52.2,1,48.9,High,43.75,2,45.38,50.92
STU01404,19,Male,Management,4,6.26,66.4,67.0,53.5,53.4,56.1,3.0,21,1,2,54.5,0,63.2,Medium,57.5,1,63.8,61.51
STU01405,20,Male,Electrical,4,6.47,99.1,82.9,64.2,54.0,79.0,5.3,1,0,1,99.4,1,82.8,Low,70.03,0,96.26,75.43
STU01406,20,Male,Electronics,6,8.25,72.1,81.8,68.9,81.8,66.2,2.9,17,1,1,69.0,0,86.9,Low,74.68,1,69.1,76.77
STU01407,19,Male,Management,2,7.23,66.7,60.6,54.0,66.2,53.4,2.0,21,2,4,49.8,0,54.8,Medium,58.55,1,53.92,65.4
STU01408,22,Female,Mechanical,8,7.86,91.4,77.0,65.5,53.0,76.0,2.5,6,0,5,39.5,1,66.1,Low,67.88,0,58.3,77.51
STU01409,21,Female,Electronics,7,5.96,59.0,55.6,58.3,54.3,62.3,0.2,28,2,6,42.2,0,35.1,High,57.62,2,41.88,58.66
STU01410,19,Female,Electronics,2,8.27,81.3,67.0,77.0,76.3,72.9,3.5,11,0,1,72.7,0,63.5,Medium,73.3,0,76.58,78.59
STU01411,20,Male,Management,3,7.33,81.4,64.5,64.4,53.3,56.9,4.0,12,0,3,58.2,0,79.4,Low,59.78,0,73.28,69.91
STU01412,20,Female,Computer Science,6,8.71,77.6,75.0,73.9,86.5,82.1,3.2,13,0,4,81.6,0,79.5,Low,79.38,1,78.64,81.63
STU01413,22,Male,Computer Science,7,5.74,61.1,43.4,38.9,38.1,48.2,1.7,22,0,0,54.9,2,31.9,High,42.15,2,60.46,52.22
STU01414,19,Female,Management,3,8.13,97.9,94.7,85.8,84.4,85.6,4.4,1,0,3,78.4,0,88.2,Low,87.62,0,83.36,87.98
STU01415,22,Male,Civil,7,7.67,74.5,65.7,78.4,66.4,70.7,2.2,15,2,5,58.6,0,65.6,Low,70.3,1,58.44,73.59
STU01416,20,Male,Electrical,5,4.75,53.4,53.5,36.6,52.7,40.6,1.6,27,1,4,46.7,2,39.1,High,45.85,2,53.68,48.32
STU01417,21,Female,Electrical,6,9.24,89.1,73.2,96.5,85.2,81.4,4.6,7,1,2,73.0,0,100.0,Low,84.07,0,79.2,88.24
STU01418,20,Male,Civil,4,7.57,82.2,74.8,62.6,66.7,75.8,3.4,12,1,6,57.0,1,74.8,Low,69.98,0,66.8,75.04
STU01419,20,Female,Computer Science,5,7.62,77.4,69.0,76.1,75.9,73.2,4.7,14,1,1,74.6,0,83.3,Low,73.55,1,80.34,75.44
STU01420,19,Female,Electrical,4,6.43,64.4,66.6,78.7,62.7,53.3,3.2,20,1,4,34.8,1,72.4,Low,65.32,2,56.92,64.74
STU01421,19,Male,Computer Science,3,6.48,82.0,60.9,48.0,39.5,72.1,2.5,12,1,4,62.7,0,60.4,Medium,55.12,0,64.58,65.23
STU01422,20,Male,Computer Science,3,6.65,78.9,72.6,63.1,33.6,53.9,2.6,14,0,2,71.1,1,64.7,Medium,55.8,1,71.44,65.32
STU01423,20,Female,Management,3,8.07,86.6,79.4,66.2,69.6,75.8,4.2,8,0,1,68.7,0,68.4,Low,72.75,0,78.48,79.0
STU01424,21,Female,Computer Science,7,7.97,87.8,75.4,81.2,72.6,76.3,2.7,7,0,1,77.7,1,93.7,Low,76.38,0,74.58,80.4
STU01425,20,Female,Computer Science,4,7.55,82.2,78.8,59.9,52.4,73.6,3.5,12,1,4,63.1,1,68.8,Low,66.18,0,69.74,73.44
STU01426,20,Male,Electronics,4,5.55,57.4,57.0,25.7,40.4,51.0,0.7,29,2,4,31.5,1,21.7,High,43.52,2,40.1,51.18
STU01427,22,Female,Electrical,7,8.1,79.2,79.4,67.0,95.2,80.7,3.9,11,0,2,78.1,0,71.9,Low,80.58,1,80.74,80.38
STU01428,22,Male,Management,8,7.75,69.6,64.3,72.9,59.3,82.8,3.2,21,1,1,76.0,0,83.8,Low,69.82,1,73.4,72.46
STU01429,20,Male,Computer Science,3,7.21,82.6,75.8,78.9,74.4,77.0,2.0,11,2,3,57.2,1,58.6,Medium,76.53,0,56.88,76.5
STU01430,19,Female,Electronics,4,8.24,91.1,79.5,78.1,67.0,84.5,6.0,6,0,1,79.6,0,86.2,Low,77.28,0,91.84,82.52
STU01431,19,Male,Civil,4,6.61,71.8,59.3,67.5,42.3,65.8,1.9,16,1,6,54.2,0,60.9,Medium,58.72,1,58.18,64.58
STU01432,22,Male,Civil,7,6.01,79.3,68.0,54.7,48.9,56.5,4.7,13,2,1,63.9,1,68.6,Low,57.02,1,73.06,63.67
STU01433,21,Male,Computer Science,6,5.86,86.1,68.4,55.2,43.5,70.1,2.7,9,2,2,79.3,0,82.1,Low,59.3,0,69.22,65.76
STU01434,20,Female,Electronics,5,5.46,75.5,51.7,51.2,30.4,61.4,2.4,15,1,6,55.1,0,51.9,Medium,48.68,1,61.04,57.46
STU01435,20,Female,Mechanical,3,7.16,77.1,50.8,56.8,53.3,68.1,2.9,13,1,3,42.5,0,57.2,Medium,57.25,1,58.5,67.23
STU01436,20,Female,Computer Science,4,6.53,61.9,38.7,59.7,41.9,54.2,0.9,21,1,3,35.3,0,43.3,High,48.62,2,45.62,57.78
STU01437,19,Male,Electrical,2,7.34,80.0,71.7,51.3,57.6,75.8,4.3,14,1,1,66.2,0,77.6,Low,64.1,0,74.98,71.33
STU01438,20,Male,Computer Science,6,3.99,65.2,25.8,38.4,25.7,38.9,2.0,24,3,4,37.1,3,12.3,High,32.2,1,45.84,43.15
STU01439,22,Female,Electrical,8,5.22,59.1,56.0,55.0,35.6,68.0,1.2,27,1,5,40.3,1,45.1,High,53.65,2,49.12,54.5
STU01440,21,Male,Civil,7,8.47,78.0,86.5,82.3,83.2,87.4,5.5,15,0,1,67.3,0,100.0,Low,84.85,1,84.42,83.08
STU01441,20,Male,Civil,4,5.35,76.0,52.7,58.2,43.3,51.4,2.3,16,2,2,44.9,1,52.5,Medium,51.4,1,53.46,58.28
STU01442,20,Male,Electrical,5,6.83,72.8,73.3,58.6,61.6,77.9,1.8,16,0,3,59.7,0,75.6,Low,67.85,1,62.88,69.24
STU01443,22,Female,Computer Science,8,5.58,80.6,56.4,43.3,27.7,52.3,2.8,12,0,1,48.3,1,40.8,High,44.92,0,63.32,57.65
STU01444,19,Female,Computer Science,4,7.93,70.6,73.1,74.6,74.0,72.9,3.3,18,0,2,48.0,0,84.5,Low,73.65,1,65.7,74.87
STU01445,22,Male,Mechanical,7,6.75,70.4,50.4,54.2,75.8,67.1,2.8,20,1,0,48.7,0,64.8,Medium,61.87,1,60.48,65.97
STU01446,21,Male,Electrical,6,6.95,85.1,59.9,72.6,74.1,73.6,4.1,9,0,2,70.7,0,75.7,Low,70.05,0,78.78,73.62
STU01447,21,Female,Electrical,5,8.91,92.9,84.6,89.8,87.8,86.5,3.0,4,0,0,71.1,0,94.4,Low,87.18,0,73.44,89.28
STU01448,21,Female,Electronics,6,9.27,97.5,89.6,83.3,74.0,87.4,3.7,2,1,1,65.8,0,100.0,Low,83.57,0,71.82,90.25
STU01449,19,Male,Electrical,3,6.58,76.7,77.7,66.4,73.6,64.6,3.7,7,0,5,57.3,1,66.5,Low,70.58,1,71.42,70.44
STU01450,19,Male,Computer Science,4,5.97,70.9,60.0,60.9,51.5,65.3,2.5,18,1,1,55.4,1,52.9,Medium,59.42,1,61.66,62.39
STU01451,20,Female,Computer Science,4,5.82,54.3,49.5,46.6,41.7,52.1,1.4,27,3,5,32.0,0,54.0,Medium,47.48,2,40.8,52.94
STU01452,22,Female,Computer Science,7,6.65,64.6,68.2,58.3,56.8,79.3,1.9,23,3,1,51.4,1,62.5,Medium,65.65,2,51.06,65.68
STU01453,21,Female,Management,6,7.54,92.2,69.4,71.1,78.2,81.9,5.0,5,1,0,80.6,1,76.4,Low,75.15,0,84.24,79.5
STU01454,20,Female,Mechanical,4,5.4,53.0,56.6,52.6,48.3,50.9,1.1,31,3,2,44.9,0,40.1,High,52.1,2,44.46,52.99
STU01455,22,Female,Mechanical,7,8.34,77.0,67.8,79.5,80.3,76.6,2.7,14,0,3,48.6,0,74.3,Low,76.05,1,62.94,78.86
STU01456,20,Male,Electrical,5,6.56,76.9,55.7,67.1,58.3,64.2,4.1,14,0,2,59.5,1,80.0,Low,61.32,1,74.3,66.72
STU01457,21,Male,Computer Science,8,9.89,100.0,90.7,94.3,93.1,92.6,5.9,0,2,1,90.7,0,100.0,Low,92.68,0,89.78,96.68
STU01458,20,Male,Computer Science,6,6.58,76.9,68.3,57.5,55.5,71.4,2.8,13,4,1,48.7,0,61.6,Medium,63.18,1,51.48,67.53
STU01459,22,Female,Computer Science,8,8.56,75.6,71.2,72.7,90.7,77.5,3.2,15,0,1,55.3,0,81.0,Low,78.03,1,68.12,80.07
STU01460,22,Male,Computer Science,8,7.81,83.4,73.1,64.8,64.5,67.0,2.9,10,2,2,69.5,0,69.1,Low,67.35,0,66.3,75.12
STU01461,19,Male,Electronics,4,7.72,88.4,69.0,77.6,61.8,81.8,4.1,8,0,0,65.1,0,77.5,Low,72.55,0,76.54,78.14
STU01462,19,Male,Electronics,3,5.77,73.4,55.0,57.9,53.7,47.9,2.1,15,0,2,46.0,0,59.8,Medium,53.63,1,58.9,60.0
STU01463,21,Female,Electrical,7,6.21,86.1,67.8,59.2,52.7,64.6,4.7,8,1,4,56.8,1,61.3,Medium,61.08,0,73.22,67.69
STU01464,20,Female,Electrical,3,7.78,72.6,59.7,65.8,65.6,76.6,2.7,18,1,3,70.0,0,63.5,Medium,66.92,1,68.5,72.15
STU01465,22,Male,Management,7,7.94,84.4,71.3,64.1,69.9,86.3,3.4,9,0,2,56.5,0,83.2,Low,72.9,0,69.6,78.05
STU01466,19,Male,Computer Science,3,7.65,71.9,51.0,60.8,57.9,80.0,3.1,17,1,1,59.5,2,76.4,Low,62.42,1,66.3,69.72
STU01467,22,Female,Mechanical,8,5.33,75.1,58.8,52.0,49.9,47.1,1.2,16,2,2,46.9,2,53.2,Medium,51.95,1,48.76,58.21
STU01468,20,Male,Computer Science,6,6.28,74.6,59.8,45.1,61.5,53.5,3.5,14,1,2,65.7,0,52.8,Medium,54.98,1,70.78,62.62
STU01469,21,Female,Computer Science,5,5.63,63.3,48.8,48.9,28.3,54.3,1.8,21,0,2,45.2,1,47.4,High,45.08,2,57.08,53.56
STU01470,21,Male,Mechanical,5,5.55,71.7,69.8,47.6,42.1,58.8,2.7,17,3,2,49.0,1,37.4,High,54.58,1,54.1,59.18
STU01471,21,Female,Electronics,6,6.43,76.6,62.7,63.2,57.8,64.8,5.0,13,3,4,69.5,1,72.7,Low,62.12,1,73.8,66.5
STU01472,20,Male,Civil,4,7.5,81.6,74.0,81.0,67.9,67.2,2.6,12,2,1,92.4,0,85.0,Low,72.53,0,73.96,75.66
STU01473,19,Female,Electrical,4,7.16,75.9,54.9,60.7,40.2,70.8,2.4,15,2,2,48.5,0,61.2,Medium,56.65,1,55.4,66.69
STU01474,20,Male,Computer Science,3,4.78,65.0,51.2,25.7,32.9,52.1,0.3,24,4,1,34.4,1,38.7,High,40.48,1,33.26,49.17
STU01475,20,Male,Management,3,8.2,75.3,82.7,70.0,58.5,69.4,3.6,15,2,1,92.6,0,67.3,Low,70.15,1,79.04,75.59
STU01476,21,Female,Computer Science,8,6.27,78.8,78.3,61.8,56.1,75.4,3.4,13,1,0,61.5,0,69.7,Low,67.9,1,68.6,68.81
STU01477,22,Male,Management,7,8.99,76.3,85.4,68.2,91.3,85.1,2.3,14,1,2,59.6,0,74.8,Low,82.5,1,62.34,83.54
STU01478,21,Female,Civil,5,4.96,69.8,51.2,53.5,39.4,41.0,2.7,17,2,2,54.6,2,46.9,High,46.28,1,59.34,53.32
STU01479,21,Female,Computer Science,7,5.36,63.6,58.7,37.1,42.3,55.9,1.8,22,2,4,38.7,1,40.7,High,48.5,2,48.48,54.06
STU01480,21,Female,Electronics,6,8.28,76.0,74.6,74.3,67.9,77.6,3.6,16,0,4,67.0,0,87.0,Low,73.6,1,74.8,77.42
STU01481,20,Female,Computer Science,6,7.87,97.5,65.3,73.7,61.9,59.4,4.6,1,2,1,80.5,0,78.1,Low,65.08,0,79.2,77.95
STU01482,19,Male,Electrical,2,7.15,78.0,66.7,66.7,78.1,78.8,4.3,12,1,3,49.6,0,81.4,Low,72.58,1,68.34,73.56
STU01483,21,Female,Computer Science,5,7.08,88.1,70.0,58.8,66.7,70.1,3.6,7,0,2,59.8,0,60.2,Medium,66.4,0,71.92,73.37
STU01484,19,Male,Electrical,2,6.62,49.6,44.0,43.1,62.8,42.1,0.2,34,5,3,43.0,0,46.7,High,48.0,2,33.2,54.77
STU01485,21,Male,Electronics,6,8.1,75.0,70.7,62.2,61.3,74.6,3.2,15,2,1,40.2,0,53.9,Medium,67.2,1,56.08,73.98
STU01486,19,Female,Management,2,6.47,75.6,65.5,46.5,54.3,64.9,1.1,15,2,2,46.5,0,55.8,Medium,57.8,1,48.1,64.66
STU01487,20,Male,Computer Science,5,8.19,93.7,79.1,72.4,80.9,81.3,3.4,4,3,2,76.1,0,87.2,Low,78.42,0,68.44,83.46
STU01488,20,Male,Civil,4,5.71,79.3,65.9,47.8,51.6,49.3,2.1,12,2,2,61.7,1,53.9,Medium,53.65,1,59.18,61.27
STU01489,18,Male,Electrical,2,6.92,78.1,66.0,53.4,75.8,67.3,3.2,14,0,1,54.1,0,78.0,Low,65.62,1,67.64,70.0
STU01490,21,Male,Computer Science,5,7.28,80.3,61.3,60.8,64.8,61.6,2.3,11,2,3,62.3,0,59.8,Medium,62.12,0,60.42,70.4
STU01491,20,Female,Computer Science,3,5.33,56.4,41.8,44.0,47.4,54.4,1.7,25,1,1,47.5,0,49.4,High,46.9,2,54.5,51.52
STU01492,20,Male,Mechanical,3,6.86,77.0,63.8,62.9,40.1,54.8,3.4,15,2,1,49.9,0,59.4,Medium,55.4,1,60.96,65.42
STU01493,21,Male,Civil,8,5.34,58.5,48.8,52.3,50.9,48.1,0.9,28,1,2,43.5,0,57.5,Medium,50.02,2,48.9,53.32
STU01494,19,Male,Electrical,4,5.13,76.7,44.2,52.7,44.7,59.8,1.0,21,2,4,25.4,0,34.1,High,50.35,1,39.16,57.27
STU01495,19,Male,Computer Science,4,5.69,76.7,41.4,58.3,60.7,67.2,0.2,19,3,2,57.9,1,43.1,High,56.9,1,45.16,61.85
STU01496,19,Male,Management,2,6.06,88.9,56.5,48.9,45.9,74.8,2.7,7,0,3,53.7,0,73.3,Low,56.53,0,64.98,66.04
STU01497,19,Male,Management,4,6.85,64.0,70.4,46.7,62.6,79.3,3.8,23,3,0,58.2,0,58.1,Medium,64.75,2,63.28,65.88
STU01498,20,Female,Electrical,4,5.4,77.1,46.7,38.8,34.1,47.2,2.0,13,0,4,62.3,3,46.6,High,41.7,1,64.92,54.86
STU01499,22,Female,Computer Science,7,7.44,75.1,67.0,63.0,53.8,70.2,3.0,16,0,0,77.4,0,74.9,Low,63.5,1,75.96,70.22
STU01500,18,Male,Computer Science,2,3.97,45.8,38.7,28.2,42.9,50.2,0.3,37,0,5,34.1,0,38.8,High,40.0,2,45.14,41.34
STU01501,22,Male,Management,8,5.8,83.0,61.4,55.6,66.8,66.2,2.3,11,2,0,90.3,0,60.3,Medium,62.5,0,71.62,66.05
STU01502,18,Male,Civil,2,5.88,44.9,47.0,45.3,54.5,37.7,0.2,36,2,1,25.3,1,37.6,High,46.12,2,35.12,50.26
STU01503,20,Male,Civil,6,8.18,82.7,73.2,68.8,77.6,81.3,3.2,11,1,1,68.0,0,90.2,Low,75.22,0,70.2,79.4
STU01504,18,Male,Management,2,6.9,86.9,72.1,67.4,80.2,74.6,2.9,7,2,1,55.2,0,63.4,Medium,73.57,0,60.58,75.31
STU01505,22,Female,Computer Science,7,7.19,67.2,58.1,56.0,55.2,63.3,3.8,21,1,3,75.7,0,65.4,Low,58.15,1,76.28,65.23
STU01506,21,Female,Electrical,6,6.9,72.9,59.0,57.7,70.5,73.7,2.2,17,3,4,55.3,1,61.8,Medium,65.22,1,54.12,68.46
STU01507,22,Male,Civil,7,3.8,48.1,44.5,44.8,16.7,41.9,0.3,30,0,3,20.5,4,29.9,High,36.98,2,39.7,40.12
STU01508,21,Male,Electrical,8,6.23,57.6,58.7,57.5,31.3,67.5,1.9,26,0,1,63.3,0,50.6,Medium,53.75,2,64.82,57.7
STU01509,21,Female,Electrical,7,9.62,86.4,79.7,80.3,77.7,72.9,4.0,8,1,1,60.9,0,81.8,Low,77.65,0,71.36,86.33
STU01510,20,Female,Mechanical,6,6.89,74.5,58.4,66.5,57.7,66.3,1.4,14,3,4,41.7,1,56.5,Medium,62.23,1,44.68,67.63
STU01511,22,Male,Computer Science,7,7.38,98.3,76.2,74.4,66.4,75.8,4.2,1,1,0,66.8,0,72.3,Low,73.2,0,74.72,79.68
STU01512,19,Female,Management,2,7.28,71.9,44.9,59.0,60.6,63.7,2.5,17,1,2,60.8,0,67.1,Low,57.05,1,63.82,66.28
STU01513,20,Male,Electrical,6,7.11,79.2,83.3,81.2,75.0,58.0,3.1,14,2,1,66.9,0,82.1,Low,74.38,1,66.26,74.44
STU01514,21,Female,Electronics,8,4.58,70.8,47.7,61.8,50.2,54.5,2.0,17,1,2,46.0,1,45.7,High,53.55,1,55.4,55.15
STU01515,19,Male,Management,4,5.65,84.4,50.0,57.0,49.0,62.1,3.2,10,1,1,59.0,1,42.5,High,54.52,0,66.6,62.68
STU01516,22,Female,Electronics,8,7.08,74.1,59.4,53.7,55.9,62.3,2.5,15,2,3,38.3,0,64.1,Medium,57.82,1,51.82,66.44
STU01517,21,Male,Electronics,5,7.4,85.5,63.6,55.8,34.2,71.0,2.8,8,1,1,89.0,1,61.5,Medium,56.15,0,76.6,69.74
STU01518,20,Female,Management,5,7.99,68.3,74.7,76.7,66.7,79.0,2.7,22,2,3,65.7,0,70.0,Low,74.28,1,63.78,74.75
STU01519,20,Female,Civil,4,7.14,88.1,67.3,63.6,68.6,70.9,4.6,7,1,2,70.9,0,63.1,Medium,67.6,0,78.36,74.05
STU01520,18,Female,Management,2,4.72,57.8,31.9,27.8,26.6,41.7,0.4,24,4,2,47.5,2,38.7,High,32.0,2,39.0,43.77
STU01521,21,Female,Management,8,4.75,31.0,44.2,22.9,39.9,31.0,0.2,45,2,2,17.5,2,31.3,High,34.5,2,32.0,38.17
STU01522,21,Male,Mechanical,7,4.27,68.0,42.6,38.6,33.0,36.9,0.7,20,2,1,35.6,1,25.4,High,37.78,1,41.74,47.05
STU01523,19,Female,Computer Science,4,6.67,67.7,63.0,59.9,58.3,73.5,2.7,18,1,2,77.0,0,69.2,Low,63.68,1,71.3,65.74
STU01524,22,Male,Electrical,8,5.97,76.6,66.1,59.2,58.8,61.6,3.5,16,1,3,56.0,0,71.5,Low,61.42,1,66.9,64.61
STU01525,20,Female,Mechanical,3,6.43,74.0,63.7,68.3,47.5,56.1,2.1,15,1,2,59.5,1,51.4,Medium,58.9,1,61.3,64.56
STU01526,22,Male,Mechanical,7,8.73,95.5,84.4,78.1,96.7,90.8,5.1,2,1,1,73.8,0,94.6,Low,87.5,0,82.02,89.43
STU01527,21,Male,Mechanical,5,8.27,86.8,68.8,68.3,65.2,59.8,3.7,9,0,4,35.8,0,76.6,Low,65.53,0,62.82,76.86
STU01528,20,Male,Computer Science,6,6.89,80.3,65.2,47.8,68.5,57.8,3.2,11,0,1,60.9,0,56.6,Medium,59.82,0,70.36,68.12
STU01529,18,Female,Computer Science,2,5.28,76.7,61.2,33.8,42.9,60.3,2.3,18,2,1,52.1,2,39.6,High,49.55,1,56.34,57.47
STU01530,20,Female,Mechanical,6,7.74,100.0,89.9,83.7,79.0,83.2,5.9,0,1,0,89.7,0,82.2,Low,83.95,0,92.38,85.67
STU01531,20,Male,Electrical,6,8.04,75.1,70.9,60.5,64.6,56.6,3.5,16,3,3,56.2,0,65.5,Low,63.15,1,60.98,72.17
STU01532,22,Female,Electronics,8,6.56,72.6,65.2,67.2,49.4,63.6,2.9,17,3,2,50.0,1,66.2,Low,61.35,1,55.5,65.65
STU01533,20,Male,Computer Science,4,7.39,69.3,80.1,54.8,57.1,68.3,2.0,17,2,4,56.4,1,67.9,Low,65.07,1,56.56,69.22
STU01534,19,Male,Electronics,2,6.5,84.4,70.2,50.2,45.5,60.1,4.2,10,0,1,75.8,0,68.5,Low,56.5,0,81.32,66.45
STU01535,18,Male,Electrical,2,8.93,98.5,86.3,77.9,89.1,76.0,4.7,1,0,0,65.5,0,98.0,Low,82.32,0,79.7,88.81
STU01536,20,Female,Computer Science,3,6.38,72.0,59.8,57.9,57.1,51.3,3.1,17,2,1,40.6,1,49.6,High,56.52,1,55.74,62.94
STU01537,19,Female,Mechanical,4,8.58,100.0,95.4,83.0,83.5,97.6,6.6,0,0,0,100.0,0,95.2,Low,89.88,0,100.0,90.98
STU01538,21,Female,Civil,7,5.28,64.5,33.2,36.9,42.7,64.0,2.6,24,3,1,66.9,1,53.3,Medium,44.2,2,60.76,52.28
STU01539,20,Male,Electronics,3,5.4,47.4,57.0,51.7,52.0,58.6,0.3,34,5,3,35.8,3,47.8,High,54.82,2,30.82,52.68
STU01540,20,Male,Mechanical,3,8.17,92.2,68.1,80.9,61.0,87.3,3.7,5,3,3,64.1,0,82.9,Low,74.32,0,65.14,81.38
STU01541,19,Female,Management,2,7.31,61.4,52.4,57.3,35.4,69.3,1.2,26,0,3,48.6,1,56.0,Medium,53.6,2,55.44,62.37
STU01542,20,Male,Computer Science,4,7.28,76.5,60.4,71.3,56.4,61.7,3.5,15,0,4,53.4,0,88.7,Low,62.45,1,68.86,69.59
STU01543,21,Female,Computer Science,6,5.99,84.0,60.1,55.7,68.8,74.6,1.7,11,0,4,52.1,0,64.2,Medium,64.8,0,59.34,67.89
STU01544,19,Female,Computer Science,3,6.23,70.3,58.8,68.2,40.4,64.6,2.4,20,1,5,52.5,0,61.8,Medium,58.0,1,60.0,62.58
STU01545,21,Male,Civil,5,7.93,74.8,74.0,68.9,71.2,84.0,3.0,17,2,4,41.9,0,67.5,Low,74.53,1,55.76,76.26
STU01546,20,Male,Management,3,7.01,81.6,83.7,69.3,55.9,99.0,3.4,10,0,1,94.6,0,61.3,Medium,76.97,0,84.84,75.72
STU01547,21,Female,Civil,7,5.58,78.6,67.2,47.8,40.7,54.5,2.3,15,2,2,36.8,1,42.8,High,52.55,1,50.22,60.2
STU01548,19,Female,Management,2,6.42,69.9,58.7,44.9,48.2,58.3,2.9,19,2,1,33.9,1,56.4,Medium,52.53,1,52.06,60.96
STU01549,19,Female,Civil,3,7.59,80.7,74.0,86.6,71.6,73.9,3.5,13,0,3,78.5,1,67.6,Low,76.53,0,78.9,77.35
STU01550,21,Female,Electronics,5,6.72,77.3,77.8,68.2,63.4,74.3,3.8,14,3,1,63.1,0,76.3,Low,70.92,1,65.24,71.22
STU01551,22,Male,Computer Science,7,4.76,81.3,49.2,47.1,47.6,59.0,2.8,12,1,1,56.9,2,41.2,High,50.72,0,63.76,57.28
STU01552,20,Female,Civil,4,6.35,75.8,57.9,54.4,65.5,84.7,2.5,15,1,0,62.0,0,58.0,Medium,65.62,1,64.3,67.42
STU01553,19,Female,Civil,2,5.63,69.1,59.6,61.8,63.5,65.2,2.8,18,2,1,54.2,1,56.9,Medium,62.53,1,59.68,61.99
STU01554,20,Female,Mechanical,5,6.57,78.5,67.3,70.9,55.2,66.0,3.2,12,2,3,63.1,1,59.2,Medium,64.85,1,65.24,68.56
STU01555,20,Male,Mechanical,3,6.34,76.7,45.4,52.4,39.2,61.7,2.9,16,0,4,62.4,0,57.0,Medium,49.68,1,69.46,61.24
STU01556,20,Male,Electronics,4,6.45,76.0,69.5,44.5,54.5,58.3,1.7,15,0,1,67.8,1,58.2,Medium,56.7,1,65.62,64.26
STU01557,22,Male,Electronics,8,6.08,73.8,60.3,52.0,66.1,49.3,1.4,17,2,4,46.5,1,53.9,Medium,56.92,1,49.6,62.5
STU01558,21,Male,Civil,8,7.76,96.4,88.1,76.9,74.8,81.7,5.6,2,0,1,83.3,0,99.5,Low,80.38,0,91.32,83.41
STU01559,20,Other,Electrical,3,7.68,80.9,58.4,64.6,74.8,87.9,3.5,11,2,1,55.9,0,67.7,Low,71.43,0,63.86,75.68
STU01560,21,Female,Electrical,6,6.76,78.1,62.8,54.5,66.0,75.3,3.4,14,0,1,59.4,1,70.9,Low,64.65,1,70.76,69.04
STU01561,20,Female,Electronics,5,6.73,91.1,60.6,47.4,63.0,64.0,3.8,5,2,1,53.5,0,61.8,Medium,58.75,0,64.4,69.83
STU01562,21,Female,Electrical,8,7.17,69.3,61.6,72.3,69.6,68.1,1.6,18,1,1,52.2,0,62.2,Medium,67.9,1,55.88,69.58
STU01563,22,Male,Electronics,8,6.17,73.4,53.8,55.5,36.4,74.6,1.7,17,1,3,36.2,1,56.5,Medium,55.08,1,49.98,61.98
STU01564,19,Female,Electronics,4,5.63,64.1,60.4,48.5,37.0,58.4,1.9,22,2,0,39.3,2,53.0,Medium,51.08,2,49.22,56.16
STU01565,18,Female,Electrical,2,5.97,58.9,55.8,44.6,47.0,51.6,1.5,27,3,4,41.3,2,43.2,High,49.75,2,45.02,55.52
STU01566,19,Female,Management,2,5.51,50.4,45.9,51.3,56.5,55.2,0.6,30,2,4,21.7,1,49.6,High,52.22,2,35.68,52.78
STU01567,18,Female,Management,2,5.96,66.7,67.5,48.3,53.1,59.7,2.8,22,0,2,38.1,2,49.5,High,57.15,1,59.24,60.4
STU01568,21,Female,Computer Science,7,6.76,87.3,67.2,61.8,62.6,73.7,2.9,8,1,2,58.8,0,71.8,Low,66.32,0,65.02,72.02
STU01569,21,Female,Electronics,7,8.0,85.5,74.0,78.8,81.7,91.1,4.8,8,0,1,79.5,0,87.6,Low,81.4,0,85.8,81.94
STU01570,22,Male,Electrical,7,5.97,68.3,43.7,52.1,39.4,59.5,2.9,22,4,4,43.0,1,48.0,High,48.68,1,49.7,57.44
STU01571,18,Female,Electrical,2,5.84,55.9,49.5,55.4,43.8,36.9,1.5,27,2,3,34.8,0,41.3,High,46.4,2,45.42,52.98
STU01572,18,Male,Mechanical,2,6.28,81.6,73.3,55.6,49.1,73.3,4.0,10,1,4,67.9,1,67.8,Low,62.82,0,74.16,67.51
STU01573,19,Male,Computer Science,3,6.89,70.3,57.1,66.4,60.9,70.3,2.5,19,3,3,54.0,0,73.5,Low,63.68,1,55.1,67.16
STU01574,20,Female,Mechanical,6,7.66,73.4,73.3,73.4,58.8,72.9,2.5,18,0,3,65.6,0,64.9,Medium,69.6,1,68.74,73.0
STU01575,19,Female,Computer Science,2,4.34,70.9,54.7,49.0,50.2,50.6,2.9,19,0,3,59.5,0,71.9,Low,51.12,1,68.3,53.36
STU01576,20,Female,Electronics,6,5.55,72.4,42.1,65.5,48.4,71.0,3.0,18,2,3,47.0,0,45.8,High,56.75,1,57.8,60.22
STU01577,22,Male,Civil,8,6.61,79.2,69.9,60.4,60.4,60.0,4.7,12,2,2,52.8,0,73.6,Low,62.68,1,68.62,68.01
STU01578,19,Male,Computer Science,3,7.9,82.5,72.3,59.0,72.9,69.0,4.2,11,2,0,67.1,0,69.5,Low,68.3,0,71.84,75.6
STU01579,21,Male,Civil,7,4.86,71.0,49.2,38.4,34.8,56.8,2.6,18,0,2,49.4,0,52.7,Medium,44.8,1,62.76,52.68
STU01580,20,Female,Civil,5,7.69,80.6,75.4,60.2,49.9,79.9,2.8,12,1,3,41.3,0,59.7,Medium,66.35,0,57.52,73.6
STU01581,21,Female,Electronics,8,8.54,94.6,89.4,84.1,69.2,93.1,3.1,3,0,0,59.5,0,94.6,Low,83.95,0,69.3,87.12
STU01582,19,Female,Electronics,3,7.51,76.8,63.0,71.5,68.0,76.7,3.2,13,1,1,62.5,0,70.8,Low,69.8,1,68.0,73.4
STU01583,19,Male,Management,3,8.28,84.2,77.0,72.0,68.2,82.4,3.0,9,0,1,70.6,1,83.6,Low,74.9,0,73.24,79.99
STU01584,19,Female,Mechanical,2,5.58,59.2,49.8,48.4,34.1,43.2,1.5,25,2,3,39.2,0,36.4,High,43.88,2,47.18,51.88
STU01585,21,Male,Management,6,6.99,86.0,72.0,81.4,73.7,61.6,4.6,8,1,0,63.7,0,76.1,Low,72.18,0,75.48,74.84
STU01586,21,Female,Electronics,8,5.21,52.4,46.2,36.1,52.1,50.1,3.3,32,2,3,46.2,3,44.2,High,46.12,2,58.98,49.78
STU01587,18,Female,Mechanical,2,4.92,67.1,50.8,40.2,43.8,60.0,4.6,20,0,2,60.4,2,48.9,High,48.7,1,77.16,53.48
STU01588,20,Male,Management,5,7.05,69.0,73.7,63.6,71.2,76.2,2.8,17,1,2,54.3,0,64.4,Medium,71.18,1,62.72,70.4
STU01589,22,Female,Computer Science,7,5.57,64.3,53.0,36.6,45.8,47.5,1.1,24,2,2,34.0,3,42.6,High,45.72,2,43.1,53.86
STU01590,21,Female,Computer Science,7,6.97,100.0,62.0,50.4,61.8,68.9,4.2,0,0,0,72.0,0,74.8,Low,60.78,0,79.8,73.7
STU01591,21,Male,Management,8,4.93,61.7,33.4,53.2,40.7,59.9,1.0,23,3,2,48.5,3,38.7,High,46.8,2,45.4,51.4
STU01592,21,Male,Electronics,7,5.48,72.7,49.2,46.5,52.2,64.9,4.9,17,3,4,49.0,1,46.3,High,53.2,1,65.1,58.64
STU01593,22,Female,Computer Science,8,6.47,76.2,55.9,58.7,64.0,52.8,1.1,14,3,1,65.5,0,71.1,Low,57.85,1,52.7,64.83
STU01594,21,Female,Management,8,6.56,69.4,52.0,55.8,53.1,52.0,3.4,20,3,2,46.1,0,50.4,Medium,53.22,1,56.44,61.6
STU01595,22,Female,Computer Science,8,7.12,83.2,65.6,56.2,38.2,74.1,2.5,10,2,2,71.1,0,73.0,Low,58.52,0,64.94,69.13
STU01596,20,Male,Mechanical,5,7.46,75.1,60.5,53.9,69.8,55.8,1.8,15,3,3,52.2,1,52.4,Medium,60.0,1,50.88,68.88
STU01597,19,Female,Electrical,4,7.29,86.9,68.3,65.1,65.5,63.5,1.3,7,2,3,66.6,0,57.7,Medium,65.6,0,57.14,73.48
STU01598,20,Male,Electrical,4,6.28,71.7,60.4,55.8,47.9,57.0,2.9,16,1,2,58.7,0,66.7,Low,55.28,1,64.98,62.02
STU01599,21,Male,Electronics,8,8.52,81.9,84.1,66.5,79.3,84.2,4.0,10,0,2,74.9,0,88.3,Low,78.52,0,79.96,81.7
STU01600,20,Male,Computer Science,3,5.55,88.6,51.8,60.1,52.9,64.9,2.5,7,2,3,69.4,2,64.0,Medium,57.42,0,64.26,64.54
STU01601,21,Male,Electrical,7,7.2,76.9,69.6,58.9,47.7,80.8,4.0,13,1,0,53.0,2,69.0,Low,64.25,1,68.2,70.12
STU01602,21,Male,Electrical,6,7.51,70.0,67.6,67.9,63.0,65.3,3.0,19,2,2,58.8,1,75.4,Low,65.95,1,62.52,70.16
STU01603,18,Male,Computer Science,2,8.9,90.0,73.1,79.8,69.8,81.3,4.0,6,1,0,63.0,0,90.3,Low,76.0,0,72.2,84.05
STU01604,21,Male,Electronics,5,6.04,56.5,58.2,54.8,34.8,59.2,0.8,27,1,0,40.1,1,39.2,High,51.75,2,47.04,55.96
STU01605,20,Female,Mechanical,3,5.61,78.0,62.5,59.0,58.7,58.1,2.2,14,3,1,51.6,0,73.4,Low,59.58,1,52.64,62.96
STU01606,22,Male,Computer Science,7,8.37,95.1,81.7,72.9,74.4,71.7,5.1,3,0,1,85.9,0,85.7,Low,75.18,0,89.86,83.14
STU01607,20,Male,Electrical,5,6.84,64.0,52.1,75.8,66.3,68.5,2.5,25,0,2,59.9,0,75.3,Low,65.68,2,66.46,66.21
STU01608,19,Female,Management,4,7.69,73.5,66.5,54.7,63.8,57.6,2.9,15,1,4,42.3,0,64.8,Medium,60.65,1,58.42,69.55
STU01609,19,Female,Electronics,2,7.09,90.8,78.2,62.0,60.9,76.0,3.9,5,1,3,81.3,0,84.5,Low,69.28,0,79.02,75.23
STU01610,18,Female,Management,2,5.9,80.7,65.6,50.2,61.5,60.7,2.7,13,4,4,52.8,0,59.6,Medium,59.5,0,52.62,64.62
STU01611,21,Male,Electrical,7,8.19,78.3,44.1,45.9,74.0,72.9,2.6,15,1,3,64.5,1,70.2,Low,59.22,1,65.8,71.93
STU01612,22,Female,Civil,8,6.17,63.8,57.5,52.6,62.1,61.2,2.6,23,2,2,55.2,0,54.8,Medium,58.35,2,59.08,60.89
STU01613,19,Female,Management,4,6.52,87.6,63.5,70.4,68.8,63.1,4.6,7,0,1,61.8,0,80.7,Low,66.45,0,77.72,71.3
STU01614,21,Female,Electronics,7,6.29,67.3,72.2,49.4,65.8,61.3,3.7,22,3,2,65.2,1,53.3,Medium,62.18,1,65.58,63.71
STU01615,21,Female,Management,5,5.73,52.0,42.5,61.2,49.0,45.5,1.5,28,4,6,25.8,0,51.6,Medium,49.55,2,35.82,52.88
STU01616,19,Male,Computer Science,4,7.26,78.9,76.1,46.4,70.7,81.7,1.6,13,1,3,48.1,0,82.4,Low,68.72,1,54.24,72.62
STU01617,21,Male,Mechanical,5,10.0,100.0,100.0,92.7,91.2,98.6,6.1,0,0,1,95.4,0,100.0,Low,95.62,0,98.16,98.25
STU01618,21,Male,Mechanical,6,5.08,84.0,58.7,35.4,40.9,63.6,2.6,9,0,0,82.6,0,39.9,High,49.65,0,76.04,58.64
STU01619,21,Male,Computer Science,8,7.18,74.1,74.9,71.5,66.1,68.4,2.7,17,3,5,43.1,0,63.0,Medium,70.22,1,51.74,71.74
STU01620,20,Female,Civil,5,7.15,79.6,62.4,65.8,55.4,82.8,3.9,14,1,1,66.9,1,73.1,Low,66.6,1,73.26,71.56
STU01621,20,Male,Mechanical,4,7.91,90.7,70.3,69.5,89.9,68.0,4.3,6,0,2,48.9,0,74.0,Low,74.43,0,71.06,80.13
STU01622,21,Female,Electronics,7,6.61,69.8,71.1,49.8,58.0,61.3,2.5,21,2,3,55.9,0,54.7,Medium,60.05,1,58.86,64.6
STU01623,20,Male,Mechanical,5,7.55,77.7,64.5,59.6,54.4,80.8,3.7,13,1,0,56.6,0,75.8,Low,64.82,1,68.14,71.78
STU01624,20,Female,Computer Science,4,8.6,89.4,68.4,77.9,76.0,75.4,4.2,7,1,0,70.0,0,81.1,Low,74.43,0,76.0,82.22
STU01625,21,Male,Computer Science,5,7.58,69.7,59.8,54.6,65.8,59.5,2.8,21,2,5,65.4,0,58.6,Medium,59.92,1,64.16,67.92
STU01626,20,Female,Computer Science,5,7.6,80.2,69.0,69.4,66.8,72.9,4.2,12,1,1,74.1,0,71.7,Low,69.53,0,77.64,74.46
STU01627,18,Male,Management,2,5.03,58.8,62.1,38.3,32.3,65.0,0.5,24,1,1,45.2,3,46.0,High,49.42,2,47.58,52.08
STU01628,18,Male,Electrical,2,7.87,75.8,73.0,67.4,72.4,85.1,2.1,15,3,5,59.4,1,64.1,Medium,74.47,1,55.26,76.28
STU01629,21,Male,Mechanical,6,6.5,75.1,63.7,51.0,63.4,72.7,2.9,16,2,2,60.7,0,65.7,Low,62.7,1,62.78,66.6
STU01630,19,Male,Civil,3,7.12,83.7,65.7,61.2,67.2,76.0,3.1,11,0,3,53.8,0,81.1,Low,67.53,0,67.02,72.86
STU01631,21,Female,Civil,5,6.56,82.7,65.4,43.6,57.8,69.9,2.6,10,2,3,61.6,1,56.4,Medium,59.18,0,61.64,67.3
STU01632,21,Male,Computer Science,7,6.06,62.4,55.3,38.7,60.2,53.7,0.5,21,2,2,41.3,2,36.5,High,51.97,2,43.02,57.6
STU01633,19,Female,Computer Science,3,6.67,72.9,66.7,62.4,53.6,68.2,3.1,18,1,0,90.3,0,71.8,Low,62.72,1,78.62,66.66
STU01634,20,Male,Mechanical,4,6.63,70.5,56.0,59.9,47.5,62.0,2.9,16,0,0,66.8,1,65.0,Low,56.35,1,71.22,63.37
STU01635,22,Female,Computer Science,8,6.72,80.6,64.6,79.0,63.6,71.4,4.0,11,1,1,77.0,0,79.0,Low,69.65,0,77.8,71.53
STU01636,19,Male,Management,2,8.37,79.2,71.8,61.9,84.3,79.7,2.8,14,1,1,49.7,0,75.5,Low,74.42,1,60.88,78.86
STU01637,22,Female,Computer Science,7,5.62,85.9,65.9,54.5,43.3,65.5,4.2,9,0,3,68.0,2,50.7,Medium,57.3,0,78.2,64.06
STU01638,19,Male,Mechanical,3,7.45,83.3,75.0,69.1,77.3,89.7,4.6,10,0,3,84.8,0,92.0,Low,77.77,0,86.92,78.01
STU01639,21,Female,Electronics,8,6.86,75.2,70.4,75.9,51.2,63.9,3.4,14,2,2,60.9,0,59.2,Medium,65.35,1,65.36,68.95
STU01640,19,Female,Electrical,4,6.14,86.9,69.6,60.2,72.7,61.3,2.6,9,0,1,71.3,1,57.4,Medium,65.95,0,71.52,69.6
STU01641,18,Female,Management,2,5.48,63.2,53.4,40.4,38.3,44.3,4.5,24,5,2,52.3,3,40.3,High,44.1,2,58.42,52.62
STU01642,21,Male,Electronics,7,7.23,79.6,79.4,73.6,71.4,71.5,4.2,14,1,2,80.4,0,78.3,Low,73.97,1,80.16,74.8
STU01643,19,Female,Computer Science,3,4.06,49.5,27.8,31.9,19.1,31.5,0.2,31,3,2,17.3,2,13.6,High,27.58,2,28.92,37.61
STU01644,20,Female,Civil,4,7.02,64.5,62.3,61.8,57.6,76.4,4.3,21,1,1,70.8,0,66.1,Low,64.53,2,76.82,66.5
STU01645,20,Female,Computer Science,5,4.41,81.2,49.7,53.3,43.5,56.0,3.1,10,0,1,62.6,2,52.5,Medium,50.62,0,70.54,55.98
STU01646,21,Female,Computer Science,7,7.81,88.9,77.3,80.5,66.2,70.1,4.2,8,2,1,82.6,0,68.0,Low,73.53,0,78.04,78.97
STU01647,20,Female,Civil,4,6.51,52.0,43.2,57.6,57.0,57.8,1.3,27,0,4,39.4,0,55.7,Medium,53.9,2,52.26,57.34
STU01648,21,Other,Computer Science,8,8.36,92.4,85.2,79.6,66.0,98.6,5.7,5,0,4,84.9,0,84.6,Low,82.35,0,92.46,85.3
STU01649,20,Female,Computer Science,5,6.79,67.7,62.5,73.7,49.7,62.8,3.0,21,0,0,64.2,0,67.8,Low,62.18,1,70.68,65.56
STU01650,20,Male,Electronics,4,5.74,62.3,52.0,49.6,38.8,43.9,0.2,25,3,3,36.3,1,41.7,High,46.08,2,36.52,54.1
STU01651,20,Male,Electronics,4,5.58,58.1,33.5,33.6,43.3,44.1,0.2,27,3,3,21.2,3,50.3,Medium,38.62,2,30.48,49.5
STU01652,22,Female,Management,7,6.89,61.0,69.3,68.5,60.7,56.2,3.0,25,1,0,43.0,1,69.1,Low,63.68,2,59.2,64.83
STU01653,21,Other,Computer Science,6,7.65,86.0,62.7,65.8,65.7,75.7,3.2,9,5,3,61.9,2,59.4,Medium,67.47,0,55.76,75.26
STU01654,19,Male,Electronics,2,6.31,72.9,55.7,53.3,49.9,68.7,2.1,16,5,2,49.2,0,49.1,High,56.9,1,45.18,63.07
STU01655,22,Male,Civil,7,7.05,89.1,67.3,65.1,58.4,66.7,3.4,8,0,2,58.1,0,68.4,Low,64.38,0,70.24,72.7
STU01656,20,Male,Electrical,4,4.87,52.6,58.0,27.9,32.6,44.8,2.3,30,4,2,58.6,1,23.3,High,40.83,2,52.94,46.52
STU01657,19,Male,Electronics,4,6.46,70.4,55.9,73.6,52.4,81.5,3.1,17,0,2,66.4,0,55.9,Medium,65.85,1,72.06,66.55
STU01658,19,Other,Civil,2,5.45,61.4,36.5,46.4,39.2,43.3,1.0,21,2,1,42.3,2,42.2,High,41.35,2,45.92,50.96
STU01659,22,Female,Civil,8,7.94,85.3,65.7,55.3,78.2,68.8,2.6,10,2,3,76.5,0,88.8,Low,67.0,0,67.6,75.92
STU01660,19,Male,Electronics,2,6.28,80.1,65.9,69.3,69.0,70.6,3.2,12,0,0,61.3,0,70.2,Low,68.7,0,70.52,69.48
STU01661,21,Male,Computer Science,8,8.85,82.8,93.1,86.8,95.0,88.1,3.1,11,1,2,63.4,0,81.9,Low,90.75,0,67.86,87.98
STU01662,19,Male,Civil,2,6.38,78.6,65.8,66.5,59.9,63.5,2.8,14,1,4,65.3,0,66.6,Low,63.92,1,67.12,67.55
STU01663,20,Female,Computer Science,5,5.88,80.2,55.7,71.8,55.1,63.9,2.2,14,1,2,46.7,0,70.0,Low,61.62,0,56.68,65.28
STU01664,18,Female,Electronics,2,8.17,77.7,73.8,61.8,93.6,81.3,3.7,15,2,2,59.5,0,78.3,Low,77.62,1,66.3,79.07
STU01665,21,Male,Mechanical,5,9.17,83.6,83.0,69.7,78.5,96.6,2.6,11,1,3,74.0,0,80.8,Low,81.95,0,69.6,85.78
STU01666,21,Male,Computer Science,7,6.38,86.8,65.9,64.1,48.0,64.7,2.7,8,2,1,69.1,1,72.9,Low,60.68,0,65.14,68.3
STU01667,20,Female,Computer Science,6,7.58,82.3,65.3,59.9,56.9,65.4,2.5,11,0,1,63.5,2,69.3,Low,61.88,0,67.9,71.86
STU01668,20,Female,Electronics,5,7.35,64.6,58.5,66.5,58.6,63.3,1.3,19,1,1,51.3,2,52.8,Medium,61.72,2,54.02,66.56
STU01669,18,Female,Management,2,7.1,91.1,79.3,52.1,74.0,80.3,4.0,5,1,0,67.7,0,74.5,Low,71.42,0,74.08,76.19
STU01670,22,Male,Electrical,8,7.0,76.7,71.0,54.7,57.8,92.5,4.6,3,1,0,59.5,0,67.4,Low,69.0,1,73.8,71.28
STU01671,20,Other,Electronics,4,7.8,71.3,72.8,58.6,51.9,67.7,3.8,20,2,2,68.4,0,61.4,Medium,62.75,1,70.36,70.22
STU01672,21,Female,Electronics,5,5.83,78.4,68.7,50.6,51.5,66.5,2.5,15,1,0,65.3,2,58.1,Medium,59.32,1,65.62,63.74
STU01673,21,Female,Management,8,8.45,100.0,78.3,69.7,56.7,59.9,4.0,0,1,2,76.2,1,75.7,Low,66.15,0,77.48,81.04
STU01674,21,Male,Civil,6,6.89,71.6,64.0,74.0,65.6,68.5,2.9,17,3,2,40.7,1,54.9,Medium,68.03,1,51.78,69.22
STU01675,22,Male,Civil,7,7.48,73.8,54.5,54.5,57.7,66.3,1.8,15,1,2,49.8,0,64.8,Medium,58.25,1,55.92,67.93
STU01676,19,Male,Computer Science,3,4.78,59.4,42.8,28.6,24.7,55.2,1.2,23,1,2,32.5,1,43.8,High,37.83,2,46.0,46.71
STU01677,21,Female,Computer Science,5,7.73,77.2,68.0,68.3,85.5,70.9,3.5,13,1,2,67.9,0,75.7,Low,73.18,1,71.66,75.63
STU01678,21,Female,Electronics,5,7.36,74.1,59.3,58.0,62.2,58.7,2.6,17,1,3,59.5,0,65.6,Low,59.55,1,63.8,68.1
STU01679,19,Male,Electrical,3,5.95,66.8,55.8,56.9,40.1,61.6,1.4,19,1,1,57.6,2,60.9,Medium,53.6,1,57.04,58.96
STU01680,19,Female,Management,4,6.32,71.1,62.1,67.7,54.1,50.6,2.2,16,3,4,48.1,0,63.7,Medium,58.62,1,51.24,63.35
STU01681,22,Female,Computer Science,7,5.44,66.0,47.6,56.4,26.8,49.0,0.6,20,5,3,49.2,1,44.0,High,44.95,1,37.68,53.52
STU01682,21,Male,Civil,8,5.18,88.0,51.6,62.5,52.4,63.4,3.2,8,2,2,74.9,1,67.6,Low,57.48,0,69.96,63.12
STU01683,21,Female,Management,7,5.93,73.3,54.1,51.2,59.9,46.3,3.1,18,1,2,55.9,1,66.6,Low,52.88,1,64.86,60.23
STU01684,22,Female,Management,8,7.9,65.3,75.3,64.7,89.5,65.1,1.9,22,1,1,32.8,0,65.8,Low,73.65,1,49.62,73.44
STU01685,22,Male,Electronics,8,6.42,73.0,59.7,55.1,50.1,69.8,2.9,16,0,2,53.4,0,58.3,Medium,58.68,1,65.86,64.19
STU01686,20,Female,Computer Science,3,7.23,58.3,54.3,55.3,56.7,53.0,1.5,28,0,1,60.0,1,61.5,Medium,54.82,2,61.5,61.81
STU01687,22,Male,Management,7,6.54,86.5,72.3,52.1,56.0,60.4,2.4,8,0,2,69.4,1,75.4,Low,60.2,0,69.76,68.6
STU01688,21,Female,Computer Science,6,7.51,77.0,69.7,70.0,76.5,76.9,3.4,14,1,3,63.3,0,75.5,Low,73.28,1,69.32,74.84
STU01689,21,Female,Computer Science,8,7.27,85.7,82.5,50.8,63.3,74.1,4.7,10,0,2,59.5,0,72.9,Low,67.68,0,77.3,73.94
STU01690,20,Female,Computer Science,6,6.92,83.3,69.6,76.2,74.3,70.7,2.6,11,0,1,64.5,0,84.8,Low,72.7,0,68.8,74.12
STU01691,19,Female,Mechanical,2,6.19,73.2,67.3,54.3,60.5,63.9,4.4,17,4,2,60.4,0,62.3,Medium,61.5,1,64.16,64.56
STU01692,20,Male,Computer Science,5,5.05,76.7,56.0,47.6,43.1,64.6,1.8,21,3,2,51.0,0,39.9,High,52.82,1,50.4,57.98
STU01693,22,Male,Mechanical,7,5.15,58.6,57.6,43.7,27.6,52.2,3.0,24,2,5,35.7,1,24.5,High,45.28,2,53.28,50.78
STU01694,18,Female,Management,2,5.64,84.6,63.6,70.0,44.7,60.7,4.7,10,1,1,67.2,0,65.4,Low,59.75,0,77.38,64.79
STU01695,20,Male,Mechanical,5,5.29,71.7,71.1,35.8,35.2,63.8,3.2,18,3,3,55.5,1,56.1,Medium,51.47,1,59.2,57.03
STU01696,20,Female,Management,6,7.64,87.1,71.3,80.9,59.0,75.7,3.8,8,1,1,69.6,0,85.2,Low,71.72,0,73.84,77.2
STU01697,21,Male,Management,5,6.66,67.1,55.6,64.1,43.3,57.8,2.8,20,0,1,59.5,2,55.6,Medium,55.2,1,67.8,62.16
STU01698,22,Male,Electrical,7,9.61,93.5,93.2,94.8,100.0,81.5,6.1,4,0,1,78.2,0,100.0,Low,92.38,0,91.28,93.96
STU01699,19,Male,Mechanical,2,4.6,57.0,55.1,45.6,31.3,51.6,1.3,24,2,0,32.0,1,41.4,High,45.9,2,43.3,48.71
STU01700,19,Female,Management,4,7.57,84.8,69.7,72.0,65.8,77.4,4.3,10,4,3,53.3,0,61.3,Medium,71.22,0,60.82,76.18
STU01701,22,Male,Mechanical,8,5.39,67.0,65.0,40.5,42.3,61.5,1.8,18,2,4,39.9,1,55.6,Medium,52.32,1,48.96,56.54
STU01702,20,Female,Computer Science,5,6.7,67.7,69.8,56.2,54.7,62.9,1.9,21,2,2,58.7,1,65.1,Low,60.9,1,56.98,64.74
STU01703,20,Male,Management,3,6.14,56.3,51.3,59.1,53.0,55.5,0.5,28,3,2,39.9,0,35.9,High,54.72,2,39.46,57.46
STU01704,18,Female,Mechanical,2,3.84,57.9,38.4,21.8,20.4,44.2,0.7,26,0,1,50.7,3,27.1,High,31.2,2,53.78,40.4
STU01705,21,Female,Management,6,7.82,86.9,75.5,68.7,68.0,77.1,3.3,8,3,3,58.2,0,72.0,Low,72.32,0,60.78,78.03
STU01706,22,Female,Electronics,8,9.33,82.8,64.0,80.7,76.2,72.2,3.7,10,1,1,53.9,0,97.9,Low,73.27,0,67.06,82.66
STU01707,18,Male,Electronics,2,6.58,97.1,79.2,70.6,55.5,70.9,5.1,2,1,1,77.2,0,76.4,Low,69.05,0,83.38,74.93
STU01708,19,Female,Electrical,2,6.96,57.7,54.6,49.0,56.3,57.7,2.7,27,2,4,50.3,0,62.0,Medium,54.4,2,57.62,60.54
STU01709,20,Male,Civil,4,7.65,79.3,79.3,64.1,76.8,72.0,2.8,13,1,3,59.5,0,76.2,Low,73.05,1,64.8,75.82
STU01710,19,Female,Electronics,3,6.7,71.5,48.9,44.8,49.6,70.7,2.0,17,1,0,40.6,0,47.8,High,53.5,1,53.24,62.72
STU01711,18,Male,Management,2,5.7,68.0,52.9,42.0,51.5,51.9,1.8,19,1,3,47.8,1,51.4,Medium,49.58,1,55.12,56.78
STU01712,19,Female,Mechanical,4,5.24,70.9,57.5,49.7,39.4,58.1,2.8,19,2,0,62.2,0,41.3,High,51.18,1,62.88,56.54
STU01713,20,Female,Computer Science,6,8.61,92.9,85.3,71.1,75.5,83.6,4.4,4,0,0,67.1,0,88.1,Low,78.88,0,78.84,84.91
STU01714,22,Female,Civil,7,6.12,74.5,56.0,52.2,57.6,56.4,2.4,17,1,2,36.1,0,56.0,Medium,55.55,1,53.44,62.26
STU01715,20,Female,Computer Science,4,5.62,57.8,50.6,56.6,33.7,54.6,2.9,28,2,2,48.3,2,46.6,High,48.88,2,57.82,53.67
STU01716,21,Female,Mechanical,6,7.19,71.4,66.0,55.1,58.1,56.1,3.1,19,1,3,42.4,0,60.6,Medium,58.82,1,59.46,66.54
STU01717,21,Male,Computer Science,7,6.27,87.6,77.0,69.8,50.5,71.6,3.4,8,1,4,75.6,0,69.8,Low,67.22,0,74.24,70.73
STU01718,18,Female,Computer Science,2,6.42,82.8,66.7,53.4,43.8,69.5,4.2,11,0,0,64.5,0,77.3,Low,58.35,0,76.8,66.51
STU01719,22,Other,Management,7,7.8,78.0,66.0,65.1,63.3,82.7,3.7,13,0,2,53.2,0,76.9,Low,69.27,1,69.78,74.51
STU01720,19,Male,Computer Science,3,4.95,57.6,36.3,34.0,34.2,44.2,0.7,29,3,2,39.9,0,36.0,High,37.17,2,40.46,46.6
STU01721,21,Male,Electrical,6,6.86,80.7,67.5,71.1,91.5,67.5,3.4,13,1,2,53.5,0,74.7,Low,74.4,0,65.4,73.95
STU01722,22,Female,Civil,7,5.34,73.2,61.5,46.5,51.4,55.5,1.4,16,1,3,52.9,1,45.7,High,53.72,1,55.16,58.48
STU01723,22,Male,Computer Science,7,7.17,72.8,65.4,63.5,60.3,75.5,3.9,16,0,0,51.5,0,57.0,Medium,66.18,1,70.1,69.76
STU01724,20,Female,Management,4,9.17,66.0,61.3,73.6,72.3,67.7,2.1,22,1,0,62.7,0,80.3,Low,68.72,1,62.58,76.08
STU01725,21,Female,Computer Science,6,7.7,73.3,85.5,56.7,71.0,68.7,2.6,16,0,1,58.3,0,72.6,Low,70.47,1,66.32,73.46
STU01726,18,Female,Mechanical,2,7.13,80.8,62.9,68.6,87.9,72.6,4.3,11,1,1,88.9,0,72.5,Low,73.0,0,84.06,74.36
STU01727,21,Male,Electrical,5,5.63,63.0,63.1,38.8,42.6,53.9,3.6,24,2,2,36.8,1,62.5,Medium,49.6,2,56.72,55.3
STU01728,21,Male,Electrical,8,7.65,76.7,73.2,66.3,61.3,68.3,5.8,8,0,1,78.8,0,80.7,Low,67.28,1,90.52,72.86
STU01729,19,Female,Electronics,3,7.57,90.9,74.2,70.3,78.1,66.3,3.1,6,1,2,71.1,0,71.7,Low,72.22,0,70.94,78.11
STU01730,19,Male,Electrical,3,7.24,73.3,53.6,62.5,50.5,62.2,2.1,16,3,3,47.2,2,61.5,Medium,57.2,1,50.38,66.54
STU01731,21,Male,Management,6,7.16,66.9,62.2,58.7,59.0,56.5,2.6,21,1,3,41.7,0,59.3,Medium,59.1,1,56.68,65.42
STU01732,20,Male,Mechanical,5,6.23,70.9,66.9,48.0,59.0,71.1,2.9,17,6,2,59.1,0,63.9,Medium,61.25,1,50.14,64.03
STU01733,21,Male,Civil,5,5.93,61.6,57.3,56.9,46.6,61.2,3.2,22,0,2,32.9,0,58.5,Medium,55.5,2,59.16,58.36
STU01734,19,Male,Electronics,3,4.74,45.0,35.3,45.5,44.9,62.6,1.1,38,2,1,37.9,1,35.3,High,47.08,2,44.66,46.67
STU01735,20,Male,Electronics,3,6.62,86.9,83.9,62.3,50.5,75.9,3.5,7,1,4,78.3,0,73.2,Low,68.15,0,75.82,72.16
STU01736,21,Female,Mechanical,7,7.23,77.9,71.4,67.6,73.6,72.1,2.3,13,1,3,54.3,2,61.0,Medium,71.18,1,60.22,73.25
STU01737,20,Female,Computer Science,4,5.56,77.9,62.4,37.7,50.9,77.6,3.1,14,1,1,60.2,1,53.6,Medium,57.15,1,66.58,61.79
STU01738,21,Female,Civil,7,6.84,64.4,62.2,58.5,63.2,67.1,3.1,24,2,3,67.0,0,46.6,High,62.75,2,66.3,65.14
STU01739,21,Female,Computer Science,5,6.09,67.3,71.0,52.4,48.3,60.0,2.6,22,3,2,56.0,0,52.4,Medium,57.92,1,56.4,61.31
STU01740,19,Male,Computer Science,4,7.75,80.7,65.5,56.1,66.6,66.0,4.0,13,0,1,81.4,1,74.2,Low,63.55,0,82.56,72.72
STU01741,20,Male,Electronics,3,6.4,74.1,52.1,59.3,61.2,71.7,3.0,14,2,3,48.9,1,47.6,High,61.08,1,58.56,65.35
STU01742,20,Female,Computer Science,6,8.34,89.0,87.7,76.3,68.9,75.7,4.1,7,0,1,83.4,0,91.9,Low,77.15,0,83.86,82.3
STU01743,20,Male,Mechanical,3,6.84,65.0,59.7,59.4,48.7,52.3,1.5,21,1,6,42.1,0,42.9,High,55.03,1,51.34,62.2
STU01744,21,Male,Mechanical,8,4.98,73.5,51.2,54.2,50.3,52.3,3.0,16,1,2,59.4,1,49.8,High,52.0,1,65.76,56.6
STU01745,19,Male,Computer Science,4,5.74,59.6,62.6,59.9,65.4,53.8,0.8,25,3,4,33.0,0,52.9,Medium,60.42,2,38.2,59.16
STU01746,22,Female,Computer Science,7,6.3,65.2,60.3,42.1,50.8,61.0,2.4,20,3,1,55.4,2,51.2,Medium,53.55,1,55.16,59.77
STU01747,21,Male,Computer Science,5,7.03,77.5,60.7,56.9,63.6,66.6,4.2,13,1,3,67.5,0,68.3,Low,61.95,1,75.0,68.76
STU01748,19,Male,Mechanical,4,7.47,76.8,76.1,85.3,63.3,77.7,3.8,13,1,2,68.9,0,63.8,Medium,75.6,1,73.56,75.58
STU01749,20,Male,Electronics,5,5.77,66.2,55.7,61.8,59.2,49.1,2.5,20,2,1,29.0,0,52.4,Medium,56.45,1,48.1,59.32
STU01750,21,Female,Civil,5,6.85,69.4,64.8,72.5,65.8,62.2,1.8,21,1,2,63.4,0,71.7,Low,66.32,1,61.36,67.85
STU01751,20,Male,Civil,5,6.38,45.0,57.8,52.8,41.7,59.1,2.2,35,2,2,51.5,0,45.9,High,52.85,2,55.6,54.72
STU01752,22,Female,Electronics,8,6.53,78.3,66.6,48.5,64.6,57.5,3.2,13,1,2,62.0,0,60.0,Medium,59.3,1,67.8,66.15
STU01753,21,Male,Computer Science,6,5.66,60.9,53.5,44.1,50.9,41.7,1.1,26,4,3,50.2,0,32.0,High,47.55,2,43.58,54.06
STU01754,19,Male,Electronics,2,6.3,69.0,62.1,52.6,49.4,52.8,2.5,18,3,3,55.7,0,62.9,Medium,54.22,1,55.78,60.99
STU01755,19,Male,Electronics,2,7.95,88.6,75.1,74.3,71.2,78.0,2.8,8,0,2,75.6,0,74.1,Low,74.65,0,74.24,79.84
STU01756,18,Male,Electronics,2,6.97,76.5,70.9,55.7,71.4,70.8,3.9,13,0,2,68.0,0,80.7,Low,67.2,1,76.7,70.4
STU01757,20,Male,Management,6,8.99,78.2,91.7,90.1,74.9,83.5,3.4,15,0,0,72.7,0,100.0,Low,85.05,1,76.08,85.04
STU01758,19,Female,Computer Science,3,9.12,100.0,90.3,65.4,91.1,95.5,3.4,0,0,3,75.7,0,93.3,Low,85.57,0,77.28,91.15
STU01759,19,Male,Computer Science,4,5.44,65.4,51.7,55.5,44.0,59.0,2.4,20,1,2,41.5,0,45.3,High,52.55,1,55.6,56.41
STU01760,22,Female,Electrical,7,7.1,61.0,54.0,60.5,55.2,57.5,1.1,25,2,1,19.9,3,47.2,High,56.8,2,37.46,62.82
STU01761,19,Male,Management,2,5.68,76.7,69.0,68.9,30.0,69.0,2.6,21,2,1,47.4,0,58.9,Medium,59.22,1,55.96,62.74
STU01762,19,Male,Mechanical,3,4.66,62.4,58.6,47.3,39.6,63.3,0.9,24,1,1,33.8,2,40.6,High,52.2,2,45.02,52.79
STU01763,19,Female,Mechanical,2,5.8,69.4,58.1,48.5,52.1,54.7,2.4,21,4,2,37.1,2,36.6,High,53.35,1,44.84,58.99
STU01764,19,Female,Computer Science,3,5.49,69.4,68.6,54.1,57.4,68.3,3.4,21,2,3,51.8,0,64.2,Medium,62.1,1,61.72,61.4
STU01765,18,Male,Electrical,2,6.2,94.4,63.1,62.2,51.5,80.3,2.6,3,1,1,88.4,1,64.2,Medium,64.28,0,75.36,71.01
STU01766,20,Male,Mechanical,6,6.09,80.9,66.9,59.6,63.9,79.1,3.1,11,0,2,48.2,0,64.8,Medium,67.38,0,64.78,68.49
STU01767,21,Female,Mechanical,7,6.0,78.6,73.0,42.4,35.4,68.5,3.5,14,0,3,62.5,0,58.6,Medium,54.82,1,72.5,62.58
STU01768,20,Male,Electronics,3,7.17,67.6,67.8,68.4,61.2,69.0,1.3,19,1,3,34.3,0,58.9,Medium,66.6,1,47.22,68.63
STU01769,21,Female,Electronics,5,5.8,69.7,71.6,53.5,52.0,64.3,2.8,19,3,3,59.5,4,50.2,Medium,60.35,1,58.8,61.86
STU01770,20,Female,Civil,4,9.91,97.7,87.8,83.1,93.5,99.8,4.4,1,1,1,82.3,0,100.0,Low,91.05,0,81.92,95.53
STU01771,19,Male,Computer Science,2,6.8,89.4,67.2,50.1,65.3,62.2,4.1,6,0,1,58.9,0,75.6,Low,61.2,0,74.06,70.63
STU01772,20,Female,Mechanical,5,6.73,70.1,71.1,79.9,56.8,74.3,2.4,17,1,2,49.4,0,63.0,Medium,70.53,1,58.76,69.29
STU01773,21,Male,Computer Science,6,5.35,61.4,41.1,53.9,41.3,57.4,1.1,26,2,5,41.5,0,30.6,High,48.42,2,46.1,53.44
STU01774,20,Female,Electrical,3,9.04,86.3,88.2,89.4,90.1,80.9,4.5,8,0,0,84.8,0,92.8,Low,87.15,0,86.42,88.08
STU01775,22,Female,Computer Science,7,8.2,82.3,81.7,72.4,69.0,67.9,3.1,11,2,3,68.4,0,78.5,Low,72.75,0,66.86,78.38
STU01776,22,Female,Management,8,6.94,67.0,64.9,65.3,52.1,52.0,2.2,22,2,3,58.3,0,61.4,Medium,58.58,1,58.32,64.47
STU01777,19,Other,Mechanical,2,6.84,100.0,57.4,51.6,57.0,76.1,5.3,0,0,3,74.8,0,70.3,Low,60.52,0,86.42,73.15
STU01778,19,Female,Electronics,3,6.52,74.3,51.1,60.7,50.7,76.9,1.1,14,0,2,37.1,0,73.7,Low,59.85,1,50.34,65.33
STU01779,20,Male,Electronics,4,5.8,70.6,55.7,51.9,57.4,55.4,3.0,18,0,2,42.6,2,49.3,High,55.1,1,62.04,59.99
STU01780,21,Male,Mechanical,7,9.66,87.5,83.5,70.8,64.4,75.4,5.3,9,0,0,59.8,0,92.1,Low,73.53,0,80.42,85.1
STU01781,18,Male,Electronics,2,7.82,76.8,77.9,70.9,68.5,84.3,4.8,15,1,0,59.6,0,76.1,Low,75.4,1,74.84,76.73
STU01782,20,Male,Electronics,5,6.94,82.2,65.5,58.8,73.5,68.5,4.1,12,1,2,53.4,0,71.6,Low,66.58,0,68.86,71.47
STU01783,20,Female,Computer Science,5,3.7,62.0,50.1,29.4,45.4,56.7,1.7,24,3,1,39.3,6,18.7,High,45.4,2,45.22,46.61
STU01784,19,Male,Electronics,2,5.46,73.2,59.5,46.2,46.4,52.2,2.3,16,2,3,50.4,2,60.4,Medium,51.08,1,55.66,57.84
STU01785,19,Female,Electrical,2,7.21,77.6,63.2,50.2,73.0,71.5,1.1,15,2,3,36.5,0,66.9,Low,64.47,1,44.1,70.42
STU01786,19,Male,Computer Science,2,9.14,99.6,93.9,93.5,89.2,100.0,5.3,0,0,2,95.0,0,94.9,Low,94.15,0,94.5,94.55
STU01787,18,Male,Electrical,2,8.29,76.0,69.0,85.1,68.8,68.0,4.2,14,2,4,67.0,0,75.2,Low,72.72,1,71.8,77.1
STU01788,21,Male,Management,5,5.57,88.7,61.5,40.7,46.6,56.8,1.7,7,1,1,52.6,0,47.9,High,51.4,0,56.54,62.23
STU01789,21,Other,Civil,8,7.47,79.1,60.3,72.5,55.5,65.9,2.3,12,0,4,53.6,0,65.8,Low,63.55,1,62.94,71.34
STU01790,20,Male,Computer Science,4,7.4,77.5,75.3,70.7,58.5,79.1,3.3,12,2,0,57.9,0,75.0,Low,70.9,1,63.66,73.64
STU01791,19,Male,Mechanical,3,5.22,71.4,52.8,42.3,42.1,61.3,0.6,19,1,3,42.3,0,38.9,High,49.62,1,46.92,55.97
STU01792,19,Male,Electrical,3,6.38,61.1,53.5,44.2,58.5,54.3,2.9,25,1,3,49.1,1,59.4,Medium,52.62,2,61.14,58.65
STU01793,21,Other,Electronics,8,7.19,79.0,71.6,59.6,53.2,86.7,3.4,12,1,1,58.6,0,83.8,Low,67.77,1,67.44,72.03
STU01794,22,Male,Electronics,8,6.28,68.3,71.6,61.2,53.6,63.7,2.7,21,2,3,56.7,1,56.4,Medium,62.53,1,60.18,64.07
STU01795,21,Female,Electronics,6,4.91,77.6,51.7,40.3,32.4,56.3,3.6,15,0,1,60.7,0,40.4,High,45.18,1,72.28,54.65
STU01796,21,Male,Electronics,5,5.61,62.8,62.1,46.9,47.8,68.6,3.0,21,2,3,41.1,3,46.8,High,56.35,2,55.44,57.88
STU01797,19,Male,Computer Science,3,6.51,65.5,67.1,51.7,50.3,63.1,2.5,20,1,3,59.5,0,57.1,Medium,58.05,1,63.3,62.38
STU01798,22,Female,Computer Science,8,6.67,69.5,57.4,28.9,60.7,59.1,1.5,18,0,2,62.8,1,61.8,Medium,51.52,1,62.62,61.33
STU01799,18,Female,Civil,2,6.73,83.2,76.7,65.6,54.6,68.1,2.3,11,2,0,75.8,0,63.3,Medium,66.25,0,65.82,70.86
STU01800,19,Female,Mechanical,3,6.14,70.2,54.8,58.3,41.2,74.3,2.0,18,1,3,60.5,2,48.3,High,57.15,1,61.2,61.9
STU01801,21,Male,Computer Science,6,6.72,80.1,78.2,67.2,75.4,64.0,4.6,12,1,1,60.5,0,67.0,Low,71.2,0,74.2,72.03
STU01802,19,Other,Management,3,7.92,77.8,56.9,78.8,73.1,84.9,5.2,12,0,0,74.9,1,71.2,Low,73.42,1,85.96,76.54
STU01803,19,Female,Electronics,2,6.56,77.8,72.7,54.6,62.9,59.1,2.6,15,3,1,51.2,0,48.9,High,62.32,1,54.48,67.34
STU01804,20,Female,Computer Science,6,5.84,66.2,45.7,65.6,54.6,52.6,1.4,20,0,4,50.3,2,50.4,Medium,54.62,1,57.12,58.84
STU01805,18,Male,Computer Science,2,6.93,78.7,58.3,49.7,63.4,60.3,0.8,14,0,2,61.6,0,48.7,High,57.92,1,58.64,67.1
STU01806,19,Male,Electronics,3,5.45,74.6,50.5,44.1,43.3,61.2,3.5,15,1,3,70.3,1,48.1,High,49.77,1,72.62,57.64
STU01807,21,Male,Mechanical,6,6.29,69.2,71.9,58.4,64.7,53.0,2.5,21,0,3,51.1,0,68.0,Low,62.0,1,62.94,64.11
STU01808,20,Female,Computer Science,3,7.05,83.4,67.0,65.4,62.5,66.4,3.2,11,0,2,70.3,0,64.7,Medium,65.32,0,74.12,71.66
STU01809,22,Female,Electrical,7,6.55,84.4,63.3,61.0,57.4,76.2,1.7,9,0,4,66.0,2,73.3,Low,64.47,0,64.9,69.82
STU01810,19,Male,Management,2,8.1,91.3,84.1,73.1,80.3,84.8,2.6,5,0,2,70.6,0,76.4,Low,80.58,0,71.24,83.4
STU01811,21,Male,Electronics,6,3.58,72.7,58.5,38.3,35.9,53.4,2.5,18,3,1,56.6,1,34.6,High,46.52,1,56.14,49.32
STU01812,19,Male,Electrical,2,4.59,57.8,41.4,33.3,33.3,39.0,0.2,24,2,6,32.3,4,26.8,High,36.75,2,37.92,45.22
STU01813,21,Male,Mechanical,7,7.18,74.7,54.8,42.3,62.6,66.1,2.7,16,2,2,38.5,1,63.7,Medium,56.45,1,52.9,66.38
STU01814,21,Female,Electrical,7,7.08,83.0,62.8,71.8,66.3,77.9,4.0,10,3,1,70.7,0,76.2,Low,69.7,0,69.28,73.41
STU01815,21,Male,Computer Science,7,6.35,64.5,72.1,52.6,51.6,67.0,1.6,22,3,2,45.1,0,62.6,Medium,60.82,2,47.04,62.68
STU01816,19,Male,Mechanical,3,6.37,40.6,46.8,40.1,45.5,58.5,0.4,34,4,5,23.4,2,45.5,High,47.72,2,29.36,51.54
STU01817,20,Male,Computer Science,3,8.34,84.7,76.9,63.6,62.4,75.0,3.2,9,1,1,66.2,0,80.0,Low,69.47,0,69.48,78.16
STU01818,21,Male,Computer Science,8,7.3,73.3,70.1,71.4,68.9,60.1,3.3,15,0,2,69.2,0,68.0,Low,67.62,1,74.18,70.92
STU01819,22,Female,Management,7,7.45,98.7,59.4,65.0,73.9,70.3,6.0,1,0,2,66.7,0,81.1,Low,67.15,0,86.68,77.61
STU01820,20,Male,Electronics,3,6.2,87.5,70.9,46.4,76.5,73.9,4.0,9,0,1,63.8,1,65.6,Low,66.93,0,75.52,70.34
STU01821,18,Female,Electronics,2,4.9,66.2,47.0,42.2,39.0,46.7,3.0,20,2,0,36.4,2,45.3,High,43.72,1,53.56,51.19
STU01822,20,Female,Computer Science,4,7.43,87.7,85.7,68.8,80.1,76.1,5.0,8,0,2,72.5,1,75.1,Low,77.68,0,84.0,79.0
STU01823,21,Female,Management,6,8.54,88.6,66.6,75.4,66.8,85.1,3.7,7,1,1,66.9,0,76.2,Low,73.47,0,72.26,81.43
STU01824,19,Male,Electronics,4,8.57,96.5,89.2,83.0,78.2,76.4,5.1,2,1,3,68.5,0,86.6,Low,81.7,0,79.9,86.8
STU01825,22,Female,Computer Science,7,5.59,58.8,64.3,39.8,36.3,45.7,0.7,26,0,4,45.8,0,40.8,High,46.52,2,51.82,52.88
STU01826,21,Female,Mechanical,5,7.13,74.5,59.4,68.6,77.8,78.9,3.4,15,2,1,49.2,0,75.7,Low,71.18,1,60.68,72.05
STU01827,21,Male,Computer Science,8,8.59,85.3,77.6,68.1,64.5,83.1,3.8,9,1,0,61.9,0,83.7,Low,73.32,0,70.76,80.72
STU01828,22,Female,Computer Science,8,8.48,78.6,80.9,85.4,70.5,71.8,4.6,15,1,1,79.8,0,89.2,Low,77.15,1,81.92,80.19
STU01829,20,Male,Civil,5,6.4,81.4,72.7,58.9,59.7,72.7,3.0,12,0,2,55.2,1,68.0,Low,66.0,0,67.08,69.15
STU01830,21,Male,Management,7,6.1,72.7,46.1,57.4,69.0,55.8,1.8,16,0,4,53.3,1,61.0,Medium,57.08,1,60.32,62.36
STU01831,21,Male,Electrical,5,8.47,96.7,88.2,69.8,85.5,80.6,4.5,2,0,1,87.7,1,90.0,Low,81.03,0,87.58,86.23
STU01832,18,Female,Computer Science,2,7.58,100.0,79.1,78.7,66.0,72.9,5.5,0,0,1,96.9,0,90.5,Low,74.18,0,96.26,81.2
STU01833,20,Male,Electronics,4,5.22,80.5,56.9,58.6,39.5,57.7,2.5,12,2,1,69.7,0,55.3,Medium,53.18,0,64.38,59.66
STU01834,19,Male,Electrical,4,8.12,82.8,87.5,62.9,63.7,78.3,2.5,10,1,1,73.6,0,83.5,Low,73.1,0,68.94,78.36
STU01835,21,Male,Computer Science,8,8.7,85.1,77.1,75.0,72.6,81.2,5.0,10,0,2,65.1,0,89.8,Low,76.47,0,81.04,82.32
STU01836,21,Male,Electrical,7,7.05,66.5,61.9,62.0,55.9,56.2,1.0,21,2,2,40.6,1,53.6,Medium,59.0,1,45.24,64.9
STU01837,20,Male,Mechanical,3,7.08,65.5,58.2,75.8,49.4,63.5,1.6,20,2,4,44.5,0,65.4,Low,61.72,1,49.8,65.84
STU01838,19,Female,Management,2,7.84,86.6,74.0,68.4,71.9,75.8,3.8,8,0,0,92.3,0,83.8,Low,72.53,0,85.92,78.1
STU01839,21,Male,Electronics,5,8.08,85.0,83.7,78.8,89.5,87.8,3.2,10,0,2,75.9,0,100.0,Low,84.95,0,76.36,83.51
STU01840,20,Female,Management,5,6.89,63.8,63.4,50.2,63.2,62.2,1.1,22,0,2,51.9,0,60.0,Medium,59.75,2,56.26,63.96
STU01841,22,Female,Electronics,7,6.1,74.2,55.9,55.1,39.6,68.6,3.3,15,2,3,58.2,0,52.7,Medium,54.8,1,63.78,61.82
STU01842,20,Female,Civil,3,6.25,53.3,51.2,56.9,44.6,54.9,1.4,32,4,2,49.5,1,38.8,High,51.9,2,44.8,55.96
STU01843,22,Female,Computer Science,7,7.63,78.4,73.2,63.3,72.0,68.1,3.3,14,2,1,57.9,0,68.0,Low,69.15,1,63.66,73.96
STU01844,20,Male,Mechanical,4,4.61,62.7,37.3,50.1,38.9,53.1,1.8,23,1,3,44.5,1,48.6,High,44.85,2,53.8,49.75
STU01845,19,Female,Electronics,4,5.83,77.9,54.8,40.3,43.9,71.5,1.9,13,1,2,58.8,1,72.1,Low,52.62,1,60.02,60.93
STU01846,20,Male,Computer Science,4,5.04,75.5,62.4,50.7,32.1,66.7,3.2,16,2,1,50.7,2,50.0,Medium,52.97,1,60.28,57.7
STU01847,22,Male,Electronics,8,7.51,80.0,66.9,72.7,54.6,53.5,3.8,14,1,3,63.4,1,71.0,Low,61.92,0,71.36,71.06
STU01848,20,Male,Computer Science,4,5.87,76.8,77.9,58.6,64.1,65.9,3.1,15,0,3,60.2,2,59.0,Medium,66.62,1,69.58,66.4
STU01849,20,Female,Management,5,5.14,57.1,59.6,53.0,38.2,53.0,1.8,30,2,1,46.0,1,52.1,Medium,50.95,2,51.4,52.64
STU01850,21,Female,Electrical,8,7.97,79.4,78.5,74.9,57.9,79.3,4.5,12,1,3,82.1,0,87.6,Low,72.65,1,82.34,76.81
STU01851,19,Male,Civil,2,7.15,73.9,75.6,55.1,45.1,57.0,3.1,14,2,3,56.5,0,58.5,Medium,58.2,1,62.1,66.78
STU01852,21,Female,Electronics,5,7.57,85.5,81.6,61.4,69.1,73.9,4.2,10,1,0,75.3,1,80.8,Low,71.5,0,78.12,76.47
STU01853,20,Male,Computer Science,6,7.74,86.9,79.0,71.0,62.2,66.6,3.7,9,0,2,67.6,0,83.8,Low,69.7,0,75.54,76.69
STU01854,21,Male,Electronics,8,6.82,55.1,50.2,61.5,65.1,60.5,2.4,31,1,3,47.2,0,62.5,Medium,59.32,2,57.88,61.38
STU01855,19,Male,Computer Science,2,7.53,79.0,71.9,72.5,58.7,73.7,2.4,14,1,3,45.2,1,58.0,Medium,69.2,1,57.08,73.78
STU01856,22,Female,Mechanical,7,5.59,74.2,65.2,50.1,49.4,61.5,1.6,15,3,3,53.0,0,39.1,High,56.55,1,50.2,60.74
STU01857,22,Male,Electrical,7,6.67,81.0,61.6,62.3,59.3,82.7,2.8,12,0,1,76.9,0,57.9,Medium,66.47,0,74.76,70.18
STU01858,20,Male,Computer Science,4,7.9,79.8,61.8,75.3,85.4,72.6,2.8,14,2,2,75.6,0,84.6,Low,73.78,1,68.24,77.11
STU01859,22,Male,Computer Science,7,7.45,66.7,60.1,69.6,78.1,63.6,2.9,20,0,3,56.6,0,79.3,Low,67.85,1,67.14,69.89
STU01860,20,Female,Computer Science,5,5.4,80.0,73.9,59.8,45.7,72.7,3.7,14,3,2,70.1,0,50.0,Medium,63.02,0,67.54,64.11
STU01861,20,Female,Mechanical,6,6.56,60.9,64.5,56.0,70.6,54.8,1.6,23,4,3,40.0,0,66.8,Low,61.47,2,42.0,62.78
STU01862,19,Male,Computer Science,4,5.62,61.2,60.5,51.3,44.1,54.9,1.5,23,5,3,47.5,2,26.9,High,52.7,2,41.5,56.05
STU01863,20,Female,Electronics,3,8.24,70.5,70.7,70.5,79.5,76.7,3.3,18,1,2,81.5,0,71.7,Low,74.35,1,76.1,76.2
STU01864,22,Female,Computer Science,7,7.91,65.5,68.4,76.2,74.2,57.8,1.5,21,2,1,66.5,1,73.1,Low,69.15,1,58.1,71.72
STU01865,20,Male,Computer Science,3,7.22,76.3,75.1,71.0,64.7,55.6,3.4,16,1,5,47.6,0,68.6,Low,66.6,1,63.04,70.98
STU01866,20,Male,Civil,3,6.96,69.9,64.3,46.6,68.6,59.4,2.7,17,0,3,57.4,0,63.3,Medium,59.72,1,66.46,65.72
STU01867,22,Female,Management,8,6.75,72.2,61.5,68.7,60.2,71.3,2.1,16,1,3,59.6,0,61.2,Medium,65.42,1,61.34,67.84
STU01868,22,Male,Computer Science,8,7.2,72.7,69.5,64.4,66.4,64.3,2.7,15,2,1,56.1,0,67.4,Low,66.15,1,59.94,69.84
STU01869,21,Male,Computer Science,6,6.68,80.1,66.8,61.8,67.2,68.3,3.1,13,0,1,61.7,1,59.3,Medium,66.03,0,70.18,69.82
STU01870,20,Female,Electronics,6,7.28,80.5,73.0,60.7,61.6,58.2,3.0,11,1,1,59.3,0,76.2,Low,63.38,0,65.72,70.96
STU01871,20,Female,Electrical,4,9.19,86.8,83.3,68.0,70.1,75.2,3.8,9,0,2,60.3,0,86.4,Low,74.15,0,73.12,83.52
STU01872,21,Female,Mechanical,6,6.58,74.5,63.5,59.2,40.0,57.0,3.3,15,2,2,61.2,1,52.6,Medium,54.92,1,64.98,63.62
STU01873,21,Female,Mechanical,6,6.49,75.4,56.5,47.1,55.8,61.5,4.5,15,1,4,65.6,0,61.1,Medium,55.22,1,75.74,63.66
STU01874,21,Male,Mechanical,5,5.8,57.2,40.9,56.4,48.8,53.3,2.4,29,0,4,53.6,0,55.4,Medium,49.85,2,63.44,54.54
STU01875,21,Female,Management,6,4.72,72.7,51.5,56.3,33.2,69.9,2.6,17,1,4,50.2,2,46.9,High,52.72,1,60.08,55.78
STU01876,20,Male,Computer Science,5,5.35,67.3,50.7,48.0,35.5,62.7,2.3,19,2,0,58.9,0,40.7,High,49.22,1,59.06,55.24
STU01877,21,Female,Computer Science,8,7.94,70.2,71.2,51.4,73.3,58.9,3.8,21,1,5,64.0,1,64.1,Medium,63.7,1,71.6,70.82
STU01878,21,Male,Electronics,6,9.02,93.1,78.4,72.9,82.9,92.2,3.8,4,0,1,73.0,0,100.0,Low,81.6,0,78.2,87.49
STU01879,20,Male,Mechanical,4,8.11,74.8,61.9,72.4,74.7,80.6,3.3,14,1,0,71.0,0,83.3,Low,72.4,1,71.9,76.04
STU01880,21,Male,Computer Science,6,5.01,77.4,49.9,48.3,50.4,60.1,2.4,16,1,2,64.9,1,45.5,High,52.18,1,64.96,57.76
STU01881,19,Female,Management,3,7.28,77.9,70.7,74.4,65.8,77.2,2.0,12,0,4,67.7,0,71.6,Low,72.03,1,67.08,73.76
STU01882,20,Male,Civil,3,8.31,83.8,88.0,57.7,83.7,92.4,4.3,10,0,2,79.5,0,91.8,Low,80.45,0,83.3,82.22
STU01883,22,Female,Management,7,6.89,79.6,59.2,51.4,46.0,61.4,2.1,11,1,3,44.2,0,61.7,Medium,54.5,1,55.18,65.82
STU01884,20,Male,Management,6,8.19,93.0,74.2,77.0,69.9,69.0,5.4,5,1,3,55.0,0,77.6,Low,72.53,0,76.0,80.92
STU01885,19,Male,Mechanical,2,5.27,52.3,46.3,32.7,20.4,49.7,0.4,32,2,6,32.4,2,20.5,High,37.28,2,38.96,46.43
STU01886,19,Female,Electrical,4,6.31,64.2,59.5,54.0,47.2,55.9,1.8,22,2,4,39.8,0,52.6,Medium,54.15,2,48.92,59.8
STU01887,21,Male,Civil,8,5.27,70.3,61.6,35.0,40.6,58.0,1.5,17,3,4,47.0,3,41.1,High,48.8,1,47.3,55.54
STU01888,21,Female,Electronics,6,6.31,63.6,57.3,66.0,61.5,54.4,1.1,21,2,2,37.4,0,61.6,Medium,59.8,2,44.46,61.9
STU01889,21,Female,Civil,8,4.33,68.8,38.3,35.1,36.1,54.7,1.5,21,0,3,59.5,1,40.0,High,41.05,1,61.3,48.77
STU01890,21,Female,Management,5,7.23,94.5,82.2,79.4,62.7,70.5,3.7,4,0,2,50.7,0,83.5,Low,73.7,0,68.78,78.41
STU01891,19,Male,Electrical,2,7.75,83.1,72.1,61.8,79.5,74.5,5.2,9,0,2,53.5,0,74.6,Low,71.97,0,77.4,76.69
STU01892,19,Female,Civil,3,6.31,67.1,50.9,62.0,51.2,57.2,2.9,21,3,4,46.5,2,49.0,High,55.32,1,54.1,60.99
STU01893,18,Female,Computer Science,2,5.25,66.3,60.5,48.0,53.0,47.0,2.1,23,5,6,44.0,0,53.5,Medium,52.12,1,43.1,55.8
STU01894,22,Female,Electrical,7,4.9,56.4,54.7,32.6,24.3,55.3,1.6,28,1,2,50.5,3,24.6,High,41.72,2,55.2,47.94
STU01895,22,Female,Electronics,7,7.79,91.3,76.1,62.7,74.5,84.4,4.2,5,0,2,71.0,0,88.2,Low,74.43,0,79.4,79.86
STU01896,20,Male,Civil,5,6.17,71.3,49.3,68.1,62.8,58.2,1.3,17,0,3,34.9,1,54.1,Medium,59.6,1,50.46,63.26
STU01897,22,Female,Civil,7,5.38,48.6,55.4,37.7,43.3,43.0,0.2,35,1,4,35.3,1,38.8,High,44.85,2,42.12,48.92
STU01898,21,Male,Mechanical,5,7.03,90.5,77.6,79.0,72.5,74.5,3.2,6,0,1,74.4,0,66.4,Low,75.9,0,75.76,77.59
STU01899,22,Female,Computer Science,7,6.1,78.2,62.5,60.1,57.7,59.7,3.5,13,0,3,33.8,0,66.9,Low,60.0,1,61.02,64.9
STU01900,20,Female,Civil,6,6.53,93.2,68.1,57.1,57.3,71.1,4.4,4,1,1,83.8,1,63.7,Medium,63.4,0,82.52,71.52
STU01901,21,Female,Computer Science,5,6.24,76.7,65.9,51.6,40.2,58.5,2.6,18,1,3,55.3,0,56.7,Medium,54.05,1,62.12,62.64
STU01902,20,Male,Computer Science,6,8.96,93.6,72.6,86.8,71.5,74.8,4.8,4,1,3,86.9,0,79.5,Low,76.42,0,85.76,85.33
STU01903,19,Female,Computer Science,4,7.45,97.8,69.7,73.7,70.7,86.8,4.1,1,2,0,78.1,0,89.0,Low,75.23,0,75.74,80.62
STU01904,22,Male,Mechanical,7,6.35,71.2,74.7,54.5,48.2,62.5,2.1,20,3,2,50.2,0,52.0,Medium,59.97,1,51.58,64.02
STU01905,22,Male,Computer Science,8,7.27,73.7,60.0,58.5,76.2,82.1,4.1,17,0,3,55.9,2,71.9,Low,69.2,1,72.86,71.55
STU01906,19,Female,Electronics,3,5.69,90.3,68.3,55.9,52.7,63.9,3.4,5,1,1,55.6,1,61.8,Medium,60.2,0,66.24,66.57
STU01907,20,Male,Management,6,6.66,84.2,79.8,61.0,76.8,68.7,2.3,10,2,1,73.0,1,70.4,Low,71.58,0,64.7,72.99
STU01908,19,Male,Electronics,2,6.37,59.0,59.2,61.6,62.7,59.1,0.6,27,4,2,40.2,0,51.7,Medium,60.65,2,37.08,61.3
STU01909,19,Female,Management,4,5.92,69.5,48.5,72.0,38.8,55.3,2.3,20,3,4,49.3,0,55.4,Medium,53.65,1,52.22,59.56
STU01910,20,Female,Mechanical,6,7.16,58.8,57.0,58.6,66.1,56.1,0.4,24,1,1,48.6,1,50.2,Medium,59.45,2,48.44,63.54
STU01911,19,Female,Computer Science,3,5.82,74.3,73.4,71.1,49.1,66.9,3.0,16,1,2,62.9,1,58.7,Medium,65.12,1,67.16,65.0
STU01912,19,Female,Electrical,3,7.72,70.7,70.8,60.4,76.1,62.6,1.5,19,0,3,61.1,1,72.8,Low,67.47,1,61.94,71.68
STU01913,20,Female,Electronics,4,8.0,76.7,64.2,72.5,78.2,64.2,2.8,13,0,2,65.4,0,86.0,Low,69.77,1,70.16,75.08
STU01914,19,Male,Management,2,3.03,45.7,33.2,33.3,28.8,41.0,0.7,31,2,1,20.1,4,14.0,High,34.08,2,35.54,35.66
STU01915,20,Male,Computer Science,6,7.91,66.0,58.6,80.3,78.9,74.6,2.3,19,2,5,37.0,0,61.7,Medium,73.1,1,50.3,73.42
STU01916,19,Female,Electrical,2,3.78,55.8,31.3,38.0,24.5,30.5,0.2,27,3,2,28.1,6,15.8,High,31.08,2,33.24,39.61
STU01917,20,Male,Mechanical,4,6.21,66.7,54.7,52.5,49.8,63.0,1.9,20,2,5,42.7,0,57.0,Medium,55.0,1,50.58,60.41
STU01918,20,Male,Electrical,4,8.06,83.2,75.5,80.4,88.0,82.6,3.7,10,2,4,70.2,0,76.9,Low,81.62,0,70.58,81.66
STU01919,22,Male,Computer Science,8,6.45,83.5,58.9,53.3,60.5,70.6,3.1,11,2,0,55.4,0,57.4,Medium,60.82,0,61.66,67.78
STU01920,22,Female,Civil,8,6.41,79.2,71.0,70.3,47.7,58.0,3.1,14,0,1,65.8,0,66.7,Low,61.75,1,71.82,66.94
STU01921,18,Female,Computer Science,2,5.57,64.3,60.7,42.8,50.1,50.0,2.7,21,3,1,60.0,1,49.0,High,50.9,2,58.5,55.93
STU01922,19,Female,Electrical,3,8.37,89.7,80.3,88.1,86.0,82.1,4.1,6,0,0,80.3,0,83.7,Low,84.12,0,82.62,85.37
STU01923,21,Female,Computer Science,7,4.67,67.2,29.8,46.2,42.3,61.4,1.4,19,2,3,51.3,3,36.1,High,44.92,1,51.52,51.11
STU01924,19,Female,Electronics,4,7.92,82.1,64.7,74.2,58.7,63.5,1.5,12,0,3,49.8,0,74.7,Low,65.28,0,57.42,74.35
STU01925,21,Female,Civil,6,7.59,73.5,75.9,76.3,66.6,69.8,3.5,18,3,4,42.5,0,60.0,Medium,72.15,1,55.5,73.8
STU01926,21,Male,Mechanical,8,4.78,56.4,48.9,50.3,44.9,45.0,1.5,24,2,4,56.8,2,42.9,High,47.28,2,54.22,49.74
STU01927,19,Female,Electrical,3,6.31,59.4,61.5,45.3,50.2,75.4,2.5,26,0,3,62.1,1,58.2,Medium,58.1,2,67.34,60.18
STU01928,22,Female,Civil,8,4.9,69.9,49.9,52.3,38.0,55.9,2.0,17,3,4,41.1,0,41.1,High,49.02,1,47.44,54.24
STU01929,19,Female,Computer Science,2,7.83,66.6,64.0,46.7,74.6,55.1,2.9,23,4,1,54.3,1,47.5,High,60.1,1,54.22,68.1
STU01930,19,Male,Electrical,3,8.27,98.3,85.0,77.2,87.8,77.9,5.7,1,0,0,82.7,0,92.6,Low,81.98,0,91.58,86.31
STU01931,21,Female,Electronics,5,4.77,55.5,53.4,38.0,49.5,45.2,2.7,26,1,3,55.5,1,40.7,High,46.53,2,62.7,49.18
STU01932,21,Female,Mechanical,8,5.95,71.9,44.1,55.1,38.4,56.3,1.8,16,6,4,44.0,1,41.3,High,48.47,1,38.6,58.19
STU01933,20,Male,Computer Science,5,6.34,89.6,65.9,50.6,51.2,61.5,2.9,6,0,3,59.6,1,59.9,Medium,57.3,0,68.34,67.51
STU01934,19,Other,Electronics,2,7.69,79.1,68.4,65.8,73.5,70.5,3.5,13,0,4,63.3,0,70.5,Low,69.55,1,72.82,74.51
STU01935,20,Female,Electrical,3,6.37,85.6,64.9,57.0,59.7,77.3,4.4,9,0,2,71.0,0,63.6,Medium,64.73,0,80.4,69.59
STU01936,21,Female,Management,7,8.64,79.2,60.5,84.7,83.2,72.2,3.6,12,0,1,55.5,0,74.8,Low,75.15,1,70.2,80.1
STU01937,21,Female,Management,5,7.04,76.8,59.4,59.1,55.7,65.9,1.9,16,2,1,55.1,1,58.4,Medium,60.02,1,55.54,67.85
STU01938,19,Male,Civil,2,5.48,66.1,62.7,70.0,48.4,59.0,2.7,21,2,2,45.5,1,49.6,High,60.02,1,55.7,59.72
STU01939,21,Female,Computer Science,5,6.05,65.1,69.4,55.0,59.7,65.8,3.7,23,1,2,65.9,0,52.4,Medium,62.48,1,71.86,62.44
STU01940,19,Male,Electronics,4,6.26,72.1,64.4,62.7,59.1,70.8,3.4,19,1,0,63.0,0,66.3,Low,64.25,1,69.2,65.63
STU01941,18,Female,Computer Science,2,5.89,64.5,40.0,50.9,57.6,42.2,2.8,24,2,2,57.2,0,48.8,High,47.68,2,60.88,55.81
STU01942,19,Female,Civil,3,7.4,78.4,74.8,62.8,74.8,72.8,3.1,14,2,4,74.7,0,85.7,Low,71.3,1,69.38,74.02
STU01943,21,Female,Computer Science,8,5.5,79.9,72.1,63.2,57.8,60.1,2.9,11,1,0,53.8,0,52.3,Medium,63.3,1,63.02,64.55
STU01944,20,Female,Management,6,4.97,65.6,43.8,32.9,28.1,53.4,2.3,21,2,2,50.5,2,50.9,Medium,39.55,1,55.7,49.61
STU01945,19,Female,Computer Science,2,6.01,73.5,59.0,40.7,49.2,62.8,3.0,16,3,2,58.4,0,60.1,Medium,52.92,1,59.36,60.58
STU01946,18,Male,Computer Science,2,4.22,47.1,47.4,35.2,24.6,44.3,0.4,35,2,5,29.6,1,27.3,High,37.88,2,37.84,41.7
STU01947,20,Male,Electrical,4,6.89,70.8,69.7,54.9,56.5,67.6,1.4,16,0,0,52.2,0,53.7,Medium,62.18,1,57.88,66.68
STU01948,21,Male,Computer Science,5,5.43,72.8,66.6,61.2,45.3,57.3,0.5,15,1,3,68.7,1,44.0,High,57.6,1,56.98,60.24
STU01949,20,Female,Computer Science,5,5.41,65.3,63.3,40.9,52.6,72.6,2.2,22,2,2,47.0,0,47.5,High,57.35,1,53.8,58.2
STU01950,20,Female,Mechanical,6,10.0,99.3,80.0,93.3,95.2,84.2,5.3,0,0,0,80.4,0,97.0,Low,88.18,0,88.66,95.1
STU01951,20,Female,Management,3,7.1,67.6,53.6,59.0,57.2,70.3,1.7,22,1,2,44.4,1,52.7,Medium,60.03,1,53.26,65.76
STU01952,19,Male,Computer Science,2,8.74,100.0,83.4,75.0,76.5,70.6,4.6,0,0,2,81.7,0,79.4,Low,76.38,0,85.68,86.14
STU01953,20,Female,Electronics,6,5.22,67.2,50.9,51.6,33.3,52.2,3.2,18,1,1,44.8,3,49.2,High,47.0,1,60.92,53.87
STU01954,22,Male,Computer Science,8,6.61,87.3,65.4,56.5,41.6,66.9,2.6,9,3,0,52.1,1,52.5,Medium,57.6,0,54.84,68.0
STU01955,19,Other,Mechanical,3,6.93,77.0,64.2,62.8,55.7,60.9,3.0,15,1,3,58.9,0,61.9,Medium,60.9,1,65.56,67.86
STU01956,19,Female,Electronics,4,5.1,60.5,43.5,46.9,48.1,43.5,2.2,26,4,5,44.3,1,38.1,High,45.5,2,46.72,51.18
STU01957,21,Female,Mechanical,6,8.2,86.9,70.7,70.1,85.5,72.3,2.6,9,1,1,68.2,0,71.1,Low,74.65,0,67.28,80.28
STU01958,20,Female,Mechanical,3,6.36,77.9,50.6,40.1,58.7,66.8,3.9,14,2,5,50.4,2,60.1,Medium,54.05,1,63.66,63.36
STU01959,22,Male,Management,8,7.18,76.8,63.1,58.9,57.8,70.2,4.1,15,1,4,54.9,1,61.7,Medium,62.5,1,69.46,69.33
STU01960,20,Male,Civil,3,5.84,78.6,59.5,52.8,60.0,75.6,2.3,14,0,1,59.5,1,56.2,Medium,61.98,1,65.3,64.88
STU01961,20,Female,Civil,5,6.52,55.8,52.3,48.8,42.8,60.7,0.2,24,0,2,43.0,0,48.2,High,51.15,2,48.2,57.23
STU01962,19,Female,Mechanical,4,5.36,61.4,54.5,45.4,59.0,51.0,2.3,22,1,2,46.2,2,43.7,High,52.48,2,56.98,55.1
STU01963,21,Male,Electronics,6,7.15,94.9,75.5,70.4,69.0,58.8,5.9,3,0,1,73.6,0,95.7,Low,68.42,0,88.94,76.12
STU01964,20,Male,Electronics,3,7.02,72.7,68.5,52.1,59.6,49.0,1.5,17,3,0,43.2,1,60.9,Medium,57.3,1,45.78,65.66
STU01965,19,Female,Mechanical,2,6.06,88.4,78.2,67.9,41.5,68.6,5.1,7,2,1,58.3,1,72.2,Low,64.05,0,72.82,68.93
STU01966,20,Male,Computer Science,5,8.08,62.8,60.2,69.6,66.4,55.5,1.3,23,1,4,53.4,0,64.5,Medium,62.92,2,54.86,69.15
STU01967,21,Male,Computer Science,8,7.34,89.2,68.1,44.6,77.3,67.5,3.2,7,0,2,65.9,0,82.5,Low,64.38,0,72.36,73.74
STU01968,21,Male,Electronics,6,6.81,87.2,77.9,52.6,64.0,72.5,3.4,8,0,0,59.3,0,70.4,Low,66.75,0,70.72,72.33
STU01969,22,Female,Computer Science,7,6.2,64.0,52.6,34.3,51.3,57.9,1.1,22,2,1,59.0,0,50.6,Medium,49.02,2,53.1,57.31
STU01970,20,Male,Computer Science,5,7.96,88.9,77.8,75.8,74.1,81.4,4.6,7,0,1,70.5,0,87.9,Low,77.28,0,81.2,81.0
STU01971,19,Male,Mechanical,2,6.43,82.1,73.7,57.2,52.0,80.3,2.9,12,3,2,52.2,0,62.4,Medium,65.8,0,56.38,69.35
STU01972,20,Male,Electrical,4,6.76,73.4,71.4,62.2,59.1,68.7,2.4,17,2,1,61.1,2,63.8,Medium,65.35,1,60.44,68.15
STU01973,21,Male,Computer Science,8,6.77,79.9,72.6,68.6,50.9,66.3,3.3,12,3,2,59.5,0,65.6,Low,64.6,1,61.3,69.51
STU01974,22,Female,Electrical,7,8.49,98.5,86.3,82.6,87.2,78.0,4.0,1,0,1,74.2,0,79.1,Low,83.52,0,79.68,87.75
STU01975,21,Male,Computer Science,6,5.91,80.2,63.9,50.6,58.9,66.6,3.4,12,2,0,69.4,0,62.8,Medium,60.0,0,68.76,64.74
STU01976,20,Male,Management,4,7.08,75.5,62.0,69.4,65.9,69.9,4.3,16,2,2,65.4,1,76.7,Low,66.8,1,71.66,70.38
STU01977,20,Female,Mechanical,6,4.91,79.7,63.2,46.4,47.0,75.7,3.0,11,0,2,75.8,1,59.1,Medium,58.08,1,75.32,60.34
STU01978,21,Female,Mechanical,6,6.35,66.7,72.3,49.5,60.2,70.2,1.0,21,2,1,56.1,0,56.6,Medium,63.05,1,51.44,64.12
STU01979,20,Male,Civil,6,9.57,93.7,92.6,89.8,85.7,94.6,4.3,4,0,2,73.7,0,83.2,Low,90.67,0,80.98,93.19
STU01980,21,Male,Mechanical,8,7.76,86.3,80.7,72.9,75.5,76.1,3.8,9,1,0,71.2,0,84.0,Low,76.3,0,74.48,79.26
STU01981,20,Female,Electronics,6,6.99,72.6,65.8,70.3,61.7,71.9,3.0,15,1,2,59.5,0,58.3,Medium,67.43,1,65.8,69.59
STU01982,20,Female,Electronics,3,6.39,70.9,78.4,47.2,61.3,57.8,3.5,20,0,2,46.3,1,58.4,Medium,61.18,1,66.02,64.56
STU01983,19,Female,Management,3,7.16,82.3,55.4,49.4,65.0,70.0,3.3,10,2,2,68.3,1,62.2,Medium,59.95,0,67.82,69.61
STU01984,20,Male,Management,6,6.88,62.0,59.9,47.8,61.0,55.1,1.7,26,0,3,45.5,0,59.6,Medium,55.95,2,56.7,61.96
STU01985,21,Female,Mechanical,8,6.37,81.1,55.5,58.6,54.7,60.8,3.4,11,1,1,51.5,2,65.0,Low,57.4,0,64.6,65.53
STU01986,21,Male,Electrical,8,7.38,67.9,75.5,66.5,60.1,66.9,3.3,22,2,1,63.6,0,65.3,Low,67.25,1,65.94,69.71
STU01987,20,Male,Computer Science,6,7.07,86.8,63.3,66.0,68.1,62.4,3.3,8,2,5,59.3,0,71.4,Low,64.95,0,64.22,72.43
STU01988,20,Female,Mechanical,5,6.34,69.1,66.4,54.8,50.2,51.4,2.4,19,3,1,63.3,1,51.2,Medium,55.7,1,58.32,61.74
STU01989,22,Female,Electronics,7,6.34,75.5,55.7,59.9,53.8,68.1,2.7,15,4,0,50.5,0,51.5,Medium,59.37,1,51.7,64.82
STU01990,22,Male,Electronics,8,4.92,70.5,55.5,42.3,35.3,43.5,2.1,18,1,3,59.8,0,45.3,High,44.15,1,61.42,52.5
STU01991,19,Male,Management,2,7.38,72.7,69.3,61.8,51.2,83.7,3.1,18,1,1,60.5,0,73.7,Low,66.5,1,66.7,70.6
STU01992,20,Female,Electrical,4,6.43,79.1,66.0,80.5,65.3,62.9,3.1,13,0,3,65.5,0,66.3,Low,68.68,1,71.7,69.75
STU01993,19,Male,Management,4,7.97,99.0,88.0,68.6,67.0,89.0,5.8,1,0,1,87.5,0,94.7,Low,78.15,0,94.0,83.9
STU01994,20,Male,Civil,5,7.32,67.6,70.8,63.4,82.2,71.8,2.7,21,2,3,45.0,0,70.7,Low,72.05,1,55.5,71.34
STU01995,19,Male,Electronics,4,6.64,68.1,62.0,49.0,52.8,57.6,3.0,18,4,2,54.3,0,65.0,Low,55.35,1,54.72,62.4
STU01996,20,Male,Electrical,4,6.96,84.2,72.0,56.0,69.3,71.4,1.2,10,4,3,58.5,0,61.5,Medium,67.18,0,47.4,72.28
STU01997,18,Female,Computer Science,2,8.13,90.1,89.4,78.1,66.2,83.3,5.5,7,0,1,80.4,1,80.4,Low,79.25,0,89.66,82.68
STU01998,19,Male,Electrical,2,5.96,67.1,53.5,41.3,54.0,64.1,1.1,19,1,2,39.8,0,54.7,Medium,53.22,1,48.42,58.92
STU01999,20,Female,Computer Science,5,7.32,74.3,77.7,52.2,46.6,74.8,3.9,15,1,0,73.8,1,60.0,Medium,62.82,1,76.02,69.32
STU02000,21,Female,Electrical,8,9.57,97.6,90.8,94.9,78.6,92.4,3.4,1,0,0,77.8,0,91.7,Low,89.17,0,78.12,93.56
STU02001,20,Male,Civil,4,6.17,91.5,61.5,60.6,58.4,60.3,4.2,6,0,2,40.6,0,65.8,Low,60.2,0,67.24,68.55
STU02002,19,Female,Computer Science,3,6.9,80.9,73.2,67.0,53.8,68.9,2.2,12,0,1,69.6,0,70.7,Low,65.72,0,68.84,70.66
STU02003,20,Male,Computer Science,3,8.21,91.2,84.9,62.0,76.2,72.6,4.5,6,0,2,78.8,0,77.0,Low,73.93,0,84.02,81.1
STU02004,22,Female,Electronics,8,7.18,71.9,69.2,63.0,71.7,63.4,2.5,16,0,0,39.2,0,77.3,Low,66.82,1,58.18,69.84
STU02005,21,Female,Electronics,6,5.03,77.5,57.3,63.3,31.2,61.6,2.8,15,4,5,47.0,2,51.3,Medium,53.35,1,50.8,58.32
STU02006,21,Female,Management,6,8.47,64.6,38.5,59.6,75.3,70.3,3.2,20,1,3,57.3,1,62.9,Medium,60.92,2,65.92,70.16
STU02007,20,Male,Computer Science,3,6.89,82.8,59.1,57.6,51.5,71.9,3.2,11,1,1,61.8,0,71.8,Low,60.02,0,67.72,68.82
STU02008,21,Female,Electronics,8,4.9,61.5,56.4,51.2,40.8,56.8,2.4,26,3,1,47.2,2,38.2,High,51.3,2,51.88,53.04
STU02009,19,Female,Computer Science,3,8.19,76.7,67.5,66.4,62.6,79.3,4.5,3,1,3,54.6,0,83.5,Low,68.95,1,71.34,75.42
STU02010,22,Male,Computer Science,8,6.9,51.9,63.4,66.3,50.2,60.1,1.4,33,3,1,40.0,0,60.1,Medium,60.0,2,44.0,61.12
STU02011,21,Male,Computer Science,8,5.7,76.2,64.7,36.3,30.6,69.9,2.9,13,3,0,44.0,2,55.8,Medium,50.38,1,53.1,59.15
STU02012,20,Male,Electrical,5,7.67,71.1,68.3,53.2,72.0,76.8,3.4,16,1,4,37.5,0,75.0,Low,67.58,1,59.0,71.65
STU02013,21,Male,Civil,8,7.67,81.6,60.0,72.1,69.1,73.8,3.0,10,1,4,42.3,1,68.0,Low,68.75,0,58.92,74.74
STU02014,22,Male,Management,8,6.11,67.5,52.6,48.2,52.2,68.8,1.5,22,1,2,67.0,1,55.6,Medium,55.45,1,61.3,60.44
STU02015,21,Female,Electronics,6,8.14,78.2,78.0,70.1,61.8,71.9,3.5,15,3,1,54.9,0,86.0,Low,70.45,1,60.46,76.22
STU02016,21,Other,Computer Science,7,7.63,89.6,83.8,76.2,50.7,76.7,4.2,7,0,2,74.5,0,74.3,Low,71.85,0,80.8,77.84
STU02017,21,Male,Computer Science,6,6.85,84.6,55.1,69.5,62.0,77.4,3.8,10,2,1,75.6,0,66.3,Low,66.0,0,73.24,71.53
STU02018,20,Female,Mechanical,5,6.46,94.4,68.9,50.7,62.6,60.9,3.3,3,2,3,68.3,0,66.2,Low,60.78,0,67.82,70.52
STU02019,20,Female,Computer Science,4,8.4,77.7,70.9,79.7,75.0,97.0,4.8,14,1,2,77.5,0,87.8,Low,80.65,1,82.0,81.09
STU02020,20,Male,Computer Science,6,6.74,83.6,65.3,60.9,77.8,63.2,2.5,9,2,4,58.7,0,59.7,Medium,66.8,0,59.98,71.21
STU02021,20,Female,Mechanical,3,7.12,100.0,75.0,72.6,65.6,73.5,3.9,0,0,0,92.8,1,75.1,Low,71.68,0,86.62,78.59
STU02022,20,Female,Computer Science,3,5.01,49.0,66.3,46.6,47.3,53.6,2.2,32,2,5,41.8,2,36.1,High,53.45,2,51.72,51.16
STU02023,20,Female,Mechanical,3,6.92,84.7,68.3,54.9,64.3,78.5,3.3,10,0,2,54.8,0,83.4,Low,66.5,0,68.42,72.0
STU02024,18,Male,Mechanical,2,6.72,80.4,69.5,53.2,51.0,70.5,2.0,13,0,0,45.0,0,57.0,Medium,61.05,0,58.0,68.04
STU02025,22,Male,Civil,8,5.47,66.9,56.0,24.3,38.9,62.8,0.7,21,3,4,34.6,1,41.1,High,45.5,1,38.34,54.07
STU02026,19,Female,Electronics,3,5.19,84.8,56.8,51.0,51.1,59.6,2.7,9,1,4,55.2,0,50.5,Medium,54.62,0,62.58,61.22
STU02027,22,Male,Civil,7,8.09,90.8,77.7,75.6,77.5,80.1,4.0,6,2,1,61.5,0,82.7,Low,77.72,0,68.6,82.1
STU02028,20,Male,Electronics,5,4.51,76.7,51.0,33.4,34.6,42.2,2.9,27,1,2,47.7,0,47.8,High,40.3,1,60.58,51.08
STU02029,20,Male,Computer Science,4,6.57,87.9,63.9,64.3,76.0,63.3,2.4,8,0,1,61.7,0,70.4,Low,66.88,0,66.68,71.72
STU02030,20,Male,Electronics,3,6.52,79.5,57.2,49.8,58.3,64.4,1.7,12,1,2,67.2,0,65.9,Low,57.42,1,62.38,65.66
STU02031,21,Male,Computer Science,7,8.99,97.6,77.2,88.3,80.6,83.7,2.8,1,0,1,64.7,0,90.6,Low,82.45,0,69.88,88.84
STU02032,20,Female,Mechanical,5,5.63,67.9,56.1,48.0,67.2,65.6,3.3,19,2,1,65.2,1,62.1,Medium,59.22,1,66.58,60.37
STU02033,21,Male,Electrical,5,8.68,78.1,71.5,69.0,64.4,79.9,4.5,15,0,0,71.2,0,85.4,Low,71.2,1,80.98,78.38
STU02034,20,Female,Electrical,6,6.27,76.8,62.8,48.4,67.4,65.7,3.6,15,1,3,65.7,0,78.9,Low,61.08,1,71.28,65.58
STU02035,22,Female,Computer Science,7,6.56,93.2,73.7,69.1,56.8,72.1,3.4,4,0,1,47.2,1,83.0,Low,67.93,0,65.88,73.43
STU02036,20,Female,Computer Science,6,7.2,75.9,64.2,70.3,60.7,81.2,2.1,15,1,2,32.7,0,53.7,Medium,69.1,1,50.58,71.82
STU02037,20,Male,Computer Science,5,6.74,69.0,60.0,39.9,39.2,61.8,1.1,17,1,4,42.1,0,48.7,High,50.23,1,49.34,60.93
STU02038,22,Male,Management,8,6.89,67.4,59.4,71.1,68.9,74.9,3.5,20,1,4,64.8,0,68.3,Low,68.58,1,70.42,68.4
STU02039,22,Female,Electronics,8,6.08,91.4,62.8,65.9,59.5,52.7,3.5,5,4,2,49.6,3,41.3,High,60.22,0,55.34,68.22
STU02040,21,Female,Electronics,8,8.71,90.1,84.9,74.0,62.4,80.6,5.2,7,0,0,66.8,0,83.3,Low,75.47,0,82.72,83.2
STU02041,18,Male,Computer Science,2,7.81,81.7,66.9,64.0,67.2,67.8,2.4,12,1,1,59.8,0,63.9,Medium,66.48,0,62.92,74.35
STU02042,21,Female,Electrical,8,8.98,79.0,65.3,69.2,66.8,87.7,3.2,12,1,1,83.6,0,76.0,Low,72.25,1,76.44,80.08
STU02043,20,Female,Electronics,3,9.74,97.0,83.5,81.4,84.5,83.4,4.5,2,0,3,72.5,0,99.2,Low,83.2,0,81.5,91.62
STU02044,21,Male,Computer Science,6,5.43,49.0,44.7,59.8,34.4,50.0,2.0,31,5,4,29.6,1,36.9,High,47.22,2,36.84,50.14
STU02045,21,Female,Mechanical,6,5.4,59.9,59.4,51.7,41.5,48.5,2.5,28,1,2,55.3,0,43.9,High,50.28,2,61.62,53.98
STU02046,20,Female,Civil,3,5.83,72.8,65.2,60.5,61.8,56.1,2.7,19,2,4,59.6,0,51.7,Medium,60.9,1,61.34,62.96
STU02047,18,Female,Mechanical,2,6.74,51.0,52.0,72.4,53.0,56.0,1.3,27,0,4,36.2,1,52.4,Medium,58.35,2,50.98,59.68
STU02048,22,Male,Management,8,7.35,69.0,76.8,73.3,64.2,68.8,1.8,21,0,2,49.3,0,56.9,Medium,70.78,1,58.72,71.28
STU02049,22,Male,Management,8,7.19,90.7,73.9,67.4,67.2,82.5,3.0,5,1,0,73.6,2,67.8,Low,72.75,0,71.44,76.94
STU02050,19,Male,Mechanical,3,5.43,91.4,73.5,55.2,47.0,60.9,3.2,5,1,0,38.5,1,64.0,Medium,59.15,0,58.4,65.52
STU02051,21,Male,Management,6,8.43,81.0,83.3,90.7,73.0,72.0,2.9,10,1,2,70.5,0,75.2,Low,79.75,0,69.7,81.66
STU02052,20,Male,Electrical,3,6.34,72.5,70.0,47.4,45.4,72.5,1.9,17,1,0,49.7,0,53.6,Medium,58.82,1,56.38,63.84
STU02053,20,Female,Electronics,5,7.56,85.2,79.1,73.8,78.3,89.4,3.8,10,0,0,82.0,0,89.3,Low,80.15,0,81.8,79.82
STU02054,20,Male,Electrical,4,10.0,92.2,93.7,86.5,96.4,92.9,4.8,4,0,3,91.7,0,100.0,Low,92.38,0,90.68,95.0
STU02055,22,Male,Mechanical,7,7.64,66.3,66.9,49.8,52.0,72.3,2.2,23,1,2,65.9,0,63.5,Medium,60.25,1,64.36,67.41
STU02056,21,Female,Mechanical,6,7.97,87.6,77.4,61.6,53.2,84.9,3.1,7,0,3,82.3,0,80.2,Low,69.28,0,78.42,77.5
STU02057,20,Male,Mechanical,5,5.86,69.1,52.3,46.9,34.5,79.1,2.5,21,1,1,74.8,0,50.3,Medium,53.2,1,69.42,59.06
STU02058,21,Male,Electrical,6,5.85,79.8,57.9,44.0,39.5,64.0,3.0,11,1,4,61.0,1,32.9,High,51.35,1,66.4,60.96
STU02059,21,Female,Management,5,6.89,76.0,82.9,67.8,65.1,77.3,4.1,14,0,2,71.1,2,77.7,Low,73.27,1,78.94,72.42
STU02060,19,Female,Electronics,2,6.89,80.1,70.7,57.0,46.1,68.3,3.5,13,1,1,73.0,0,56.0,Medium,60.53,0,73.7,68.35
STU02061,21,Male,Civil,6,4.82,57.1,58.2,52.9,38.8,44.0,3.1,24,2,4,52.8,1,55.4,Medium,48.47,2,60.62,50.54
STU02062,22,Female,Civil,7,6.48,77.4,65.0,76.7,72.1,78.4,4.0,16,0,1,39.6,0,78.2,Low,73.05,1,65.84,71.25
STU02063,20,Female,Management,5,7.26,90.8,73.7,72.4,61.5,87.0,4.3,6,0,3,71.2,0,68.7,Low,73.65,0,79.98,77.57
STU02064,19,Female,Electronics,3,7.72,84.8,75.0,66.3,84.3,68.8,3.1,9,0,2,59.2,0,69.6,Low,73.6,0,69.18,77.66
STU02065,18,Other,Computer Science,2,6.59,74.3,65.4,75.9,51.1,54.5,2.7,15,2,2,64.8,0,66.2,Low,61.72,1,63.42,66.33
STU02066,20,Male,Computer Science,4,6.8,65.2,51.8,53.8,44.7,67.2,1.5,24,1,4,56.8,0,68.0,Low,54.38,1,57.22,61.85
STU02067,22,Male,Computer Science,7,8.56,84.9,82.0,81.5,66.2,65.7,3.3,10,0,0,69.8,0,87.4,Low,73.85,0,74.42,80.72
STU02068,20,Female,Computer Science,4,6.35,69.1,66.0,47.0,56.1,50.5,2.5,19,2,3,42.9,0,64.4,Medium,54.9,1,53.66,61.46
STU02069,22,Male,Electronics,8,7.48,82.1,72.5,68.6,64.3,64.3,3.4,11,0,1,64.1,0,69.7,Low,67.42,0,72.64,73.68
STU02070,20,Male,Computer Science,4,6.17,82.8,79.2,82.6,65.2,60.3,4.0,9,2,0,88.3,0,78.8,Low,71.82,0,79.32,71.03
STU02071,19,Male,Management,4,6.39,84.6,88.3,71.7,56.2,82.1,5.0,11,0,0,51.6,0,74.9,Low,74.57,0,75.64,73.34
STU02072,21,Male,Electronics,7,5.05,71.9,70.0,39.4,40.8,62.0,3.3,16,0,1,85.5,0,67.4,Low,53.05,1,80.7,56.87
STU02073,20,Male,Electronics,6,4.6,51.2,39.1,26.4,24.9,59.1,0.8,27,6,2,51.6,6,24.7,High,37.38,2,36.64,43.85
STU02074,18,Male,Electrical,2,6.55,70.8,57.5,73.0,56.8,72.2,3.0,18,3,3,58.7,0,65.1,Low,64.88,1,59.48,66.58
STU02075,19,Female,Electronics,2,7.43,94.0,82.4,73.5,74.6,95.1,4.7,4,0,3,86.4,0,75.4,Low,81.4,0,88.06,82.06
STU02076,20,Male,Civil,3,4.96,69.7,66.2,42.2,47.5,48.5,2.2,18,2,3,42.8,2,47.3,High,51.1,1,52.12,55.22
STU02077,21,Female,Electrical,8,6.49,74.5,74.7,55.1,70.6,69.9,3.1,15,3,2,57.6,0,60.2,Medium,67.58,1,59.54,68.37
STU02078,19,Male,Electronics,2,7.84,82.7,75.8,66.8,55.5,67.6,4.1,11,0,1,69.6,0,82.5,Low,66.42,0,78.34,74.68
STU02079,18,Male,Mechanical,2,4.87,57.5,63.6,53.6,27.7,52.8,1.5,26,3,1,46.8,1,39.0,High,49.42,2,47.22,51.19
STU02080,21,Female,Electronics,7,7.21,100.0,83.3,58.6,51.0,85.1,5.0,0,0,1,84.4,1,72.7,Low,69.5,0,88.76,78.04
STU02081,21,Male,Electronics,6,6.1,79.4,51.1,58.0,62.1,66.7,2.8,12,2,4,47.5,0,69.5,Low,59.47,1,57.0,64.99
STU02082,22,Male,Mechanical,8,7.22,71.8,70.0,66.1,52.3,63.7,1.2,19,2,2,59.5,0,62.7,Medium,63.02,1,53.8,68.43
STU02083,19,Female,Electronics,3,5.87,88.9,65.7,47.4,45.1,65.9,3.3,8,2,0,61.0,2,52.1,Medium,56.02,0,64.9,65.18
STU02084,20,Male,Mechanical,6,6.54,70.2,53.2,50.5,62.8,63.4,2.3,17,1,3,67.0,0,69.7,Low,57.48,1,65.3,63.43
STU02085,18,Male,Mechanical,2,8.52,80.2,73.6,71.8,80.3,75.9,3.0,11,3,3,73.9,0,74.3,Low,75.4,0,65.56,80.03
STU02086,20,Female,Computer Science,6,7.52,73.1,74.8,70.1,74.8,83.0,4.6,17,1,1,57.2,1,80.8,Low,75.68,1,72.88,74.86
STU02087,18,Male,Computer Science,2,7.37,97.3,66.6,59.5,65.4,68.1,4.9,2,0,1,80.9,0,76.4,Low,64.9,0,86.86,76.08
STU02088,22,Female,Mechanical,8,6.15,77.4,65.5,63.8,51.3,66.4,2.4,14,2,1,66.5,0,58.0,Medium,61.75,1,62.6,65.58
STU02089,19,Male,Computer Science,4,6.4,75.5,61.6,59.3,54.2,66.4,2.9,15,0,1,70.5,1,60.7,Medium,60.38,1,72.7,65.43
STU02090,20,Male,Civil,3,6.54,76.1,72.7,49.2,73.3,63.0,3.6,16,0,1,67.4,2,72.4,Low,64.55,1,74.96,67.74
STU02091,21,Male,Management,8,7.49,89.4,73.6,76.1,72.3,73.3,4.1,6,1,1,59.7,0,94.2,Low,73.82,0,71.38,78.1
STU02092,18,Female,Electrical,2,9.08,100.0,86.1,83.3,90.1,100.0,7.3,0,0,1,100.0,0,100.0,Low,89.88,0,100.0,92.73
STU02093,21,Male,Electronics,7,7.77,86.7,68.6,73.1,71.9,67.2,3.2,9,1,2,66.7,0,70.0,Low,70.2,0,69.68,76.95
STU02094,20,Female,Electronics,5,7.43,76.7,66.7,87.7,67.7,94.4,2.4,13,0,1,83.3,0,66.6,Low,79.12,1,75.32,76.83
STU02095,20,Female,Civil,6,6.33,65.9,49.0,56.3,61.3,72.8,2.4,19,1,1,39.7,1,57.4,Medium,59.85,1,54.88,62.57
STU02096,19,Female,Civil,3,7.23,78.7,76.4,62.0,64.1,71.7,2.6,14,1,5,65.0,0,71.6,Low,68.55,1,66.0,72.4
STU02097,22,Male,Management,8,7.63,75.8,77.3,81.2,74.6,77.6,5.1,14,1,0,52.2,0,83.6,Low,77.68,1,73.38,76.72
STU02098,21,Female,Mechanical,5,5.44,76.5,49.1,44.3,58.0,64.1,2.8,16,0,5,69.5,1,63.0,Medium,53.88,1,71.8,59.72
STU02099,19,Female,Computer Science,4,6.89,67.1,42.4,58.1,50.3,57.7,1.3,21,3,2,54.1,1,45.3,High,52.12,1,49.14,61.74
STU02100,21,Male,Electronics,5,8.65,100.0,89.7,83.0,90.4,90.9,5.8,0,1,0,81.4,0,100.0,Low,88.5,0,88.56,90.68
STU02101,20,Female,Management,4,7.57,81.3,67.1,65.6,71.0,96.4,4.2,10,1,0,59.5,0,77.2,Low,75.03,0,71.8,76.83
STU02102,20,Male,Civil,4,4.97,70.3,49.4,62.2,49.6,48.7,2.3,17,2,3,64.1,1,49.5,High,52.47,1,61.14,55.96
STU02103,19,Female,Management,2,5.99,56.9,52.6,51.6,39.8,52.8,1.1,29,2,2,47.8,1,47.6,High,49.2,2,48.62,54.87
STU02104,21,Female,Civil,5,8.54,89.4,83.3,89.5,86.1,82.2,4.8,7,0,3,75.5,0,100.0,Low,85.28,0,84.2,86.35
STU02105,21,Male,Management,5,6.39,80.5,65.8,58.6,57.4,70.1,3.6,12,1,0,47.3,0,66.0,Low,62.98,0,63.92,67.68
STU02106,19,Male,Mechanical,4,5.07,57.2,44.9,47.6,48.3,68.2,1.8,27,4,2,31.3,1,42.9,High,52.25,2,39.52,52.95
STU02107,22,Female,Management,8,8.8,100.0,82.6,56.7,76.2,83.0,5.1,0,1,1,63.5,0,96.2,Low,74.62,0,77.9,85.65
STU02108,18,Female,Management,2,6.13,83.8,73.3,64.0,41.8,69.8,5.5,11,0,2,73.7,0,75.8,Low,62.23,0,86.98,67.3
STU02109,21,Female,Electrical,8,5.13,46.6,28.7,45.1,52.8,50.6,0.2,31,1,7,42.7,0,42.5,High,44.3,2,45.08,47.32
STU02110,22,Male,Management,8,7.4,73.8,64.5,59.4,62.7,64.4,3.7,17,2,5,43.4,0,66.7,Low,62.75,1,59.86,69.45
STU02111,18,Female,Mechanical,2,7.48,76.7,60.2,70.3,61.4,79.1,3.3,15,0,2,72.2,0,71.1,Low,67.75,1,75.38,72.46
STU02112,21,Female,Electrical,6,7.72,91.3,84.8,71.0,71.7,79.1,3.6,5,1,2,67.0,0,73.0,Low,76.65,0,71.8,80.51
STU02113,19,Other,Mechanical,3,7.76,75.4,75.7,61.6,66.5,79.1,3.0,14,2,4,55.1,0,80.3,Low,70.72,1,61.04,74.3
STU02114,18,Male,Electrical,2,7.21,73.0,67.5,63.0,45.6,62.7,3.0,16,2,3,57.3,1,69.5,Low,59.7,1,61.92,67.36
STU02115,21,Female,Electrical,8,7.35,87.4,68.8,69.1,67.3,72.2,3.6,8,0,0,69.0,0,65.2,Low,69.35,0,75.6,75.32
STU02116,19,Male,Electrical,2,6.07,71.8,62.6,63.0,43.8,60.9,1.1,17,2,4,37.4,1,51.0,Medium,57.58,1,44.46,62.23
STU02117,20,Female,Electronics,4,7.04,88.5,72.8,63.0,64.7,73.7,4.1,7,0,1,62.1,0,78.6,Low,68.55,0,75.34,74.18
STU02118,19,Male,Electrical,2,6.11,56.7,42.9,54.1,69.8,70.3,2.3,27,1,2,37.3,0,54.9,Medium,59.28,2,53.42,59.27
STU02119,18,Female,Management,2,6.65,66.5,59.7,53.5,52.3,76.6,1.6,19,2,1,32.4,0,61.1,Medium,60.52,1,44.96,64.11
STU02120,18,Male,Civil,2,8.01,83.8,81.6,66.6,78.6,79.6,3.2,10,0,3,65.9,0,74.7,Low,76.6,0,72.36,79.62
STU02121,21,Male,Electronics,7,7.54,74.2,62.3,64.9,62.6,86.8,3.8,16,2,3,64.6,0,68.5,Low,69.15,1,68.84,72.6
STU02122,18,Male,Electrical,2,7.09,80.6,76.7,70.3,63.9,78.0,4.7,13,0,3,56.5,0,68.3,Low,72.22,0,76.1,73.85
STU02123,21,Female,Electrical,7,6.61,64.1,56.6,45.0,41.1,54.0,1.5,20,3,1,50.4,1,48.2,High,49.18,2,48.66,58.83
STU02124,20,Female,Mechanical,3,7.13,68.7,70.9,49.5,62.7,64.8,2.5,21,3,1,53.4,0,59.7,Medium,61.98,1,54.86,66.92
STU02125,21,Female,Mechanical,8,7.28,91.2,72.0,74.5,75.6,81.0,5.7,6,0,0,78.9,0,72.1,Low,75.78,0,90.06,78.59
STU02126,21,Female,Civil,7,6.64,67.5,58.6,55.7,58.1,66.7,2.5,21,0,2,44.6,0,52.4,Medium,59.78,1,60.34,64.03
STU02127,20,Male,Civil,6,10.0,97.7,94.6,97.3,96.0,89.0,5.2,2,0,0,91.5,0,100.0,Low,94.22,0,92.6,97.12
STU02128,21,Male,Electronics,7,6.53,95.7,50.9,61.0,62.9,69.0,3.8,3,1,1,76.5,1,68.5,Low,60.95,0,76.6,71.16
STU02129,19,Male,Electronics,4,7.2,84.8,72.7,66.0,66.4,73.9,3.6,9,0,4,56.5,0,73.6,Low,69.75,0,70.6,74.3
STU02130,22,Male,Management,7,7.9,64.8,70.7,56.0,80.9,71.0,3.0,23,2,2,75.5,0,75.9,Low,69.65,2,69.2,71.71
STU02131,20,Female,Management,3,6.92,68.1,44.8,50.1,53.9,66.2,2.1,18,2,1,63.8,2,55.3,Medium,53.75,1,60.02,62.74
STU02132,21,Male,Electronics,6,9.52,87.9,88.3,78.6,75.1,98.2,3.9,8,1,1,69.2,0,94.1,Low,85.05,0,74.18,89.32
STU02133,21,Female,Management,8,6.44,43.6,54.9,54.1,43.1,54.7,1.6,36,3,3,36.5,0,50.6,Medium,51.7,2,43.6,54.12
STU02134,21,Female,Mechanical,7,6.59,77.3,62.8,59.9,65.2,53.5,1.2,15,2,3,60.3,0,56.0,Medium,60.35,1,54.12,66.53
STU02135,19,Female,Computer Science,3,5.64,78.0,68.9,48.5,49.6,53.5,3.0,14,0,2,55.0,2,64.1,Medium,55.12,1,67.0,61.29
STU02136,21,Male,Civil,7,6.48,74.1,64.6,39.2,58.9,74.7,5.3,17,2,3,54.3,0,69.2,Low,59.35,1,72.22,64.94
STU02137,22,Female,Computer Science,8,7.07,63.1,61.3,63.3,57.1,60.1,1.3,25,2,0,48.2,1,58.4,Medium,60.45,2,49.78,64.7
STU02138,21,Female,Computer Science,8,7.6,92.2,83.4,81.1,74.4,80.4,5.1,5,1,2,82.3,2,76.6,Low,79.82,0,85.42,81.58
STU02139,22,Male,Management,7,6.52,88.1,72.0,75.2,74.4,68.1,4.3,7,2,2,79.4,1,79.7,Low,72.42,0,77.26,73.82
STU02140,21,Female,Mechanical,7,8.8,93.5,73.4,74.7,93.3,85.4,5.4,4,0,2,98.7,0,84.0,Low,81.7,0,96.48,86.86
STU02141,21,Male,Computer Science,7,6.89,73.5,69.4,71.9,53.3,68.2,3.1,15,1,1,62.6,0,67.7,Low,65.7,1,67.54,68.77
STU02142,22,Female,Mechanical,7,6.13,85.6,70.8,68.1,67.4,66.7,4.4,9,1,1,66.6,0,66.4,Low,68.25,0,75.64,70.16
STU02143,19,Female,Mechanical,2,9.95,97.7,97.4,97.2,96.4,100.0,6.1,1,0,1,79.3,0,100.0,Low,97.75,0,91.72,98.35
STU02144,22,Female,Civil,7,7.47,91.4,73.3,65.9,58.8,85.9,4.9,6,2,1,65.9,0,70.5,Low,70.97,0,74.86,77.38
STU02145,20,Female,Electronics,3,6.47,58.1,44.7,47.2,50.3,59.5,1.8,24,2,2,37.3,1,41.3,High,50.42,2,47.92,57.34
STU02146,20,Female,Electronics,5,6.17,71.4,52.7,68.8,65.9,76.2,2.6,19,1,2,50.7,1,49.1,High,65.9,1,60.28,65.81
STU02147,19,Male,Mechanical,4,6.16,71.7,68.2,65.3,42.4,51.2,2.1,19,1,1,70.9,2,42.8,High,56.78,1,65.86,62.2
STU02148,20,Male,Civil,3,7.8,85.6,74.0,70.3,68.7,72.4,3.4,9,3,1,55.6,0,78.7,Low,71.35,0,60.24,77.24
STU02149,19,Female,Management,3,6.39,87.0,75.8,61.8,44.4,65.3,3.6,8,0,4,64.0,0,63.3,Medium,61.82,0,73.6,68.84
STU02150,18,Female,Electronics,2,7.03,93.0,82.0,48.8,63.0,77.6,3.7,5,2,1,72.2,0,72.2,Low,67.85,0,71.38,75.0
STU02151,20,Female,Management,5,7.45,88.0,62.9,72.8,62.0,60.9,3.3,7,2,0,82.4,0,71.4,Low,64.65,0,73.46,73.94
STU02152,20,Male,Management,4,7.95,90.2,65.0,74.8,84.0,77.4,3.3,6,1,0,65.4,0,77.2,Low,75.3,0,69.66,80.5
STU02153,20,Male,Electronics,4,5.09,71.9,53.3,52.4,39.4,47.1,3.3,17,3,3,45.4,1,49.4,High,48.05,1,55.66,55.01
STU02154,19,Female,Computer Science,2,5.57,77.7,68.9,61.8,58.8,71.1,3.6,13,2,2,55.2,1,55.8,Medium,65.15,1,64.08,64.98
STU02155,21,Female,Mechanical,6,6.72,90.6,60.3,66.6,66.5,79.8,3.6,6,3,1,56.6,0,69.2,Low,68.3,0,61.64,73.49
STU02156,19,Male,Management,3,7.67,62.7,67.3,75.2,81.3,58.9,0.8,22,1,2,53.8,0,64.2,Medium,70.68,2,52.52,70.79
STU02157,22,Male,Computer Science,7,6.41,91.2,70.2,67.5,64.7,66.9,3.8,6,2,1,57.4,0,77.7,Low,67.32,0,65.96,72.16
STU02158,18,Female,Computer Science,2,5.82,51.0,39.9,66.2,43.1,60.0,1.6,32,2,4,38.0,1,26.1,High,52.3,2,47.2,54.04
STU02159,18,Female,Civil,2,7.81,86.3,64.1,75.8,75.2,83.2,3.8,8,1,1,69.6,0,78.8,Low,74.57,0,73.84,78.74
STU02160,20,Male,Electrical,4,6.12,79.9,61.8,45.9,54.1,51.1,2.9,13,0,3,47.8,2,48.8,High,53.22,1,63.62,62.68
STU02161,19,Female,Computer Science,4,5.95,71.8,72.5,50.5,58.9,63.3,1.6,17,2,2,54.8,0,51.3,Medium,61.3,1,53.92,63.3
STU02162,21,Male,Electronics,8,6.97,74.0,66.9,54.0,59.0,74.3,3.7,15,0,1,78.8,2,63.4,Medium,63.55,1,80.02,68.32
STU02163,21,Male,Computer Science,5,7.94,67.8,71.1,77.0,59.7,71.5,4.0,21,3,4,40.3,1,70.8,Low,69.82,1,57.12,72.67
STU02164,19,Male,Management,4,7.15,88.9,71.6,81.2,74.6,87.0,3.0,6,0,1,72.1,0,75.6,Low,78.6,0,73.84,78.69
STU02165,22,Male,Civil,7,7.72,100.0,87.2,92.5,79.7,81.4,4.3,0,0,0,97.4,0,98.3,Low,85.2,0,90.46,86.1
STU02166,19,Female,Mechanical,3,7.84,92.4,78.9,77.6,73.4,81.0,3.6,5,1,1,81.6,0,92.5,Low,77.72,0,77.64,81.63
STU02167,22,Male,Management,8,10.0,92.2,86.8,95.1,96.5,85.1,4.4,5,0,1,70.9,0,98.1,Low,90.88,0,80.36,94.4
STU02168,19,Female,Mechanical,4,5.36,48.8,61.7,48.9,20.1,49.9,2.3,34,1,2,44.5,4,43.7,High,45.15,2,56.3,49.02
STU02169,20,Male,Management,4,6.16,71.4,51.7,60.1,47.8,52.6,1.7,17,2,2,37.9,0,43.2,High,53.05,1,47.66,60.63
STU02170,20,Male,Computer Science,4,6.89,67.7,47.3,61.8,56.4,66.9,3.2,18,4,2,60.3,1,48.2,High,58.1,1,58.12,64.28
STU02171,18,Male,Computer Science,2,5.13,71.0,59.0,54.8,54.7,55.0,0.6,18,4,1,52.6,1,47.2,High,55.88,1,42.04,58.06
STU02172,20,Male,Electronics,6,5.05,73.1,60.4,37.7,49.7,54.3,1.3,17,2,3,63.8,1,42.7,High,50.53,1,56.02,56.16
STU02173,20,Female,Computer Science,6,6.03,65.5,66.1,52.5,48.0,65.6,2.2,20,2,1,54.2,1,59.8,Medium,58.05,1,56.68,60.7
STU02174,20,Female,Electrical,6,5.56,70.3,54.2,38.3,33.0,52.5,3.5,16,2,3,55.7,0,49.9,High,44.5,1,63.78,54.83
STU02175,20,Female,Mechanical,6,8.04,84.9,65.5,62.9,73.5,80.9,3.8,9,1,0,63.6,0,77.0,Low,70.7,0,71.44,77.64
STU02176,18,Female,Electronics,2,7.16,64.5,51.9,45.0,59.1,66.5,2.0,22,2,3,49.5,0,50.7,Medium,55.62,2,53.8,63.43
STU02177,21,Female,Electrical,8,6.96,79.0,64.0,54.3,67.2,72.8,2.9,13,1,3,48.7,0,79.7,Low,64.58,1,60.98,69.94
STU02178,21,Female,Mechanical,5,6.38,74.3,66.5,59.3,79.0,64.3,3.0,15,2,1,73.4,0,66.8,Low,67.28,1,68.36,67.82
STU02179,21,Female,Mechanical,6,6.95,78.8,65.7,69.8,53.8,82.8,4.6,13,2,3,63.9,0,82.6,Low,68.03,1,72.56,71.24
STU02180,19,Female,Computer Science,2,7.65,89.4,83.7,67.1,76.9,63.0,5.8,6,1,0,75.6,0,69.1,Low,72.68,0,86.24,78.2
STU02181,22,Male,Management,7,9.32,100.0,91.2,72.2,82.3,91.4,5.2,0,0,2,83.1,0,100.0,Low,84.28,0,89.24,91.33
STU02182,21,Male,Civil,6,6.45,59.7,66.0,78.7,63.3,62.0,2.5,24,1,4,59.8,1,55.3,Medium,67.5,2,63.42,64.5
STU02183,19,Female,Electrical,4,4.88,75.3,48.2,40.5,38.8,60.9,2.1,15,4,0,73.3,0,43.6,High,47.1,1,57.82,54.74
STU02184,22,Female,Electrical,8,5.69,87.4,55.1,43.4,47.1,62.2,3.3,8,0,1,51.6,0,44.8,High,51.95,0,67.14,62.54
STU02185,20,Male,Mechanical,6,4.48,61.0,51.6,47.8,26.2,54.7,0.7,22,1,5,54.7,1,32.7,High,45.08,2,52.38,48.96
STU02186,22,Female,Computer Science,8,7.45,66.7,60.9,56.4,50.2,66.5,1.7,22,0,1,57.1,0,51.5,Medium,58.5,1,61.34,66.15
STU02187,22,Male,Civil,7,8.13,86.4,77.3,62.6,69.0,77.5,3.4,8,0,0,75.3,1,69.4,Low,71.6,0,77.12,78.69
STU02188,19,Female,Computer Science,3,5.68,52.7,57.5,55.1,53.0,60.1,2.3,26,2,0,41.2,2,52.7,Medium,56.42,2,51.98,55.62
STU02189,21,Female,Management,8,8.45,89.0,97.8,80.9,94.7,89.6,4.6,6,0,1,89.0,0,93.3,Low,90.75,0,88.6,88.12
STU02190,21,Male,Computer Science,7,7.62,78.3,70.3,66.4,61.9,89.2,4.1,14,1,2,57.0,0,74.9,Low,71.95,1,70.3,75.03
STU02191,19,Female,Electronics,3,7.8,83.3,81.5,84.2,77.1,66.3,4.4,11,0,1,73.8,0,82.2,Low,77.27,0,81.52,79.04
STU02192,21,Female,Mechanical,7,6.77,85.7,73.5,61.4,55.7,80.0,4.8,8,0,3,64.4,0,49.4,High,67.65,0,79.76,72.18
STU02193,20,Female,Mechanical,5,6.42,76.8,62.3,59.1,55.0,67.0,2.5,14,2,2,59.8,0,55.5,Medium,60.85,1,60.42,66.01
STU02194,21,Female,Civil,8,6.23,65.0,67.9,61.8,62.4,67.8,1.4,23,1,3,41.0,1,72.6,Low,64.97,1,50.4,64.04
STU02195,19,Female,Electrical,3,8.03,90.1,69.4,70.3,62.6,67.2,5.5,6,0,0,62.3,0,86.9,Low,67.38,0,82.42,77.58
STU02196,20,Male,Electrical,3,4.57,68.6,40.0,33.3,37.0,58.4,1.2,18,3,3,26.6,4,37.0,High,42.18,1,37.64,50.02
STU02197,19,Female,Management,4,7.04,85.5,68.7,54.4,62.1,60.0,3.1,9,2,1,84.5,0,66.6,Low,61.3,0,73.3,70.54
STU02198,20,Male,Mechanical,5,6.37,63.8,46.0,52.7,61.5,71.4,2.7,24,2,5,34.8,0,65.7,Low,57.9,2,51.42,61.4
STU02199,21,Male,Mechanical,6,6.74,71.8,60.9,49.3,65.5,57.0,1.9,16,0,4,56.8,0,60.8,Medium,58.18,1,62.22,64.81
STU02200,20,Male,Management,3,5.0,69.0,51.9,62.0,45.2,72.7,1.9,20,3,0,48.8,2,51.0,Medium,57.95,1,50.02,57.93
STU02201,20,Male,Electronics,6,6.79,75.4,74.7,62.7,45.5,61.3,4.6,15,1,2,38.9,0,66.7,Low,61.05,1,65.56,67.04
STU02202,18,Female,Computer Science,2,5.77,63.0,50.4,33.7,61.6,50.7,1.1,21,1,3,45.1,0,56.1,Medium,49.1,2,50.54,55.58
STU02203,19,Female,Computer Science,4,7.19,80.0,80.2,79.1,52.7,71.3,4.8,14,0,2,88.5,0,81.8,Low,70.82,0,89.4,73.5
STU02204,20,Female,Civil,6,7.82,65.2,64.0,69.6,72.5,63.2,2.9,24,2,3,48.8,0,56.8,Medium,67.32,1,58.02,70.6
STU02205,20,Male,Civil,3,8.11,99.4,81.5,88.6,70.8,82.5,5.4,0,0,2,95.3,0,92.7,Low,80.85,0,95.12,85.57
STU02206,20,Female,Computer Science,5,6.04,67.3,67.3,55.9,50.0,75.9,3.3,18,3,2,72.6,0,65.1,Low,62.28,1,66.54,62.88
STU02207,20,Female,Computer Science,6,5.88,61.3,56.9,39.9,49.5,54.5,1.6,26,2,3,36.9,1,45.9,High,50.2,2,46.76,55.98
STU02208,19,Male,Computer Science,3,7.19,86.4,69.6,56.4,54.0,73.4,3.8,8,0,1,47.8,0,73.2,Low,63.35,0,68.12,72.1
STU02209,22,Female,Mechanical,8,6.77,75.2,62.0,77.7,56.2,79.0,3.0,15,2,1,47.9,0,78.6,Low,68.72,1,58.16,69.98
STU02210,21,Male,Computer Science,7,6.91,87.2,68.2,50.5,46.2,73.9,4.9,7,0,0,79.3,0,74.8,Low,59.7,0,86.22,69.86
STU02211,21,Female,Electrical,8,7.81,72.4,88.9,58.7,75.0,82.4,4.3,17,2,0,46.6,0,70.3,Low,76.25,1,64.14,75.94
STU02212,21,Male,Management,5,8.09,73.9,61.2,68.1,71.3,79.0,3.9,15,0,3,68.9,0,68.4,Low,69.9,1,77.06,74.75
STU02213,20,Female,Electrical,4,8.09,91.7,72.0,67.3,78.1,88.8,4.2,5,0,0,74.3,0,87.0,Low,76.55,0,80.72,81.86
STU02214,21,Female,Electrical,8,8.02,81.2,81.9,80.1,77.4,76.0,2.5,13,3,3,55.2,0,74.4,Low,78.85,0,55.58,79.91
STU02215,22,Female,Management,7,5.5,62.2,58.1,51.6,44.4,58.3,2.6,24,3,1,38.1,3,51.1,Medium,53.1,2,49.24,56.04
STU02216,22,Male,Electrical,7,6.94,77.9,62.4,67.4,57.9,83.5,3.0,13,0,3,62.3,1,64.1,Medium,67.8,1,69.92,70.89
STU02217,19,Male,Mechanical,3,6.44,64.1,46.5,52.0,63.6,59.8,1.8,21,2,3,50.4,0,62.3,Medium,55.47,2,53.16,60.76
STU02218,22,Female,Electrical,8,6.11,67.8,66.8,58.0,40.5,64.2,2.1,18,0,2,63.7,0,57.6,Medium,57.38,1,65.98,61.28
STU02219,20,Male,Mechanical,5,6.89,73.6,59.0,73.4,43.7,63.3,2.4,18,0,3,60.3,0,61.0,Medium,59.85,1,66.12,66.46
STU02220,21,Male,Electronics,7,5.08,74.4,54.0,37.4,54.7,67.0,2.5,16,1,3,55.2,1,49.6,High,53.28,1,61.58,57.69
STU02221,22,Female,Computer Science,7,6.52,57.8,59.1,65.9,58.5,50.2,3.0,29,4,4,54.2,0,62.0,Medium,58.42,2,54.68,60.64
STU02222,19,Female,Civil,2,5.74,61.0,48.1,57.4,32.1,56.8,1.1,26,2,3,40.6,0,54.8,Medium,48.6,2,45.74,54.78
STU02223,18,Female,Management,2,6.67,70.3,67.1,57.8,60.2,70.9,1.5,17,0,0,66.4,1,60.8,Medium,64.0,1,64.06,66.52
STU02224,18,Male,Civil,2,7.19,92.3,71.6,63.5,44.4,71.3,4.2,5,1,1,64.7,0,67.3,Low,62.7,0,73.88,73.32
STU02225,20,Male,Electronics,6,5.45,81.4,57.0,57.6,60.4,52.4,4.0,12,3,2,66.3,0,64.7,Medium,56.85,0,67.52,62.16
STU02226,21,Female,Mechanical,8,5.93,67.8,59.5,54.6,68.6,62.4,2.8,20,1,3,55.0,0,66.0,Low,61.28,1,63.0,62.22
STU02227,18,Male,Electrical,2,6.98,71.8,80.1,53.3,80.8,68.0,2.9,18,0,1,66.4,0,68.7,Low,70.55,1,71.06,70.6
STU02228,18,Male,Electrical,2,6.54,67.8,59.7,68.9,59.5,76.1,1.8,18,4,2,68.5,0,54.0,Medium,66.05,1,54.4,66.26
STU02229,20,Male,Mechanical,5,7.63,71.2,83.5,71.8,74.4,87.1,3.0,18,2,0,69.1,1,81.1,Low,79.2,1,66.64,76.18
STU02230,20,Female,Electronics,4,8.01,85.1,68.9,56.7,59.5,77.4,4.1,8,1,2,56.4,0,65.4,Low,65.62,0,70.06,75.56
STU02231,19,Male,Electronics,2,7.81,77.2,60.7,65.1,63.5,66.1,4.4,15,2,0,58.9,0,69.9,Low,63.85,1,69.56,72.18
STU02232,21,Female,Management,6,6.03,83.8,61.8,52.5,49.6,59.4,2.6,11,1,3,64.0,1,71.2,Low,55.82,0,65.6,64.39
STU02233,21,Male,Computer Science,8,5.5,66.6,64.7,45.7,30.6,70.6,3.7,20,1,1,58.7,0,41.7,High,52.9,1,68.98,57.06
STU02234,20,Male,Management,3,8.79,89.0,92.2,73.2,79.6,87.4,3.6,7,0,0,65.7,0,92.8,Low,83.1,0,74.28,86.26
STU02235,19,Female,Computer Science,2,5.68,66.2,44.1,59.1,40.0,56.7,1.6,21,3,1,62.8,1,53.3,Medium,49.97,1,54.12,56.42
STU02236,20,Female,Management,3,6.07,67.7,33.5,47.0,42.0,64.0,2.1,18,3,2,43.5,0,39.5,High,46.62,1,48.9,56.82
STU02237,20,Female,Electronics,3,6.8,74.0,67.3,53.2,69.0,56.6,3.6,16,5,1,47.8,1,65.2,Low,61.52,1,52.12,66.91
STU02238,20,Female,Civil,5,6.87,83.8,62.6,65.3,67.8,63.0,3.7,11,2,0,60.4,0,81.4,Low,64.68,0,66.66,70.86
STU02239,19,Male,Civil,2,6.1,82.0,51.4,55.0,56.4,50.5,3.7,12,2,1,55.8,0,59.8,Medium,53.32,0,64.82,63.18
STU02240,20,Male,Electrical,4,7.3,81.5,65.6,60.0,62.1,66.3,3.0,10,2,3,44.2,1,69.3,Low,63.5,0,56.68,71.32
STU02241,18,Male,Electrical,2,7.88,79.1,64.9,72.8,68.4,75.6,2.8,13,0,0,51.5,1,72.0,Low,70.42,1,64.6,75.53
STU02242,21,Male,Computer Science,6,5.25,59.9,43.9,47.7,46.0,49.6,1.7,24,3,2,50.7,0,49.7,High,46.8,2,49.78,52.07
STU02243,20,Female,Computer Science,5,5.71,77.1,56.8,56.0,31.9,59.1,2.1,13,0,1,52.0,2,39.4,High,50.95,1,61.3,59.64
STU02244,18,Female,Computer Science,2,8.61,93.3,87.4,67.5,67.2,78.2,4.9,4,0,0,79.3,0,90.3,Low,75.08,0,86.22,83.49
STU02245,18,Male,Civil,2,7.41,86.9,72.2,77.8,67.6,68.9,3.3,8,1,1,55.2,0,74.5,Low,71.62,0,65.58,76.31
STU02246,20,Male,Civil,5,6.08,70.6,59.5,46.2,41.9,53.8,2.1,20,2,2,54.9,1,51.1,Medium,50.35,1,56.46,59.07
STU02247,21,Other,Electronics,6,4.83,74.3,57.8,33.4,47.1,66.0,2.9,18,4,3,57.0,1,56.5,Medium,51.08,1,55.3,55.91
STU02248,19,Female,Electrical,3,5.78,64.5,40.5,42.5,46.2,51.2,1.8,21,1,3,57.3,2,46.9,High,45.1,2,58.92,54.4
STU02249,19,Male,Electronics,4,6.73,93.1,73.9,64.9,61.9,73.7,5.1,5,2,1,69.2,0,76.3,Low,68.6,0,77.18,74.27
STU02250,20,Male,Electronics,6,8.08,80.1,78.4,69.2,70.1,74.8,3.2,11,1,2,66.4,0,78.6,Low,73.12,0,69.56,77.56
STU02251,21,Male,Electronics,5,5.28,56.0,50.5,40.2,48.4,58.6,3.0,29,2,2,53.1,3,40.9,High,49.42,2,60.24,52.25
STU02252,19,Male,Electrical,2,7.2,81.0,58.4,68.4,63.8,84.2,1.7,13,2,2,56.5,0,61.9,Medium,68.7,0,55.1,72.93
STU02253,19,Male,Computer Science,4,8.13,83.9,62.7,59.6,59.2,90.1,2.3,10,0,2,64.7,0,69.9,Low,67.9,0,67.38,76.59
STU02254,19,Male,Management,3,4.31,75.5,53.4,25.2,31.8,55.7,3.4,15,0,2,64.8,1,51.4,Medium,41.52,1,72.92,50.57
STU02255,21,Male,Civil,8,7.92,85.6,79.4,69.1,70.3,78.2,4.0,9,0,1,54.6,0,83.3,Low,74.25,0,71.84,78.82
STU02256,21,Male,Mechanical,7,5.56,62.3,68.2,66.7,48.7,66.7,3.1,24,1,1,44.3,2,60.6,Medium,62.58,2,60.22,60.06
STU02257,19,Male,Computer Science,4,7.65,80.2,81.8,59.7,68.7,83.0,4.7,13,0,2,62.2,0,73.8,Low,73.3,0,78.38,76.14
STU02258,20,Male,Electrical,3,6.96,72.1,52.1,53.9,59.4,70.5,3.0,19,0,2,38.9,0,58.8,Medium,58.98,1,60.56,65.97
STU02259,19,Male,Management,2,7.93,74.1,69.5,71.1,79.6,85.7,3.9,16,1,2,85.1,1,80.3,Low,76.47,1,80.54,76.87
STU02260,22,Female,Mechanical,7,7.62,73.3,76.9,81.4,66.7,77.1,4.1,16,1,1,54.4,0,76.3,Low,75.53,1,69.26,75.2
STU02261,21,Female,Electronics,8,3.78,51.1,45.5,26.7,13.9,36.5,0.2,32,3,5,41.3,2,28.2,High,30.65,2,38.52,38.26
STU02262,20,Male,Electronics,3,6.87,71.5,54.6,46.8,62.1,71.4,1.7,18,0,4,48.4,0,49.3,High,58.72,1,57.86,65.41
STU02263,20,Male,Electronics,6,6.67,75.2,68.1,66.1,69.4,70.1,2.8,16,1,4,70.1,1,66.0,Low,68.42,1,69.04,69.52
STU02264,20,Female,Electronics,3,6.85,74.7,57.4,62.9,47.1,69.9,2.9,14,2,0,70.7,0,71.7,Low,59.32,1,66.78,66.38
STU02265,22,Male,Civil,8,7.65,72.2,72.0,71.1,67.4,62.8,3.4,17,2,2,47.6,0,77.0,Low,68.32,1,60.04,72.16
STU02266,20,Female,Electronics,4,8.02,82.3,69.6,63.0,81.0,70.6,3.2,12,1,1,66.2,0,85.2,Low,71.05,0,69.48,77.06
STU02267,18,Other,Electrical,2,7.85,92.3,81.1,70.3,70.1,78.1,4.1,4,0,0,91.8,0,82.6,Low,74.9,0,87.22,80.51
STU02268,21,Male,Mechanical,8,6.9,61.7,47.9,63.1,59.1,63.6,2.5,23,4,4,48.4,0,38.5,High,58.42,2,49.86,62.94
STU02269,21,Male,Civil,8,3.9,61.0,37.3,44.3,45.1,64.6,1.0,24,1,3,53.8,1,41.1,High,47.82,2,53.52,48.03
STU02270,20,Male,Management,4,6.15,79.4,88.4,66.9,59.1,74.1,3.4,13,0,2,66.0,2,68.1,Low,72.12,1,73.4,70.22
STU02271,22,Female,Electronics,8,7.8,88.5,73.1,68.2,84.1,73.1,3.3,7,1,3,75.1,0,71.4,Low,74.62,0,73.54,79.28
STU02272,19,Male,Computer Science,3,5.51,74.8,75.2,61.2,53.6,55.6,1.7,16,1,2,69.2,1,57.1,Medium,61.4,1,63.18,62.54
STU02273,20,Female,Mechanical,3,8.06,93.8,100.0,84.1,79.0,97.8,5.5,4,0,1,88.4,0,95.8,Low,90.22,0,92.86,87.75
STU02274,20,Male,Mechanical,5,7.85,80.3,66.0,70.3,72.1,81.2,3.5,13,2,2,71.4,0,70.6,Low,72.4,0,70.06,76.51
STU02275,20,Female,Electrical,6,7.06,93.5,77.1,74.7,65.5,53.4,3.8,4,0,0,68.7,0,85.0,Low,67.68,0,76.48,75.16
STU02276,20,Female,Management,4,3.85,53.7,30.1,21.4,16.9,50.0,1.3,28,3,0,27.5,2,13.6,High,29.6,2,38.5,38.74
STU02277,22,Male,Civil,7,5.63,60.6,46.9,56.2,31.7,55.3,0.2,25,2,4,49.2,3,42.7,High,47.52,2,44.68,53.86
STU02278,22,Other,Management,7,8.82,95.8,66.0,88.4,74.6,66.2,4.5,2,0,2,69.0,0,84.3,Low,73.8,0,80.1,84.34
STU02279,19,Female,Computer Science,2,7.04,84.3,55.3,57.3,54.9,72.5,5.5,11,1,1,74.9,0,69.9,Low,60.0,0,84.46,69.72
STU02280,22,Female,Computer Science,8,4.32,57.2,46.7,41.6,43.8,55.8,1.8,27,1,2,69.5,2,42.3,High,46.98,2,63.8,48.21
STU02281,20,Other,Electronics,3,8.37,95.9,74.9,78.0,79.2,71.1,3.7,3,0,1,66.4,0,86.8,Low,75.8,0,75.06,83.59
STU02282,20,Female,Civil,5,7.45,76.0,64.9,59.7,60.7,81.5,2.3,13,2,1,54.3,0,71.0,Low,66.7,1,57.22,71.76
STU02283,20,Male,Computer Science,4,8.38,81.7,65.2,82.4,89.0,77.9,2.6,10,1,1,57.5,0,82.1,Low,78.62,0,63.0,81.2
STU02284,21,Female,Computer Science,5,7.78,78.7,68.1,59.7,76.2,66.1,4.5,13,1,2,73.0,0,65.6,Low,67.53,1,78.7,73.92
STU02285,19,Female,Management,2,7.36,91.5,82.5,58.3,61.1,70.6,3.7,5,1,2,57.3,1,77.8,Low,68.12,0,68.42,75.89
STU02286,19,Female,Electronics,4,7.98,86.1,76.5,67.8,73.3,74.7,4.5,8,0,3,73.3,0,83.0,Low,73.08,0,81.82,78.68
STU02287,19,Female,Computer Science,2,7.11,62.7,64.5,70.5,55.2,66.9,3.4,25,1,4,41.2,1,69.8,Low,64.28,2,60.48,66.27
STU02288,21,Male,Electronics,8,9.83,98.0,91.9,97.7,92.8,94.5,5.7,1,0,2,94.2,0,100.0,Low,94.22,0,96.18,96.6
STU02289,19,Male,Computer Science,3,8.3,68.0,59.5,70.0,58.4,70.5,3.0,21,2,3,66.2,0,73.0,Low,64.6,1,65.48,71.89
STU02290,20,Male,Computer Science,5,5.03,83.7,63.0,42.6,37.7,55.8,1.8,10,2,0,49.3,1,55.4,Medium,49.78,0,52.72,58.44
STU02291,19,Female,Electronics,3,6.47,75.5,60.0,65.4,69.7,71.8,3.8,15,0,5,77.1,1,76.1,Low,66.73,1,79.84,68.21
STU02292,19,Male,Electronics,3,9.46,97.0,96.6,76.2,76.3,83.2,4.8,2,0,3,74.6,0,95.6,Low,83.08,0,83.84,90.59
STU02293,19,Male,Electrical,4,8.25,75.6,78.3,54.2,64.4,74.5,4.5,17,1,1,64.3,0,77.6,Low,67.85,1,75.22,74.91
STU02294,21,Male,Electronics,8,6.46,78.4,67.6,51.6,50.0,75.7,2.4,13,2,3,39.3,0,72.5,Low,61.22,1,51.72,66.7
STU02295,20,Female,Civil,5,8.26,91.5,83.7,81.2,69.0,77.5,3.4,6,0,1,78.4,0,83.8,Low,77.85,0,78.36,82.92
STU02296,22,Male,Civil,8,6.64,70.0,67.7,65.4,71.3,69.3,2.8,19,1,3,54.0,0,64.9,Medium,68.43,1,62.6,68.11
STU02297,22,Male,Electrical,7,9.68,92.8,80.8,86.2,100.0,82.3,4.8,4,1,1,72.7,0,96.1,Low,87.32,0,80.08,92.01
STU02298,20,Male,Management,5,5.78,71.0,51.6,61.7,48.3,68.4,1.2,17,1,4,44.3,1,54.3,Medium,57.5,1,50.72,60.98
STU02299,21,Male,Mechanical,8,6.22,69.1,70.7,46.5,60.1,49.3,2.1,17,2,4,42.1,0,53.4,Medium,56.65,1,51.34,61.7
STU02300,20,Male,Computer Science,4,6.44,66.9,61.3,49.8,50.0,57.3,1.7,21,0,3,49.0,0,53.5,Medium,54.6,1,58.1,61.1
STU02301,21,Male,Computer Science,5,5.23,98.3,61.7,64.8,57.5,75.5,3.0,1,0,0,79.3,0,72.1,Low,64.88,0,76.72,68.83
STU02302,21,Female,Computer Science,6,5.98,73.9,58.4,44.1,61.1,56.6,1.7,16,2,1,52.6,1,57.2,Medium,55.05,1,53.54,61.42
STU02303,20,Male,Electrical,6,4.26,71.7,49.8,30.0,27.0,55.9,2.9,16,2,2,41.0,6,23.7,High,40.67,1,54.9,49.1
STU02304,21,Male,Mechanical,7,6.69,84.3,62.3,71.3,64.5,65.1,2.6,9,0,3,40.4,0,65.9,Low,65.8,0,59.16,70.81
STU02305,19,Female,Computer Science,3,6.74,68.1,53.4,50.6,53.4,58.2,2.3,20,1,2,66.5,1,52.4,Medium,53.9,1,65.1,62.18
STU02306,21,Male,Computer Science,5,6.58,77.0,70.6,53.4,55.8,66.3,2.3,15,1,0,39.7,1,55.3,Medium,61.53,1,54.38,66.89
STU02307,20,Male,Management,6,8.55,58.7,78.9,79.1,71.4,66.0,2.8,27,2,2,68.3,0,65.4,Low,73.85,2,65.32,74.14
STU02308,19,Male,Mechanical,4,7.25,75.4,72.6,64.7,63.1,65.9,2.8,14,0,3,70.5,0,70.9,Low,66.58,1,72.2,70.86
STU02309,21,Male,Computer Science,8,8.31,92.3,73.6,62.1,75.7,81.6,4.4,5,2,4,61.1,0,69.0,Low,73.25,0,70.44,81.46
STU02310,20,Female,Management,4,7.31,85.4,62.7,79.1,69.3,68.3,3.9,9,3,4,56.5,0,71.0,Low,69.85,0,63.1,74.88
STU02311,20,Other,Civil,4,8.17,76.7,67.4,58.1,60.5,66.8,2.5,18,2,3,59.5,1,64.2,Medium,63.2,1,60.3,73.05
STU02312,19,Male,Mechanical,4,6.91,70.1,64.6,63.6,62.5,71.8,4.0,18,2,4,72.7,0,72.9,Low,65.62,1,73.08,67.96
STU02313,21,Female,Mechanical,6,6.89,96.5,74.4,84.3,89.7,73.0,4.2,2,1,4,87.0,0,76.7,Low,80.35,0,82.8,80.38
STU02314,18,Female,Civil,2,7.45,68.3,68.9,76.0,47.9,52.9,2.8,22,3,4,62.7,1,47.7,High,61.42,1,60.08,67.72
STU02315,20,Male,Electronics,3,7.15,78.3,58.8,61.0,43.9,71.1,2.7,13,0,2,43.6,0,66.5,Low,58.7,1,60.94,68.08
STU02316,21,Female,Management,7,7.86,76.4,58.7,60.7,61.0,70.6,4.0,16,0,1,60.4,0,75.0,Low,62.75,1,74.16,71.71
STU02317,20,Female,Electrical,3,6.82,76.7,76.0,65.2,63.2,67.0,3.4,15,1,3,57.1,0,73.2,Low,67.85,1,66.84,70.18
STU02318,19,Female,Civil,2,6.41,62.4,40.8,71.3,56.3,61.5,1.1,24,2,2,39.7,2,49.2,High,57.47,2,45.38,61.02
STU02319,19,Female,Civil,3,10.0,100.0,94.8,96.2,87.3,90.4,4.7,0,0,0,95.2,0,100.0,Low,92.18,0,91.58,96.87
STU02320,19,Male,Management,4,7.02,76.4,59.7,59.4,59.3,64.9,2.9,13,2,2,73.1,1,72.2,Low,60.82,1,67.74,68.0
STU02321,18,Female,Computer Science,2,6.88,79.6,69.0,72.9,64.8,72.8,5.1,12,1,3,68.9,0,74.0,Low,69.88,1,80.06,71.93
STU02322,22,Male,Computer Science,7,8.26,88.6,90.8,57.9,62.3,79.3,3.5,7,0,2,73.2,0,72.5,Low,72.58,0,76.78,80.09
STU02323,19,Female,Electrical,2,7.04,58.7,62.1,60.2,64.1,63.8,3.0,28,1,1,46.0,0,66.6,Low,62.55,2,60.4,64.33
STU02324,19,Male,Computer Science,4,7.71,76.0,73.1,50.7,68.7,67.5,3.7,13,1,2,85.0,1,70.5,Low,65.0,1,79.5,71.98
STU02325,19,Male,Civil,3,4.99,60.7,48.5,31.4,26.5,58.0,0.3,23,2,1,34.6,4,33.2,High,41.1,2,39.34,49.08
STU02326,20,Male,Mechanical,4,8.47,97.2,69.3,65.9,56.3,75.4,3.5,2,0,1,62.4,0,72.3,Low,66.72,0,72.46,80.63
STU02327,19,Female,Electronics,2,4.65,76.7,54.1,16.6,45.9,54.0,1.8,23,3,1,47.0,2,34.5,High,42.65,1,48.8,52.51
STU02328,21,Female,Computer Science,8,8.32,84.8,82.1,80.0,70.9,68.2,4.4,9,2,2,81.5,0,81.3,Low,75.3,0,78.6,80.44
STU02329,21,Female,Electrical,8,6.96,71.6,67.5,65.0,62.1,55.9,2.7,19,1,1,46.7,0,64.7,Medium,62.62,1,59.18,67.31
STU02330,18,Male,Computer Science,2,7.82,87.3,74.8,75.1,82.2,84.8,5.4,7,1,2,71.6,0,81.9,Low,79.22,0,82.64,80.89
STU02331,19,Male,Computer Science,3,6.61,50.8,53.9,34.6,47.8,52.5,3.0,28,1,3,40.0,0,44.8,High,47.2,2,58.0,54.72
STU02332,21,Male,Electronics,8,6.55,93.9,68.4,66.5,47.8,66.0,3.1,4,2,1,62.9,0,71.6,Low,62.18,0,64.66,71.27
STU02333,19,Male,Computer Science,4,8.06,99.8,91.0,90.6,57.2,76.2,4.9,0,0,0,78.0,0,88.5,Low,78.75,0,85.7,84.66
STU02334,18,Male,Civil,2,7.86,76.7,72.8,72.6,75.2,83.9,4.0,4,0,0,69.2,0,77.6,Low,76.12,1,77.68,77.14
STU02335,18,Female,Management,2,6.59,85.1,84.8,60.1,49.5,76.0,4.0,9,0,1,81.2,0,80.9,Low,67.6,0,82.48,71.38
STU02336,20,Female,Electrical,4,6.46,85.8,68.5,59.8,68.5,67.7,2.8,9,1,1,61.2,0,67.1,Low,66.12,0,65.48,70.51
STU02337,20,Male,Mechanical,5,9.21,99.4,95.3,100.0,100.0,98.0,5.6,0,0,1,83.2,0,100.0,Low,98.32,0,91.28,96.42
STU02338,21,Male,Electronics,6,7.79,74.1,70.4,71.0,60.0,71.8,3.5,14,0,2,81.0,0,81.7,Low,68.3,1,79.9,73.11
STU02339,20,Female,Management,3,7.39,78.5,64.1,69.1,57.0,62.5,2.9,13,2,2,67.9,1,66.2,Low,63.18,1,65.66,70.76
STU02340,19,Female,Management,4,8.53,81.9,78.5,81.6,72.9,79.6,4.8,11,0,1,94.9,0,87.1,Low,78.15,0,91.96,81.59
STU02341,20,Female,Electrical,3,8.84,94.2,90.2,77.0,89.7,91.4,4.9,3,0,3,75.7,0,93.5,Low,87.07,0,84.78,89.32
STU02342,20,Female,Computer Science,5,6.9,75.2,64.2,53.3,52.8,63.6,4.2,15,0,2,67.9,0,68.5,Low,58.48,1,78.16,66.34
STU02343,20,Male,Computer Science,4,4.69,54.2,54.8,32.3,31.0,45.4,0.2,29,2,2,55.3,6,40.3,High,40.88,2,47.12,46.32
STU02344,19,Male,Computer Science,3,5.85,61.4,57.5,61.0,51.4,60.2,2.6,27,1,1,49.8,0,66.5,Low,57.53,2,59.92,58.84
STU02345,22,Female,Computer Science,7,7.54,57.7,59.6,49.4,69.2,70.5,1.8,27,0,5,45.6,0,68.7,Low,62.18,2,57.24,65.68
STU02346,21,Female,Computer Science,5,6.01,86.1,61.4,54.5,46.7,61.3,3.4,8,1,4,59.3,0,57.4,Medium,55.98,0,67.72,64.95
STU02347,20,Female,Management,5,6.41,69.8,66.9,52.2,46.0,68.1,2.0,20,2,3,45.6,1,49.0,High,58.3,1,52.24,63.2
STU02348,19,Male,Computer Science,2,6.73,73.4,52.2,52.2,44.4,60.2,2.4,17,4,3,75.0,1,60.0,Medium,52.25,1,60.0,62.81
STU02349,19,Female,Computer Science,2,8.67,71.8,73.2,85.0,66.6,70.9,2.7,17,3,3,61.6,0,63.4,Medium,73.92,1,59.14,77.86
STU02350,22,Male,Management,7,7.27,57.4,64.7,72.9,72.2,79.7,2.7,28,1,1,45.9,0,58.8,Medium,72.38,2,58.86,68.74
STU02351,21,Female,Management,8,7.75,88.3,65.0,73.3,66.0,67.0,3.5,7,1,3,65.3,0,84.8,Low,67.82,0,70.62,76.33
STU02352,21,Male,Computer Science,6,7.85,83.3,87.3,81.1,58.7,70.7,2.4,11,2,2,71.2,0,77.6,Low,74.45,0,64.48,78.08
STU02353,19,Female,Electronics,2,6.47,67.5,64.8,72.6,49.4,79.6,4.3,19,2,2,42.3,0,72.5,Low,66.6,1,62.42,66.16
STU02354,20,Male,Electrical,5,6.26,52.0,59.4,59.1,55.4,51.5,2.5,32,0,4,52.6,0,63.4,Medium,56.35,2,63.54,57.45
STU02355,19,Male,Management,3,5.27,64.6,63.1,42.1,36.1,56.2,1.9,21,1,3,43.6,0,61.0,Medium,49.38,2,53.94,54.34
STU02356,18,Male,Civil,2,3.2,45.3,29.7,24.5,16.1,26.5,0.2,33,2,4,18.3,3,16.8,High,24.2,2,32.32,32.2
STU02357,18,Female,Electronics,2,6.21,55.1,53.6,56.2,47.3,56.9,1.6,26,1,4,24.3,1,64.5,Medium,53.5,2,44.72,56.91
STU02358,21,Female,Civil,5,7.7,94.8,78.2,71.0,71.8,95.1,4.7,3,0,2,84.7,0,88.6,Low,79.03,0,87.38,82.26
STU02359,20,Other,Electrical,4,8.91,100.0,89.3,72.5,73.4,72.9,5.7,0,0,1,84.5,0,97.2,Low,77.03,0,92.3,87.0
STU02360,20,Female,Computer Science,5,8.56,86.4,86.9,75.9,77.1,80.3,3.1,8,0,0,74.4,0,95.6,Low,80.05,0,75.26,83.58
STU02361,20,Female,Electronics,6,8.76,72.5,70.3,82.8,83.1,72.3,3.0,18,1,4,51.4,0,73.4,Low,77.12,1,62.56,79.63
STU02362,19,Female,Electrical,3,6.01,68.9,37.3,29.5,42.3,51.5,2.9,21,2,3,34.1,0,52.7,Medium,40.15,1,52.14,54.32
STU02363,20,Male,Civil,4,6.79,79.0,68.7,73.7,50.5,59.5,5.2,13,0,2,55.2,0,70.1,Low,63.1,1,78.08,68.76
STU02364,20,Male,Computer Science,6,7.09,70.4,66.9,69.2,72.3,76.5,2.9,19,1,4,56.0,0,78.4,Low,71.23,1,63.9,70.9
STU02365,20,Female,Electrical,3,9.63,81.5,89.5,87.8,91.1,90.5,3.9,13,0,1,61.1,0,95.4,Low,89.72,0,73.94,89.97
STU02366,19,Female,Civil,2,8.44,83.7,76.6,79.8,76.6,66.5,3.6,9,0,0,70.1,0,83.3,Low,74.88,0,76.04,80.41
STU02367,21,Male,Computer Science,7,9.02,82.7,65.2,78.7,75.7,66.9,2.1,10,1,1,76.3,0,74.8,Low,71.62,0,68.02,80.9
STU02368,20,Male,Electronics,3,5.66,68.2,57.6,55.7,52.6,58.1,2.9,18,2,4,30.2,0,45.2,High,56.0,1,50.58,59.26
STU02369,19,Male,Electronics,2,5.65,72.8,73.2,61.7,50.9,51.8,2.9,17,1,3,51.1,1,65.3,Low,59.4,1,61.94,61.74
STU02370,22,Female,Management,7,6.92,79.9,65.6,72.4,53.3,69.2,1.9,14,2,2,53.8,0,67.7,Low,65.12,1,55.02,70.24
STU02371,21,Female,Computer Science,5,6.01,81.4,64.7,61.8,41.6,63.8,2.7,13,1,3,56.0,0,54.9,Medium,57.97,0,62.9,64.57
STU02372,19,Male,Electrical,3,6.59,81.9,53.7,48.4,70.2,65.1,3.0,11,1,4,65.9,0,67.4,Low,59.35,0,68.36,67.28
STU02373,22,Male,Mechanical,7,6.56,91.1,63.9,60.6,50.8,82.0,3.1,6,1,3,56.7,0,66.6,Low,64.32,0,65.18,71.46
STU02374,19,Female,Management,3,9.45,98.4,81.1,69.0,85.3,81.8,4.6,1,0,4,80.1,0,99.4,Low,79.3,0,85.04,89.39
STU02375,21,Male,Management,6,6.64,66.6,71.1,61.0,69.0,61.0,3.4,22,0,5,53.0,0,56.2,Medium,65.53,1,68.2,66.1
STU02376,20,Male,Management,6,5.06,69.2,41.5,37.4,39.2,50.5,2.8,21,4,2,58.5,3,34.8,High,42.15,1,55.4,51.87
STU02377,22,Female,Electrical,7,7.38,66.9,60.7,53.8,61.6,67.7,1.2,22,3,4,60.7,0,58.7,Medium,60.95,1,51.28,66.94
STU02378,22,Male,Electronics,7,5.05,77.6,59.6,57.7,43.3,65.1,2.3,12,2,6,51.3,0,51.1,Medium,56.42,1,56.02,59.64
STU02379,21,Male,Computer Science,6,7.26,71.2,68.5,52.4,55.6,60.6,1.6,18,0,4,74.3,0,55.4,Medium,59.28,1,67.72,66.92
STU02380,18,Male,Electronics,2,6.87,95.5,61.7,71.2,63.8,88.4,4.8,3,0,1,78.7,0,91.3,Low,71.28,0,85.48,76.43
STU02381,21,Male,Civil,8,6.07,53.0,36.5,47.1,51.9,48.3,3.2,27,2,2,28.3,2,37.8,High,45.95,2,51.32,52.88
STU02382,19,Female,Electronics,2,7.67,79.5,72.6,68.4,79.5,79.6,4.1,14,0,1,73.8,0,82.7,Low,75.03,1,80.02,76.73
STU02383,20,Female,Electronics,3,5.76,81.0,56.8,55.1,47.8,69.9,3.4,12,0,0,64.5,0,59.0,Medium,57.4,0,72.8,63.37
STU02384,21,Other,Computer Science,5,5.55,69.4,52.1,67.4,46.1,62.3,2.3,20,2,0,62.3,4,57.3,Medium,56.97,1,60.42,59.56
STU02385,20,Female,Electrical,4,8.01,90.9,67.1,71.4,66.8,69.8,3.6,6,2,3,69.5,0,74.8,Low,68.78,0,69.8,78.27
STU02386,21,Male,Computer Science,6,5.78,79.6,55.9,68.0,57.9,62.9,3.4,13,1,2,67.9,0,62.1,Medium,61.18,1,71.16,64.6
STU02387,18,Male,Electronics,2,5.6,67.5,45.6,57.2,43.8,59.9,2.3,20,3,2,45.2,2,47.9,High,51.63,1,50.58,57.12
STU02388,21,Female,Mechanical,5,7.48,91.2,81.9,82.6,72.1,85.9,3.2,5,0,0,70.3,0,85.9,Low,80.62,0,74.12,81.23
STU02389,20,Male,Mechanical,4,8.23,85.9,64.7,61.2,66.5,84.3,3.8,8,0,1,70.7,0,85.6,Low,69.18,0,77.28,77.95
STU02390,20,Other,Management,6,8.11,83.6,71.0,65.9,73.1,80.2,3.7,10,1,0,60.2,1,73.9,Low,72.55,0,69.58,78.3
STU02391,20,Male,Civil,5,5.77,64.1,43.0,31.0,32.6,53.0,1.6,22,0,3,35.1,2,44.8,High,39.9,2,52.04,52.18
STU02392,22,Female,Electrical,7,6.67,76.7,66.6,88.8,67.8,79.2,2.2,23,2,5,50.4,0,62.0,Medium,75.6,1,55.16,72.76
STU02393,19,Female,Electronics,3,4.76,64.8,67.8,35.5,33.5,49.6,2.4,19,2,4,36.9,4,49.7,High,46.6,2,50.76,51.5
STU02394,21,Female,Computer Science,8,6.6,67.4,53.9,47.7,53.7,64.1,3.6,19,0,1,49.8,1,65.2,Low,54.85,1,67.92,61.89
STU02395,20,Female,Electrical,4,7.14,69.7,64.9,32.8,55.0,59.9,3.7,19,2,2,59.5,0,66.2,Low,53.15,1,66.3,63.68
STU02396,20,Female,Computer Science,4,5.52,65.0,55.6,39.7,34.2,73.8,2.1,20,1,2,44.6,2,43.0,High,50.82,1,55.34,55.9
STU02397,20,Male,Electrical,5,6.69,75.3,61.9,55.1,42.7,66.1,3.3,15,2,3,39.7,0,70.4,Low,56.45,1,56.38,64.82
STU02398,20,Female,Management,3,7.01,87.7,66.4,71.2,71.7,76.5,4.0,8,1,2,56.2,0,74.1,Low,71.45,0,69.48,75.04
STU02399,21,Female,Electronics,7,5.3,60.0,63.2,41.2,54.4,59.6,2.2,25,3,2,47.3,0,61.3,Medium,54.6,2,50.92,55.39
STU02400,20,Male,Electrical,3,6.94,90.3,80.7,81.2,73.5,76.6,3.6,7,0,1,68.6,0,78.4,Low,78.0,0,75.44,78.06
STU02401,22,Female,Electronics,8,5.99,61.3,64.1,54.5,44.2,80.5,2.3,22,1,3,53.7,0,49.7,High,60.82,2,59.98,60.62
STU02402,19,Male,Electronics,3,9.36,91.0,71.8,73.9,78.1,90.8,5.0,6,0,2,68.9,0,87.9,Low,78.65,0,82.56,86.97
STU02403,21,Male,Electronics,8,7.18,76.3,66.3,64.5,61.3,65.7,4.4,13,2,1,61.7,1,72.6,Low,64.45,1,70.68,69.98
STU02404,20,Female,Civil,4,6.85,88.2,61.0,69.0,50.4,64.3,4.2,7,2,0,68.9,0,73.1,Low,61.18,0,72.56,70.49
STU02405,20,Male,Management,6,5.41,81.2,54.2,54.2,49.4,63.8,3.2,10,1,3,44.7,2,53.5,Medium,55.4,0,60.88,61.4
STU02406,22,Female,Electronics,8,5.26,76.2,53.2,39.4,31.3,55.6,2.9,15,1,2,53.1,1,59.2,Medium,44.88,1,62.74,55.41
STU02407,18,Male,Civil,2,7.59,74.1,68.7,69.0,47.4,68.5,3.8,14,1,2,47.9,0,73.6,Low,63.4,1,65.16,70.45
STU02408,20,Female,Electronics,4,5.48,68.2,55.2,53.6,51.7,45.1,1.8,18,3,3,49.4,1,54.6,Medium,51.4,1,49.76,56.79
STU02409,22,Male,Computer Science,8,4.71,71.4,60.4,40.4,36.2,38.5,3.7,19,0,3,75.4,1,39.7,High,43.88,1,78.66,51.88
STU02410,20,Male,Civil,3,5.91,76.0,67.6,64.1,55.1,77.2,1.9,13,4,2,64.1,1,50.7,Medium,66.0,1,53.14,66.09
STU02411,19,Female,Electrical,2,6.58,78.6,66.0,38.0,58.2,61.9,3.3,15,1,1,60.8,0,53.6,Medium,56.02,1,67.82,65.09
STU02412,21,Female,Civil,5,8.97,100.0,83.8,84.7,85.9,82.1,5.0,0,0,1,77.4,0,93.6,Low,84.12,0,85.96,90.04
STU02413,18,Female,Management,2,5.15,57.2,44.8,46.7,48.2,50.8,2.5,29,2,3,47.5,1,45.6,High,47.62,2,55.5,51.38
STU02414,21,Male,Computer Science,8,5.47,66.5,46.5,30.9,48.4,56.4,2.9,22,4,3,31.2,0,50.5,Medium,45.55,1,44.98,53.99
STU02415,21,Male,Mechanical,8,8.19,88.4,73.9,64.9,76.5,85.8,3.2,8,0,2,73.4,0,80.5,Low,75.28,0,75.36,80.88
STU02416,19,Female,Electronics,3,8.68,84.9,72.0,82.8,76.7,84.1,3.0,9,0,1,65.0,1,83.3,Low,78.9,0,71.0,83.16
STU02417,20,Female,Electrical,3,6.16,91.2,68.7,68.0,56.3,71.6,3.4,5,1,0,59.5,0,69.1,Low,66.15,0,67.8,70.82
STU02418,21,Female,Computer Science,7,6.46,60.0,70.5,65.4,39.3,60.2,1.7,25,0,0,50.7,1,43.8,High,58.85,2,58.78,61.15
STU02419,21,Female,Computer Science,5,7.0,89.2,76.8,67.8,78.8,87.5,5.4,7,0,0,74.2,0,86.4,Low,77.72,0,86.68,77.89
STU02420,22,Female,Electrical,7,4.25,63.0,44.3,41.2,37.9,51.0,2.3,24,1,0,41.0,1,28.5,High,43.6,2,54.9,48.06
STU02421,22,Female,Electronics,8,6.07,72.3,59.6,46.5,25.1,62.4,3.1,18,2,5,44.8,1,45.4,High,48.4,1,57.42,58.68
STU02422,20,Female,Civil,4,6.75,76.3,47.2,43.6,67.5,52.9,2.5,14,3,3,57.2,0,55.0,Medium,52.8,1,56.38,63.82
STU02423,19,Female,Management,3,8.89,84.6,87.4,80.6,76.4,90.5,4.3,9,1,2,71.1,0,91.1,Low,83.72,0,76.94,85.76
STU02424,20,Female,Electronics,6,6.47,82.3,60.4,64.2,58.2,65.2,2.9,10,0,1,68.9,1,73.8,Low,62.0,0,72.06,68.02
STU02425,20,Male,Mechanical,6,6.5,78.3,71.1,68.8,59.9,58.3,2.3,12,0,3,68.8,0,76.6,Low,64.52,1,69.02,68.14
STU02426,20,Female,Management,5,8.15,80.2,75.4,71.9,74.5,70.8,3.4,14,2,5,70.9,0,82.5,Low,73.15,0,69.36,77.84
STU02427,19,Female,Electrical,4,9.11,90.7,85.6,94.3,100.0,86.1,3.0,6,0,1,71.2,0,94.3,Low,91.5,0,73.48,91.16
STU02428,20,Female,Computer Science,3,7.19,70.1,76.7,57.2,51.3,80.2,3.6,19,1,2,63.6,0,55.6,Medium,66.35,1,70.44,69.23
STU02429,20,Male,Electrical,5,7.92,96.9,71.5,83.7,63.8,76.4,3.0,2,0,2,92.2,0,77.4,Low,73.85,0,81.88,81.48
STU02430,20,Male,Mechanical,4,9.27,89.7,81.8,92.8,87.0,88.3,5.8,6,0,1,59.5,0,95.5,Low,87.48,0,82.8,89.86
STU02431,20,Female,Electrical,5,5.35,66.2,54.7,48.6,34.9,62.0,2.2,23,2,4,55.7,1,45.9,High,50.05,1,57.28,55.3
STU02432,19,Female,Mechanical,2,8.4,79.9,86.4,64.4,75.7,73.2,4.5,13,0,1,65.9,0,95.2,Low,74.92,1,78.86,79.34
STU02433,21,Male,Computer Science,8,5.0,63.4,54.3,37.4,38.3,55.0,2.6,20,2,5,38.6,0,49.6,High,46.25,2,52.44,51.85
STU02434,20,Male,Electrical,6,6.09,84.2,66.0,75.1,64.6,65.4,2.9,10,0,1,58.7,0,77.1,Low,67.78,0,67.98,69.47
STU02435,21,Female,Computer Science,8,7.08,83.6,67.3,68.0,49.9,81.6,3.3,10,3,3,67.0,0,69.3,Low,66.7,0,64.3,72.36
STU02436,22,Other,Management,7,6.21,76.7,56.9,53.7,46.9,65.9,3.5,15,2,1,54.8,0,66.3,Low,55.85,1,63.42,63.25
STU02437,21,Male,Electrical,6,5.52,75.6,64.3,51.9,42.8,69.9,4.0,16,2,3,71.3,3,58.8,Medium,57.22,1,72.52,61.11
STU02438,19,Male,Management,4,5.88,73.7,58.1,61.4,54.9,58.8,2.2,17,1,1,47.5,0,61.3,Medium,58.3,1,57.0,62.32
STU02439,21,Male,Computer Science,6,8.68,84.2,89.8,66.4,61.6,73.4,4.6,10,0,2,71.3,0,87.8,Low,72.8,0,81.52,80.55
STU02440,20,Male,Electronics,5,6.5,75.6,69.9,56.5,38.5,71.1,1.9,14,1,2,65.1,1,57.2,Medium,59.0,1,62.54,65.25
STU02441,21,Male,Computer Science,8,6.82,64.8,50.7,62.9,54.5,64.7,1.6,21,1,2,53.4,0,54.9,Medium,58.2,2,56.36,63.35
STU02442,20,Female,Electronics,3,7.83,91.1,77.6,80.3,59.8,87.3,4.0,6,0,1,69.6,0,84.1,Low,76.25,0,77.84,80.68
STU02443,19,Female,Electronics,2,6.35,89.9,71.6,55.8,67.6,62.6,4.2,6,2,3,56.4,1,66.4,Low,64.4,0,67.56,70.46
STU02444,18,Male,Mechanical,2,7.5,79.3,66.9,83.8,67.2,74.6,3.2,13,0,2,82.4,0,64.4,Medium,73.12,1,78.96,75.32
STU02445,20,Male,Electronics,3,7.97,93.7,69.8,82.3,78.4,69.4,4.2,4,0,0,73.3,0,77.2,Low,74.97,0,80.32,81.31
STU02446,21,Other,Management,6,10.0,100.0,89.0,86.8,97.2,89.2,4.9,0,0,3,99.8,0,100.0,Low,90.55,0,94.42,96.22
STU02447,20,Male,Computer Science,3,6.85,91.3,74.7,54.5,52.2,62.9,4.0,5,0,2,66.6,0,79.2,Low,61.08,0,76.64,71.23
STU02448,18,Female,Electronics,2,6.51,80.6,74.4,65.4,53.8,66.6,4.0,12,2,1,67.2,0,56.2,Medium,65.05,0,70.88,68.96
STU02449,20,Male,Civil,4,7.54,76.0,65.0,60.1,70.2,75.6,2.4,15,2,5,40.9,1,65.9,Low,67.72,1,52.36,72.48
STU02450,21,Female,Computer Science,7,8.74,92.9,100.0,75.1,83.1,79.9,5.0,4,0,1,75.0,0,100.0,Low,84.52,0,85.0,87.62
STU02451,20,Female,Civil,4,6.18,92.9,64.0,63.2,64.5,63.8,4.0,5,0,1,63.1,0,78.3,Low,63.88,0,75.24,70.4
STU02452,20,Male,Civil,3,6.29,65.7,64.5,61.1,47.9,60.8,3.5,19,1,1,67.7,0,51.1,Medium,58.58,1,71.58,61.87
STU02453,20,Female,Civil,3,6.89,83.6,55.7,69.1,67.3,65.0,2.5,11,3,6,55.5,0,66.3,Low,64.28,0,55.7,70.72
STU02454,21,Female,Civil,7,6.2,72.8,73.9,56.2,47.0,69.8,2.1,18,2,1,69.6,1,58.7,Medium,61.73,1,62.34,64.59
STU02455,21,Male,Electrical,5,7.02,76.3,70.3,38.0,62.0,54.1,3.0,15,1,3,73.1,0,57.6,Medium,56.1,1,71.24,66.08
STU02456,19,Female,Management,4,7.27,71.1,73.9,72.2,70.2,53.1,3.1,17,0,2,72.3,1,75.3,Low,67.35,1,74.42,70.16
STU02457,22,Male,Computer Science,7,9.17,87.8,66.9,69.6,64.0,80.5,3.4,7,0,2,81.2,0,91.7,Low,70.25,0,79.48,82.14
STU02458,19,Male,Mechanical,4,6.17,62.2,62.2,55.4,52.7,71.9,0.5,24,3,1,52.2,0,47.1,High,60.55,2,44.38,61.36
STU02459,20,Other,Electrical,4,4.51,48.4,37.9,36.4,24.5,45.9,3.0,36,2,3,51.3,2,35.8,High,36.17,2,59.52,42.36
STU02460,21,Male,Computer Science,7,5.0,77.5,56.2,61.7,44.7,58.0,2.6,15,2,1,55.5,3,39.4,High,55.15,1,59.2,58.94
STU02461,20,Male,Mechanical,4,5.46,58.1,42.1,62.7,33.6,54.6,3.0,23,3,1,57.6,0,45.2,High,48.25,2,59.04,52.93
STU02462,21,Male,Civil,5,5.71,66.9,58.2,45.2,47.1,63.8,2.4,23,1,2,50.6,3,58.9,Medium,53.58,1,59.24,58.14
STU02463,21,Other,Computer Science,6,5.84,58.9,53.3,43.2,58.9,57.0,2.0,27,2,3,52.5,1,46.1,High,53.1,2,55.0,56.4
STU02464,19,Male,Electronics,3,5.46,75.2,49.2,38.2,45.1,56.8,2.5,17,0,2,54.3,0,57.8,Medium,47.32,1,64.22,56.84
STU02465,18,Male,Electrical,2,6.07,85.8,69.2,60.2,61.0,78.1,3.3,9,2,1,59.7,3,52.5,Medium,67.12,0,64.38,69.54
STU02466,22,Female,Computer Science,7,6.75,86.0,63.4,52.4,55.2,73.4,2.7,9,1,1,48.5,1,57.6,Medium,61.1,0,59.9,69.56
STU02467,20,Female,Computer Science,4,5.31,62.8,55.7,44.7,64.2,55.2,3.6,21,4,0,52.7,1,48.7,High,54.95,2,57.08,56.26
STU02468,20,Female,Electrical,4,7.98,81.6,74.1,66.1,62.9,67.0,2.0,11,0,3,60.9,0,68.8,Low,67.53,0,64.36,75.34
STU02469,20,Other,Electrical,6,6.92,75.9,84.8,72.6,65.1,69.1,3.6,15,0,4,55.1,0,66.2,Low,72.9,1,70.04,72.35
STU02470,19,Male,Mechanical,2,7.3,77.6,71.8,64.2,47.0,63.5,2.9,13,0,2,66.8,0,62.5,Medium,61.62,1,71.22,69.6
STU02471,18,Female,Electronics,2,6.37,74.0,52.3,55.2,53.5,62.9,3.2,15,2,1,63.8,1,50.3,Medium,55.98,1,65.52,63.18
STU02472,19,Female,Computer Science,4,5.45,66.1,48.2,52.2,43.3,60.8,2.6,19,2,2,62.5,0,51.1,Medium,51.12,1,62.0,56.05
STU02473,21,Male,Electrical,8,7.77,80.9,71.1,65.6,54.0,66.8,3.3,12,0,1,67.6,0,67.6,Low,64.38,0,73.54,73.17
STU02474,21,Female,Computer Science,6,6.89,88.7,87.9,77.1,60.4,84.7,3.7,7,0,1,84.2,0,84.4,Low,77.53,0,82.18,77.3
STU02475,21,Female,Management,6,6.0,75.4,61.0,55.7,45.9,50.4,2.5,14,1,0,55.2,1,64.9,Medium,53.25,1,61.58,61.15
STU02476,21,Male,Electrical,6,6.7,46.7,59.0,41.4,56.2,50.7,2.4,31,1,2,41.9,0,56.6,Medium,51.82,2,55.76,55.86
STU02477,21,Male,Computer Science,8,5.44,76.7,50.5,43.0,39.8,57.9,1.1,20,1,4,48.5,0,44.7,High,47.8,1,51.9,57.33
STU02478,21,Male,Civil,7,7.08,90.1,88.1,71.1,78.4,94.7,6.0,6,0,1,76.7,0,82.0,Low,83.08,0,90.68,80.54
STU02479,18,Female,Management,2,7.04,65.4,67.9,55.8,71.9,68.3,2.4,20,3,0,50.2,0,66.8,Low,65.98,1,53.08,67.38
STU02480,21,Male,Management,5,7.1,71.9,56.8,56.2,47.7,60.1,3.4,18,1,0,63.3,0,67.5,Low,55.2,1,69.32,64.9
STU02481,21,Female,Mechanical,5,9.26,90.3,82.3,89.2,75.4,73.1,3.0,6,1,5,73.7,0,82.5,Low,80.0,0,71.48,86.98
STU02482,19,Male,Computer Science,3,6.58,76.2,48.7,59.7,51.2,59.0,3.0,16,2,3,59.6,1,62.1,Medium,54.65,1,62.84,63.94
STU02483,22,Other,Civil,8,8.35,78.9,72.2,61.8,65.1,79.7,2.8,12,0,1,66.0,1,67.7,Low,69.7,1,70.4,76.83
STU02484,19,Female,Civil,3,7.01,82.8,71.3,59.9,75.0,77.8,4.2,10,2,1,82.6,1,71.0,Low,71.0,0,78.04,73.64
STU02485,21,Male,Mechanical,7,6.99,81.9,66.9,50.5,56.8,59.0,3.0,11,0,3,72.0,1,67.9,Low,58.3,0,73.8,68.26
STU02486,19,Male,Computer Science,2,7.05,98.7,75.9,59.4,69.6,77.0,3.6,1,2,2,72.9,0,66.8,Low,70.47,0,71.16,77.54
STU02487,21,Female,Management,6,6.08,76.3,68.1,62.7,59.7,78.2,4.4,13,3,2,73.5,0,63.6,Medium,67.18,1,72.4,67.22
STU02488,21,Male,Mechanical,7,7.64,68.8,80.5,69.5,71.9,80.9,3.6,21,0,2,74.6,2,71.3,Low,75.7,1,77.84,74.22
STU02489,21,Male,Electronics,5,7.23,74.1,72.9,68.1,77.4,84.2,3.4,15,0,3,63.3,0,74.5,Low,75.65,1,72.32,74.09
STU02490,18,Female,Computer Science,2,6.06,63.9,55.2,60.3,52.9,63.2,1.7,23,1,4,37.2,2,54.2,Medium,57.9,2,50.38,60.35
STU02491,19,Female,Electronics,2,7.19,81.2,83.8,75.0,63.2,67.0,4.7,11,1,2,64.3,0,74.3,Low,72.25,0,76.22,74.36
STU02492,20,Female,Mechanical,6,7.04,86.7,87.3,43.2,61.5,68.6,4.3,8,0,0,76.2,0,70.4,Low,65.15,0,81.98,72.38
STU02493,21,Female,Computer Science,8,7.51,79.8,75.1,73.1,76.2,88.8,4.4,14,2,1,66.2,1,83.6,Low,78.3,1,72.48,77.55
STU02494,20,Female,Mechanical,6,5.52,79.7,60.8,63.3,54.2,63.6,1.5,13,4,1,53.2,2,56.3,Medium,60.48,1,46.78,63.44
STU02495,19,Female,Computer Science,2,8.3,69.9,68.8,73.1,49.6,60.9,3.1,17,1,1,53.3,0,79.9,Low,63.1,1,63.82,71.76
STU02496,22,Male,Computer Science,7,8.88,86.4,85.4,88.7,84.6,88.1,3.7,9,0,1,67.1,0,95.5,Low,86.7,0,75.34,87.36
STU02497,21,Female,Computer Science,5,6.91,85.8,70.2,63.3,67.7,80.1,3.4,9,3,2,63.4,0,82.2,Low,70.32,0,63.36,73.76
STU02498,18,Female,Electronics,2,4.82,80.8,49.4,48.0,33.1,61.8,4.1,13,1,2,49.0,1,52.1,Medium,48.08,0,67.1,56.3
STU02499,20,Female,Electronics,4,7.34,81.3,79.4,63.0,67.5,76.1,3.9,11,1,1,78.5,0,62.5,Medium,71.5,0,77.9,74.62
STU02500,20,Other,Electronics,3,8.59,97.0,87.1,80.2,73.2,76.4,4.2,2,0,2,84.4,0,78.5,Low,79.22,0,84.76,86.0
STU02501,21,Male,Civil,8,7.22,72.3,78.7,63.3,64.3,69.3,2.8,16,2,4,69.0,1,66.1,Low,68.9,1,65.6,70.9
STU02502,22,Female,Mechanical,8,6.37,81.3,78.8,74.4,65.5,58.5,3.0,13,1,0,44.6,0,77.9,Low,69.3,0,59.84,70.34
STU02503,18,Male,Civil,2,8.84,79.9,70.5,80.4,62.1,64.0,1.5,12,0,3,57.2,0,76.6,Low,69.25,1,60.38,78.62
STU02504,20,Male,Computer Science,6,7.82,67.4,62.1,55.9,67.7,73.5,1.8,19,2,4,53.2,1,57.9,Medium,64.8,1,54.28,70.14
STU02505,18,Male,Electronics,2,8.46,80.7,75.4,60.1,80.7,47.8,1.7,13,1,2,67.8,1,85.2,Low,66.0,0,62.62,76.18
STU02506,20,Female,Computer Science,5,7.57,75.6,65.3,61.1,62.6,72.7,4.6,14,1,1,85.6,0,70.1,Low,65.42,1,84.24,71.56
STU02507,20,Male,Mechanical,3,8.18,77.7,73.9,79.8,76.0,74.5,4.1,13,0,2,66.5,0,89.9,Low,76.05,1,77.1,78.47
STU02508,21,Female,Mechanical,7,6.97,62.8,58.7,63.5,73.9,66.5,2.6,24,0,4,49.5,0,57.1,Medium,65.65,2,62.8,66.36
STU02509,19,Female,Electrical,2,7.44,100.0,79.5,74.6,79.7,59.9,2.5,0,0,3,69.5,0,90.6,Low,73.42,0,70.3,80.41
STU02510,22,Female,Mechanical,8,6.02,75.5,57.6,61.2,42.1,58.4,3.2,17,2,3,49.8,0,58.1,Medium,54.82,1,59.92,61.88
STU02511,20,Female,Electronics,3,6.53,67.3,48.3,45.5,57.5,52.5,1.2,22,2,3,38.3,0,56.3,Medium,50.95,1,45.32,60.06
STU02512,19,Male,Computer Science,3,8.55,86.7,74.3,62.2,52.0,82.0,3.8,8,0,4,74.7,1,83.6,Low,67.62,0,78.88,78.65
STU02513,21,Male,Management,8,6.52,75.7,68.9,58.8,66.3,67.8,2.7,14,1,2,64.4,2,81.1,Low,65.45,1,66.26,67.92
STU02514,21,Female,Computer Science,8,7.97,82.0,67.9,80.7,60.6,59.2,1.9,10,1,2,57.1,0,72.6,Low,67.1,0,59.34,75.24
STU02515,19,Male,Computer Science,2,7.08,74.8,63.0,69.8,68.7,71.9,3.1,16,0,0,55.5,0,74.0,Low,68.35,1,67.7,70.82
STU02516,19,Male,Computer Science,2,4.76,76.7,39.8,50.2,47.6,47.1,1.5,27,3,2,19.1,1,45.0,High,46.18,1,36.14,54.3
STU02517,22,Male,Management,7,5.74,61.6,53.8,59.9,53.6,60.0,1.7,23,4,3,40.5,1,53.2,Medium,56.82,2,42.7,58.22
STU02518,21,Male,Management,8,8.18,90.8,78.8,70.4,82.2,77.5,2.8,6,0,0,68.3,0,94.9,Low,77.22,0,71.32,82.22
STU02519,21,Other,Electronics,5,7.62,73.9,71.3,70.1,63.2,85.1,4.2,16,2,2,62.0,1,82.0,Low,72.42,1,69.8,74.11
STU02520,19,Female,Computer Science,3,5.31,65.0,51.5,50.1,35.9,52.3,2.2,22,1,4,61.7,1,34.2,High,47.45,1,62.68,53.82
STU02521,19,Female,Electrical,3,7.05,64.9,66.2,49.7,62.8,59.3,1.5,19,2,3,55.5,0,55.5,Medium,59.5,2,53.7,64.7
STU02522,20,Male,Electronics,3,8.37,81.4,76.9,79.2,78.3,72.9,2.8,11,2,5,44.1,0,76.0,Low,76.83,0,55.64,80.38
STU02523,20,Other,Computer Science,6,6.46,79.0,66.6,70.1,52.8,64.9,1.9,12,3,4,76.6,0,66.7,Low,63.6,1,61.14,67.8
STU02524,19,Female,Electronics,2,5.41,57.7,51.1,37.8,34.9,57.3,1.2,26,2,3,22.4,0,35.6,High,45.28,2,38.96,51.47
STU02525,20,Female,Electronics,6,9.86,100.0,100.0,75.5,86.9,88.5,5.0,0,0,0,81.2,0,100.0,Low,87.72,0,87.48,94.6
STU02526,21,Male,Electronics,7,7.42,79.4,62.2,69.0,64.3,68.7,3.4,12,1,1,52.0,1,66.5,Low,66.05,1,64.8,72.24
STU02527,19,Male,Civil,3,6.94,76.9,62.1,55.8,62.5,69.6,3.5,13,2,1,63.4,0,55.8,Medium,62.5,1,66.86,68.52
STU02528,21,Female,Civil,8,7.12,96.2,77.2,71.4,58.0,72.6,5.7,2,0,0,69.8,0,84.4,Low,69.8,0,86.42,76.89
STU02529,22,Female,Mechanical,8,7.45,76.7,82.3,65.7,84.6,79.7,3.9,9,1,2,70.6,0,84.5,Low,78.08,1,74.74,76.48
STU02530,19,Male,Computer Science,4,7.5,81.5,62.7,59.4,57.3,64.3,1.9,11,0,5,59.2,0,57.5,Medium,60.92,0,63.18,71.0
STU02531,19,Male,Computer Science,2,8.08,100.0,74.1,87.0,61.8,74.3,3.1,0,1,5,79.5,0,94.0,Low,74.3,0,74.3,83.0
STU02532,19,Female,Management,4,7.85,79.2,74.5,71.0,71.6,63.5,4.7,11,0,2,48.7,0,75.7,Low,70.15,1,72.98,75.33
STU02533,19,Other,Computer Science,3,6.57,71.7,70.6,52.8,56.6,63.9,3.0,17,0,2,62.4,0,68.9,Low,60.98,1,69.96,65.31
STU02534,19,Female,Electronics,3,7.45,75.1,76.8,67.5,62.3,68.8,3.1,16,1,3,69.0,1,69.1,Low,68.85,1,70.1,72.39
STU02535,22,Female,Computer Science,8,6.21,80.3,62.6,60.8,57.0,66.6,3.4,13,0,4,49.7,0,63.4,Medium,61.75,0,66.88,66.51
STU02536,19,Female,Computer Science,3,8.57,74.8,65.8,71.9,76.0,70.9,4.0,17,0,3,63.6,0,89.1,Low,71.15,1,75.44,77.16
STU02537,19,Female,Mechanical,4,6.9,82.9,54.8,62.3,56.0,52.8,3.2,10,1,2,60.4,1,50.6,Medium,56.47,0,67.16,67.46
STU02538,22,Male,Computer Science,7,6.12,84.3,64.0,50.4,49.7,65.5,3.3,11,1,1,71.9,1,51.3,Medium,57.4,0,72.26,65.46
STU02539,18,Male,Civil,2,8.0,97.8,97.0,71.9,87.4,68.9,3.5,1,1,1,72.0,0,78.6,Low,81.3,0,73.3,84.97
STU02540,19,Female,Electronics,2,7.58,78.1,75.8,61.8,63.1,65.8,2.8,15,0,1,59.5,1,67.5,Low,66.62,1,67.8,72.7
STU02541,19,Female,Electrical,4,7.67,94.4,79.8,72.7,80.0,84.2,4.8,4,1,0,74.2,0,70.7,Low,79.18,0,80.68,82.12
STU02542,22,Male,Mechanical,8,7.22,79.5,63.5,63.5,72.8,65.3,3.1,12,2,2,56.8,0,67.4,Low,66.28,1,62.22,71.66
STU02543,21,Male,Computer Science,7,6.52,69.5,62.6,55.3,57.8,67.0,2.6,20,1,3,50.4,0,52.7,Medium,60.68,1,60.16,64.46
STU02544,22,Female,Electrical,8,8.49,92.7,84.2,80.8,76.9,89.4,3.2,4,0,2,64.9,0,82.7,Low,82.82,0,71.96,86.02
STU02545,21,Female,Management,8,6.94,91.8,79.5,60.3,72.7,75.5,4.9,6,1,1,78.2,1,74.5,Low,72.0,0,82.78,76.04
STU02546,18,Male,Computer Science,2,6.82,70.5,59.4,54.2,48.6,66.3,2.2,18,2,2,43.4,0,63.4,Medium,57.12,1,52.36,64.34
STU02547,20,Female,Civil,4,6.22,78.7,60.4,61.2,50.3,65.3,1.9,13,1,2,66.5,1,50.2,Medium,59.3,1,63.1,65.16
STU02548,20,Male,Civil,5,9.42,100.0,94.5,89.3,89.3,91.0,5.9,0,0,0,100.0,0,100.0,Low,91.02,0,99.5,94.38
STU02549,19,Male,Civil,3,5.26,71.7,55.6,33.3,41.5,53.8,2.5,16,2,1,44.2,0,46.1,High,46.05,1,54.18,54.76
STU02550,22,Male,Computer Science,8,8.23,100.0,82.8,62.4,69.3,76.8,4.5,0,0,1,73.0,1,82.5,Low,72.82,0,81.7,82.94
STU02551,21,Male,Computer Science,6,4.42,62.3,68.7,46.6,34.5,60.1,1.6,26,2,3,55.9,1,43.8,High,52.48,2,54.36,52.04
STU02552,21,Male,Electronics,7,6.65,78.4,74.1,75.6,51.3,75.3,3.3,15,0,0,64.4,0,70.9,Low,69.08,1,72.26,70.5
STU02553,20,Female,Computer Science,3,5.36,65.3,55.7,51.1,45.7,53.1,2.7,19,0,0,54.2,0,49.4,High,51.4,1,65.18,55.64
STU02554,21,Female,Electronics,7,4.71,74.3,47.2,48.2,33.0,50.7,1.4,17,1,1,61.7,0,48.4,High,44.78,1,58.68,52.97
STU02555,18,Female,Management,2,7.48,98.1,75.4,53.2,65.0,76.1,4.3,1,0,2,81.6,0,83.7,Low,67.43,0,84.14,77.68
STU02556,19,Female,Electronics,2,6.29,65.5,48.4,56.1,52.3,53.2,1.3,23,2,3,40.9,0,57.8,Medium,52.5,1,46.86,59.39
STU02557,20,Female,Electronics,6,4.21,47.5,43.4,29.6,26.8,47.7,1.9,30,2,2,36.4,0,39.2,High,36.88,2,48.06,41.36
STU02558,18,Male,Computer Science,2,7.84,83.5,72.1,72.0,77.7,82.1,3.0,11,1,5,57.0,0,92.5,Low,75.97,0,64.8,78.7
STU02559,20,Male,Electronics,3,8.96,87.0,74.5,77.1,92.8,87.2,2.7,7,1,2,52.2,1,88.6,Low,82.9,0,61.38,86.27
STU02560,21,Male,Electrical,7,9.24,77.3,72.6,62.0,86.3,73.0,1.7,15,0,2,55.7,0,77.8,Low,73.47,1,60.78,81.06
STU02561,21,Female,Electrical,5,7.2,92.8,76.7,95.7,59.7,72.5,4.3,4,0,1,68.8,0,89.8,Low,76.15,0,79.02,78.86
STU02562,20,Male,Electronics,4,7.78,80.0,72.3,62.9,62.4,77.0,2.9,13,0,3,78.0,0,75.9,Low,68.65,0,75.7,74.69
STU02563,19,Female,Electronics,4,8.33,82.3,67.4,78.7,64.3,75.2,2.4,12,0,1,69.2,0,86.1,Low,71.4,0,69.68,78.29
STU02564,21,Female,Computer Science,6,7.96,90.5,89.5,92.6,82.9,71.2,4.0,6,0,0,76.3,0,89.3,Low,84.05,0,80.52,84.1
STU02565,22,Female,Management,8,7.34,76.9,69.9,70.5,71.2,63.6,2.4,13,1,3,53.5,0,73.8,Low,68.8,1,60.4,72.44
STU02566,22,Male,Electronics,7,4.25,59.9,48.6,38.0,46.5,52.8,2.2,26,2,3,65.9,2,34.1,High,46.47,2,61.36,48.44
STU02567,19,Male,Electronics,4,7.3,83.9,62.3,65.5,54.5,75.5,3.7,9,0,3,51.7,0,73.4,Low,64.45,0,69.18,72.31
STU02568,19,Male,Electronics,4,6.89,88.7,59.5,52.1,60.3,79.1,4.0,8,0,2,60.7,0,79.0,Low,62.75,0,74.28,71.39
STU02569,18,Female,Computer Science,2,4.73,44.9,34.1,35.7,41.9,40.7,3.0,33,1,1,43.0,1,39.9,High,38.1,2,59.2,43.02
STU02570,20,Female,Electronics,3,8.31,73.3,72.4,61.8,66.2,61.9,3.4,18,2,2,46.2,0,55.7,Medium,65.57,1,59.48,73.64
STU02571,20,Female,Management,3,9.66,68.7,83.9,69.5,76.7,85.4,3.5,17,1,3,60.8,0,82.3,Low,78.88,1,68.82,82.54
STU02572,20,Female,Computer Science,4,7.38,79.4,70.1,64.3,59.3,72.1,3.9,14,1,1,55.2,0,72.4,Low,66.45,1,68.58,72.26
STU02573,22,Male,Computer Science,8,7.34,62.4,74.4,82.9,69.9,70.5,2.5,21,5,4,47.0,0,65.5,Low,74.43,2,46.3,71.06
STU02574,21,Male,Computer Science,8,7.34,68.4,65.0,57.7,57.4,62.0,0.8,21,1,1,64.7,0,45.2,High,60.52,1,56.88,67.0
STU02575,19,Male,Computer Science,2,5.75,62.0,54.4,45.2,41.7,56.7,1.3,23,1,3,43.3,0,46.6,High,49.5,2,50.82,55.42
STU02576,20,Male,Management,4,7.89,88.3,77.9,71.1,63.8,70.2,2.3,8,2,2,83.7,0,73.4,Low,70.75,0,68.98,77.99
STU02577,19,Male,Civil,2,6.67,57.9,51.7,41.1,39.3,58.9,0.5,24,2,3,50.7,1,37.5,High,47.75,2,46.78,56.92
STU02578,19,Male,Management,2,6.2,76.2,59.5,30.3,43.7,49.5,1.5,15,1,3,41.2,0,65.5,Low,45.75,1,50.98,59.05
STU02579,20,Female,Electrical,4,9.32,92.2,85.5,72.2,78.3,84.2,5.3,5,0,3,72.9,0,92.8,Low,80.05,0,85.66,87.69
STU02580,22,Male,Civil,8,9.39,100.0,87.5,100.0,85.3,95.2,5.6,0,0,0,97.1,0,97.3,Low,92.0,0,96.84,94.66
STU02581,19,Male,Mechanical,3,5.0,35.6,34.7,45.6,41.7,48.2,1.8,42,4,1,36.0,0,25.7,High,42.55,2,41.4,43.42
STU02582,20,Male,Mechanical,6,8.15,94.0,70.2,85.3,83.0,76.2,3.1,4,1,2,55.4,0,74.5,Low,78.68,0,64.66,83.5
STU02583,19,Male,Civil,4,6.05,75.7,71.3,48.1,56.7,68.0,1.6,15,4,5,58.6,1,60.4,Medium,61.03,1,49.44,64.51
STU02584,21,Male,Civil,5,7.44,72.5,55.0,59.4,66.0,66.7,2.9,16,1,3,64.5,0,59.0,Medium,61.78,1,67.3,68.88
STU02585,21,Male,Mechanical,8,6.86,91.8,56.0,64.9,54.6,76.5,2.8,5,1,2,75.1,0,71.8,Low,63.0,0,71.04,72.16
STU02586,21,Male,Electronics,7,8.67,82.6,88.6,73.9,78.0,90.8,4.1,10,0,0,82.2,0,83.7,Low,82.82,0,83.38,84.12
STU02587,21,Other,Civil,7,7.7,87.6,72.4,67.4,60.3,61.6,4.1,8,1,1,76.9,0,78.0,Low,65.43,0,78.26,75.02
STU02588,19,Male,Computer Science,4,7.93,78.9,74.8,64.5,80.3,71.3,3.5,12,0,0,66.3,0,71.6,Low,72.73,1,74.02,76.57
STU02589,19,Male,Mechanical,2,7.14,86.5,72.1,78.3,68.5,68.3,4.4,8,0,1,59.9,1,72.9,Low,71.8,0,75.96,75.33
STU02590,21,Male,Mechanical,8,6.73,53.0,62.4,61.6,71.7,61.9,1.7,29,0,4,52.4,0,59.7,Medium,64.4,2,59.46,62.56
STU02591,21,Male,Mechanical,8,5.37,68.1,64.9,48.3,39.5,64.1,1.6,21,4,4,45.9,0,46.1,High,54.2,1,44.36,57.5
STU02592,21,Female,Mechanical,8,8.97,83.2,74.3,81.8,77.5,62.2,4.4,9,2,2,81.8,0,74.2,Low,73.95,0,78.72,81.78
STU02593,20,Male,Electrical,5,7.01,76.1,74.8,61.8,68.8,60.6,3.9,15,1,2,60.5,0,72.6,Low,66.5,1,70.7,70.16
STU02594,19,Female,Electrical,3,7.2,78.6,78.3,54.7,66.9,57.5,3.2,14,2,2,60.2,0,61.8,Medium,64.35,1,64.08,70.59
STU02595,19,Female,Electronics,3,5.4,59.2,48.0,36.5,32.3,48.2,2.7,28,3,4,39.3,4,39.9,High,41.25,2,50.22,50.2
STU02596,20,Female,Electronics,4,6.25,68.6,68.7,51.1,52.3,60.4,2.4,21,1,3,59.9,1,59.5,Medium,58.13,1,62.96,62.28
STU02597,19,Male,Computer Science,4,8.08,89.6,84.0,72.3,71.2,88.6,3.0,7,1,2,84.8,0,77.7,Low,79.03,0,75.92,82.29
STU02598,20,Male,Computer Science,3,6.64,89.3,63.2,72.8,69.2,63.6,3.7,7,1,3,74.1,0,81.7,Low,67.2,0,75.14,72.44
STU02599,21,Male,Computer Science,8,5.46,72.7,62.7,47.1,23.6,70.1,3.5,18,0,5,50.7,0,52.0,Medium,50.88,1,67.78,57.64
STU02600,20,Female,Electrical,6,7.7,85.7,64.2,67.1,69.2,77.5,4.0,9,1,3,59.5,1,82.8,Low,69.5,0,70.8,76.18
STU02601,19,Male,Electrical,3,7.39,83.6,59.5,50.6,56.2,69.4,3.4,11,0,4,54.7,1,53.1,Medium,58.92,0,68.88,70.34
STU02602,21,Female,Computer Science,6,8.61,88.2,87.7,86.8,81.7,88.1,3.8,8,0,3,87.4,0,87.8,Low,86.07,0,83.96,86.62
STU02603,20,Male,Management,6,6.68,73.5,68.9,59.9,62.4,53.6,1.6,15,2,2,48.5,1,62.7,Medium,61.2,1,51.4,66.24
STU02604,21,Male,Electronics,5,6.9,84.1,68.0,58.9,60.3,64.5,2.9,9,0,1,41.9,0,66.3,Low,62.92,0,61.26,70.34
STU02605,22,Male,Electrical,8,8.64,85.6,78.9,70.8,82.4,76.0,4.2,9,0,2,100.0,0,77.5,Low,77.03,0,91.0,82.45
STU02606,21,Male,Mechanical,8,7.15,53.9,49.5,41.9,44.3,58.5,1.6,30,3,1,46.8,2,49.0,High,48.55,2,47.72,57.92
STU02607,20,Female,Civil,5,6.3,79.4,67.4,63.3,60.6,63.6,4.1,14,1,1,67.9,2,71.6,Low,63.72,1,74.66,67.39
STU02608,21,Female,Electronics,5,6.82,53.1,61.4,67.0,40.2,56.6,0.8,31,3,2,40.1,0,58.3,Medium,56.3,2,41.04,59.66
STU02609,19,Male,Computer Science,3,7.7,76.7,67.6,67.3,47.9,67.1,2.5,16,0,3,66.7,0,60.7,Medium,62.47,1,69.18,71.11
STU02610,22,Male,Computer Science,7,5.71,58.1,44.3,36.8,50.2,61.5,1.2,28,3,2,32.6,2,37.3,High,48.2,2,40.04,53.79
STU02611,21,Female,Civil,8,5.0,97.0,56.8,72.2,43.5,62.5,4.3,2,0,1,65.3,1,61.9,Medium,58.75,0,77.62,65.25
STU02612,21,Male,Management,6,8.48,74.2,65.2,65.3,54.5,63.1,3.3,17,1,4,64.1,0,66.0,Low,62.02,1,69.14,73.04
STU02613,20,Female,Civil,3,6.25,60.1,56.9,46.9,49.4,63.1,1.5,24,0,1,43.7,0,55.1,Medium,54.08,2,54.98,58.53
STU02614,21,Male,Electrical,5,6.24,72.5,52.4,52.9,49.7,61.7,1.6,16,1,3,43.6,0,59.9,Medium,54.18,1,52.44,61.64
STU02615,22,Female,Computer Science,7,5.38,66.8,39.4,39.3,40.7,63.2,1.5,20,4,3,45.1,0,39.6,High,45.65,1,43.54,53.79
STU02616,19,Female,Electrical,2,6.14,65.7,65.2,63.5,54.4,62.3,2.9,23,2,2,50.3,0,65.6,Low,61.35,1,58.62,62.46
STU02617,21,Male,Electrical,6,6.33,72.2,58.0,47.9,56.1,68.4,2.6,19,0,4,56.5,0,52.3,Medium,57.6,1,65.6,63.24
STU02618,21,Female,Electronics,6,5.61,56.4,40.8,61.8,65.3,60.5,3.0,24,4,4,29.5,0,51.2,Medium,57.1,2,44.8,56.58
STU02619,20,Male,Mechanical,5,6.93,64.9,71.1,54.1,41.1,64.8,2.9,23,1,1,58.5,0,48.4,High,57.77,2,64.9,63.59
STU02620,20,Male,Computer Science,6,8.55,76.0,85.5,75.0,61.5,85.9,4.7,15,0,2,63.9,0,87.9,Low,76.97,1,79.06,79.72
STU02621,22,Female,Computer Science,8,6.25,85.6,74.6,57.1,56.8,72.9,2.7,8,0,1,68.5,0,69.3,Low,65.35,0,70.9,69.41
STU02622,18,Male,Computer Science,2,6.38,81.5,72.7,59.1,54.6,67.2,4.6,10,0,4,63.2,0,78.4,Low,63.4,0,78.28,68.06
STU02623,20,Male,Civil,5,9.12,92.8,86.4,78.0,62.9,69.8,4.0,4,0,3,66.4,0,84.1,Low,74.28,0,76.56,84.83
STU02624,22,Female,Electrical,7,7.18,84.6,79.3,64.5,70.6,72.4,5.0,9,2,0,63.4,1,76.0,Low,71.7,0,74.36,74.96
STU02625,21,Female,Computer Science,7,6.24,63.5,51.8,50.4,35.5,42.6,2.8,24,2,2,29.9,2,34.8,High,45.08,2,49.96,55.74
STU02626,20,Male,Management,5,6.84,87.8,62.4,57.8,60.1,65.3,3.7,8,2,0,69.1,0,78.0,Low,61.4,0,70.14,70.45
STU02627,22,Female,Electrical,8,7.57,69.0,64.2,90.9,80.5,71.8,2.7,20,0,4,72.3,0,81.1,Low,76.85,1,72.42,74.49
STU02628,19,Male,Mechanical,4,8.46,76.1,69.0,79.8,75.4,81.0,3.2,16,0,0,59.8,0,77.5,Low,76.3,1,69.92,79.16
STU02629,21,Female,Management,5,6.47,68.8,50.4,56.4,50.9,58.8,1.6,18,2,2,42.2,0,54.3,Medium,54.12,1,48.88,61.5
STU02630,21,Male,Management,7,7.02,95.6,69.4,64.7,61.0,87.3,4.3,3,1,0,61.2,0,73.6,Low,70.6,0,72.98,76.71
STU02631,20,Female,Computer Science,5,7.04,75.2,66.9,70.4,63.1,72.3,2.7,16,2,2,69.9,1,63.2,Medium,68.18,1,65.46,70.71
STU02632,20,Male,Management,4,6.4,86.3,77.8,61.2,57.7,56.8,3.6,9,1,2,72.1,1,60.5,Medium,63.38,0,73.84,69.32
STU02633,20,Male,Electronics,5,6.79,67.8,50.0,58.8,51.3,70.6,0.8,20,0,0,53.9,0,52.9,Medium,57.68,1,55.56,63.78
STU02634,21,Female,Computer Science,6,8.14,89.0,73.2,62.8,55.0,80.7,3.8,7,1,1,77.7,0,76.3,Low,67.92,0,77.08,77.91
STU02635,22,Male,Computer Science,8,7.74,75.7,62.1,73.1,77.7,60.7,3.1,14,2,3,66.7,0,83.5,Low,68.4,1,66.18,73.38
STU02636,20,Male,Civil,6,8.1,87.1,73.4,89.2,90.4,83.1,3.4,7,1,1,70.5,0,79.6,Low,84.02,0,72.2,83.74
STU02637,20,Male,Management,3,6.55,87.7,71.3,60.2,68.8,76.1,3.0,7,2,1,72.7,0,65.6,Low,69.1,0,68.08,72.49
STU02638,18,Female,Electronics,2,6.47,80.1,62.7,60.8,38.9,54.4,2.7,11,1,1,80.5,0,66.9,Low,54.2,0,72.7,64.35
STU02639,22,Male,Mechanical,8,6.91,85.2,71.2,71.0,79.1,66.4,4.1,9,0,2,77.9,0,77.1,Low,71.92,0,81.66,74.26
STU02640,19,Female,Electronics,4,6.1,80.9,57.3,52.7,45.0,65.2,2.1,13,3,4,56.3,1,51.0,Medium,55.05,0,54.02,63.6
STU02641,20,Male,Electrical,3,8.05,90.5,81.6,68.0,84.9,75.7,5.6,6,1,1,73.0,0,93.0,Low,77.55,0,84.2,81.82
STU02642,19,Female,Computer Science,3,7.39,77.6,73.0,63.4,57.2,86.9,4.6,15,0,3,76.4,0,77.8,Low,70.12,1,83.56,73.32
STU02643,19,Female,Mechanical,2,5.65,62.5,63.1,55.4,36.9,63.1,2.3,22,1,1,55.4,2,54.1,Medium,54.62,2,60.66,57.25
STU02644,20,Male,Mechanical,3,4.87,48.0,42.9,52.8,40.9,55.2,0.6,34,1,5,31.7,0,39.1,High,47.95,2,42.68,48.22
STU02645,21,Female,Computer Science,7,8.71,94.8,84.4,97.7,76.3,89.7,5.0,3,0,1,72.9,0,100.0,Low,87.02,0,84.16,89.0
STU02646,20,Male,Management,6,6.7,72.6,61.2,62.4,54.0,58.6,2.3,18,0,1,50.5,0,71.0,Low,59.05,1,61.7,65.22
STU02647,20,Male,Management,6,8.8,91.0,83.6,79.5,87.1,77.3,5.0,5,1,2,68.0,0,92.9,Low,81.88,0,79.2,86.3
STU02648,19,Female,Mechanical,2,6.69,76.7,79.7,66.5,65.7,80.2,4.4,11,1,1,54.8,1,70.4,Low,73.02,1,70.92,71.8
STU02649,21,Female,Civil,6,7.23,78.1,63.4,55.6,54.3,64.6,2.4,13,1,1,55.5,0,70.7,Low,59.48,1,61.2,68.62
STU02650,21,Female,Electrical,8,9.93,80.0,83.5,91.0,100.0,92.2,3.0,13,0,2,68.3,0,90.0,Low,91.68,0,72.32,91.42
STU02651,21,Female,Computer Science,8,6.01,73.5,53.7,58.7,36.9,57.2,1.9,17,1,1,62.3,1,53.5,Medium,51.62,1,61.42,60.06
STU02652,19,Male,Computer Science,4,5.6,88.4,56.3,57.3,37.6,55.7,2.3,8,1,1,73.1,0,70.4,Low,51.72,0,67.74,62.39
STU02653,20,Female,Civil,6,7.48,75.5,71.7,89.0,96.1,70.7,3.9,14,0,4,73.2,1,84.3,Low,81.87,1,78.78,77.8
STU02654,20,Male,Mechanical,4,6.09,59.5,50.9,42.6,48.2,57.8,1.5,25,4,0,30.0,1,39.5,High,49.88,2,37.5,56.14
STU02655,22,Female,Civil,8,6.34,68.2,52.4,52.1,49.9,69.5,2.4,20,1,2,53.9,1,47.4,High,55.98,1,60.56,61.63
STU02656,21,Female,Mechanical,8,6.36,75.7,57.0,54.8,55.5,67.1,2.8,16,2,2,65.7,0,56.8,Medium,58.6,1,64.28,64.62
STU02657,19,Male,Civil,3,6.23,76.8,38.5,50.5,64.6,64.8,2.8,13,1,2,47.9,0,55.3,Medium,54.6,1,60.16,62.84
STU02658,20,Female,Computer Science,5,6.32,62.1,57.6,48.9,45.1,43.0,1.1,25,5,3,46.3,0,42.6,High,48.65,2,39.02,57.1
STU02659,19,Female,Computer Science,3,5.81,84.2,80.3,68.5,70.5,69.7,3.3,9,1,0,73.4,0,60.8,Medium,72.25,0,72.86,70.28
STU02660,20,Female,Computer Science,6,8.27,90.5,78.8,74.5,61.2,76.1,3.9,6,2,1,54.7,1,66.6,Low,72.65,0,65.38,80.63
STU02661,20,Female,Electronics,4,5.9,72.9,49.3,50.9,41.1,51.3,2.7,16,3,3,59.1,1,51.5,Medium,48.15,1,58.14,58.14
STU02662,21,Female,Electrical,6,5.4,76.2,53.4,64.1,45.5,66.7,2.6,15,1,2,56.7,0,50.4,Medium,57.42,1,62.68,60.92
STU02663,22,Female,Electrical,8,7.51,74.7,53.5,63.9,49.8,61.0,3.0,15,1,0,47.4,0,65.8,Low,57.05,1,60.96,67.78
STU02664,21,Male,Electronics,8,5.82,80.8,62.9,45.1,45.2,57.0,2.3,11,0,0,58.6,0,65.4,Low,52.55,0,64.94,61.59
STU02665,19,Female,Mechanical,3,5.59,76.7,75.5,36.8,48.6,73.0,3.1,16,1,2,59.8,0,68.1,Low,58.48,1,66.42,62.13
STU02666,19,Male,Electronics,2,5.97,53.6,50.7,61.8,53.8,64.6,0.2,32,2,2,43.5,1,49.7,High,57.72,2,42.4,57.38
STU02667,21,Male,Mechanical,7,6.64,65.7,67.2,57.0,59.3,73.5,2.3,24,1,1,60.8,0,62.7,Medium,64.25,1,62.82,65.36
STU02668,19,Other,Management,2,7.56,84.6,70.4,62.0,48.9,67.3,2.5,9,0,1,68.2,0,55.4,Medium,62.15,0,69.78,72.47
STU02669,20,Female,Computer Science,4,6.56,80.6,57.7,58.4,53.2,68.8,3.0,12,0,2,48.9,1,50.0,Medium,59.53,0,64.56,66.92
STU02670,22,Female,Electrical,8,5.03,68.2,68.0,51.0,48.1,67.0,3.0,18,2,0,52.9,0,60.9,Medium,58.52,1,60.16,58.06
STU02671,20,Male,Computer Science,5,8.54,86.6,83.2,66.1,69.5,81.5,4.9,9,1,1,68.6,0,86.2,Low,75.08,0,78.94,81.57
STU02672,19,Male,Electronics,2,8.67,82.5,71.2,69.2,76.5,80.0,5.0,12,1,1,75.2,0,88.7,Low,74.22,0,82.08,80.66
STU02673,21,Female,Civil,8,5.91,94.6,78.0,67.8,67.3,81.5,3.9,4,0,1,84.0,0,76.3,Low,73.65,0,83.1,73.8
STU02674,21,Male,Electrical,6,7.94,98.3,76.4,81.2,78.1,73.4,3.7,1,2,1,78.6,0,76.5,Low,77.28,0,73.94,83.28
STU02675,19,Male,Mechanical,4,6.81,71.8,61.4,48.9,50.2,56.9,3.1,16,1,3,50.0,0,65.5,Low,54.35,1,62.5,63.53
STU02676,21,Male,Management,6,7.07,58.6,70.4,64.4,69.2,71.7,2.7,27,0,5,56.5,0,73.5,Low,68.92,2,66.1,66.96
STU02677,20,Female,Electrical,6,7.23,66.5,62.2,71.2,79.2,61.2,0.9,21,1,6,59.5,0,60.4,Medium,68.45,1,55.3,69.31
STU02678,20,Male,Mechanical,5,7.05,77.0,74.2,64.3,74.6,83.0,3.0,15,0,3,70.4,0,65.8,Low,74.03,1,73.16,73.54
STU02679,21,Male,Electronics,8,4.43,55.5,36.7,42.7,34.8,42.6,0.5,27,2,2,35.5,3,21.5,High,39.2,2,40.7,45.06
STU02680,22,Female,Electronics,7,7.61,87.2,75.1,76.4,65.9,79.5,4.9,8,3,3,70.9,1,65.2,Low,74.22,0,73.86,78.12
STU02681,19,Male,Mechanical,3,8.61,82.8,68.9,78.8,64.4,81.3,3.6,10,1,1,54.8,0,79.5,Low,73.35,0,66.92,80.18
STU02682,22,Female,Civil,8,5.93,78.3,67.6,59.0,56.6,59.9,3.0,13,1,1,60.4,0,70.1,Low,60.78,1,66.16,64.64
STU02683,21,Female,Electronics,8,8.53,92.8,82.6,89.6,65.5,87.4,5.3,5,0,0,85.8,0,100.0,Low,81.28,0,90.82,85.56
STU02684,18,Female,Electronics,2,6.38,76.0,67.0,52.5,60.6,57.4,4.2,16,2,0,34.1,2,53.7,Medium,59.38,1,58.64,65.08
STU02685,20,Male,Computer Science,4,6.17,95.0,69.3,55.1,48.5,85.8,4.0,3,0,1,82.6,1,59.0,Medium,64.68,0,83.04,71.22
STU02686,21,Male,Computer Science,6,6.94,89.7,66.9,68.7,61.9,64.4,2.0,6,2,3,66.5,1,69.7,Low,65.48,0,60.6,72.9
STU02687,22,Male,Mechanical,8,5.25,58.1,53.0,34.9,28.6,39.8,0.9,26,2,0,37.7,3,28.1,High,39.08,2,43.58,48.53
STU02688,21,Female,Electrical,7,7.06,69.8,57.3,55.0,43.6,47.1,1.2,20,1,0,34.9,1,64.9,Medium,50.75,1,46.96,62.46
STU02689,21,Male,Electrical,6,7.97,85.8,70.6,70.7,80.0,70.0,3.0,8,0,1,72.7,0,85.0,Low,72.82,0,74.08,78.48
STU02690,20,Male,Management,4,5.05,66.3,41.3,43.3,43.0,61.1,3.6,21,2,1,71.8,1,50.8,Medium,47.18,1,70.72,53.12
STU02691,18,Male,Civil,2,5.58,70.1,47.8,45.6,48.2,44.9,1.0,21,2,3,41.1,3,31.3,High,46.63,1,45.44,55.7
STU02692,21,Other,Computer Science,8,6.29,70.0,49.1,34.0,32.3,61.3,1.5,20,2,1,46.6,0,46.4,High,44.18,1,50.14,57.18
STU02693,20,Female,Civil,5,6.41,73.8,62.7,59.8,69.2,67.9,3.4,15,1,2,55.5,1,70.8,Low,64.9,1,66.2,66.84
STU02694,20,Male,Electrical,5,5.89,65.2,61.7,41.9,52.8,55.2,2.3,23,1,3,60.3,0,56.4,Medium,52.9,1,62.62,58.07
STU02695,22,Female,Civil,8,8.77,95.6,75.2,77.3,86.4,82.2,5.3,3,0,0,85.3,0,77.8,Low,80.28,0,90.62,86.7
STU02696,19,Male,Mechanical,3,7.62,86.2,72.3,77.8,53.0,72.0,3.9,9,1,0,77.0,0,93.6,Low,68.78,0,77.3,75.73
STU02697,19,Female,Mechanical,3,6.94,89.7,66.6,70.1,73.8,84.0,4.7,7,0,3,71.8,0,81.0,Low,73.62,0,82.22,76.17
STU02698,21,Other,Computer Science,7,6.57,64.8,61.4,67.6,59.9,54.0,1.7,23,0,1,67.6,0,66.2,Low,60.72,2,65.54,63.48
STU02699,19,Female,Computer Science,3,7.9,87.4,70.6,74.6,67.6,82.6,3.6,8,0,3,63.6,0,83.3,Low,73.85,0,73.44,79.04
STU02700,21,Female,Computer Science,8,6.23,56.6,64.9,29.2,43.5,47.9,1.3,25,1,5,52.4,1,43.2,High,46.38,2,54.46,54.5
STU02701,22,Male,Electronics,8,7.02,71.5,74.2,74.0,60.4,67.0,2.0,19,2,5,63.8,1,72.0,Low,68.9,1,59.52,70.0
STU02702,18,Male,Management,2,5.27,58.4,58.3,46.5,30.5,55.1,3.1,25,2,3,38.2,0,43.8,High,47.6,2,54.78,52.08
STU02703,21,Female,Computer Science,5,7.85,65.7,63.8,66.3,60.1,75.0,4.2,21,1,2,80.9,0,73.7,Low,66.3,1,80.36,70.42
STU02704,22,Female,Computer Science,7,8.26,91.8,82.4,76.4,79.3,98.0,5.3,5,0,0,87.6,0,100.0,Low,84.02,0,91.54,85.47
STU02705,20,Male,Electrical,5,6.59,63.9,55.3,44.7,70.8,62.8,2.5,20,0,0,55.5,0,53.5,Medium,58.4,2,64.7,62.4
STU02706,19,Male,Management,3,6.71,65.5,74.3,59.6,64.9,53.8,1.5,23,0,2,51.3,0,60.8,Medium,63.15,1,58.02,65.12
STU02707,18,Male,Mechanical,2,6.71,83.2,73.6,70.4,65.9,84.6,4.2,11,1,1,67.4,0,74.4,Low,73.62,0,74.96,73.74
STU02708,19,Male,Electronics,2,3.73,56.7,39.3,29.2,23.4,51.0,0.9,25,2,3,42.5,2,35.3,High,35.72,2,45.5,41.52
STU02709,20,Female,Electronics,3,6.97,76.1,67.8,55.7,78.4,68.2,2.4,16,0,2,70.3,0,79.8,Low,67.53,1,70.12,70.43
STU02710,20,Male,Civil,3,6.75,68.5,51.1,59.4,62.0,79.2,2.9,20,0,0,49.2,0,63.0,Medium,62.92,1,64.18,65.92
STU02711,19,Female,Electrical,4,5.72,60.3,55.7,64.6,59.0,50.3,3.0,24,1,4,69.0,1,49.0,High,57.4,2,69.6,58.06
STU02712,21,Male,Computer Science,7,7.4,69.7,66.7,75.4,55.8,69.2,4.1,18,1,2,61.5,0,73.1,Low,66.78,1,72.1,70.04
STU02713,20,Female,Management,5,6.63,89.2,78.4,73.5,65.6,66.1,4.4,7,0,1,58.9,0,76.2,Low,70.9,0,75.56,73.86
STU02714,18,Female,Civil,2,5.42,74.3,64.3,66.6,36.5,58.4,4.0,15,1,2,65.8,1,62.4,Medium,56.45,1,73.32,60.12
STU02715,19,Female,Civil,2,6.86,59.2,60.1,64.4,72.1,52.2,3.0,25,1,4,48.6,0,62.1,Medium,62.2,2,61.44,63.69
STU02716,18,Female,Computer Science,2,7.35,95.5,73.2,77.9,58.8,75.8,4.4,3,1,0,55.4,1,76.1,Low,71.43,0,71.16,78.17
STU02717,20,Male,Management,4,7.58,65.2,40.4,61.1,54.3,65.2,3.6,21,1,1,72.2,0,60.8,Medium,55.25,1,73.88,64.93
STU02718,21,Male,Mechanical,7,7.51,93.1,87.7,67.7,62.2,76.7,3.3,4,0,0,99.2,0,82.3,Low,73.58,0,86.18,78.99
STU02719,18,Female,Electronics,2,8.9,88.2,79.2,88.7,75.1,67.8,5.0,8,0,0,84.4,0,92.3,Low,77.7,0,88.76,84.28
STU02720,19,Female,Electronics,4,6.13,68.9,58.3,43.0,52.3,64.8,2.8,19,4,3,59.9,0,41.3,High,54.6,1,55.96,60.52
STU02721,20,Female,Electronics,5,6.58,56.7,73.2,60.1,56.4,58.8,2.1,27,2,3,51.0,1,45.5,High,62.12,2,54.9,62.05
STU02722,20,Female,Computer Science,3,8.43,100.0,83.4,81.6,84.8,100.0,4.9,0,0,0,95.2,0,100.0,Low,87.45,0,92.58,89.48
STU02723,18,Male,Computer Science,2,5.15,70.0,54.7,48.3,46.1,53.0,2.7,18,3,3,59.5,0,41.1,High,50.52,1,58.3,55.74
STU02724,20,Male,Computer Science,3,6.74,68.1,68.8,64.5,48.8,62.7,3.0,19,1,0,58.0,2,54.7,Medium,61.2,1,65.2,65.1
STU02725,19,Female,Mechanical,3,6.34,84.4,75.3,61.7,62.5,69.6,3.1,9,1,1,63.9,0,69.0,Low,67.28,0,68.06,70.2
STU02726,21,Female,Civil,7,6.81,84.1,67.7,61.3,59.2,60.1,4.0,11,1,3,64.5,0,60.9,Medium,62.08,0,72.8,69.69
STU02727,22,Female,Civil,8,5.73,100.0,75.7,63.0,48.3,76.6,4.6,0,1,1,56.3,0,67.3,Low,65.9,0,72.52,71.42
STU02728,21,Female,Mechanical,6,6.11,75.7,57.3,61.8,56.5,56.0,1.9,16,1,2,61.4,2,62.4,Medium,57.9,1,61.06,63.47
STU02729,22,Female,Computer Science,7,8.49,96.8,86.8,71.7,84.6,78.0,4.6,2,0,0,75.1,0,85.9,Low,80.28,0,83.04,86.02
STU02730,21,Female,Electronics,7,5.06,48.9,50.7,42.7,19.1,56.9,2.3,31,2,2,47.6,1,43.6,High,42.35,2,54.54,46.88
STU02731,22,Male,Civil,8,5.54,65.0,60.3,49.6,59.3,64.2,3.9,22,0,0,63.9,0,63.6,Medium,58.35,1,75.06,58.98
STU02732,19,Female,Electrical,2,5.2,68.0,57.6,49.8,53.7,59.1,2.2,22,2,4,31.6,1,42.0,High,55.05,1,47.64,57.22
STU02733,22,Male,Electronics,8,8.88,99.5,75.7,78.1,71.7,73.6,4.9,0,0,2,77.2,0,100.0,Low,74.78,0,85.38,85.86
STU02734,21,Male,Management,5,6.16,88.0,59.2,66.6,47.8,70.4,2.5,7,2,2,63.3,0,55.6,Medium,61.0,0,61.82,67.96
STU02735,21,Female,Electrical,5,6.79,70.5,55.1,60.0,69.6,59.1,3.3,17,2,3,49.8,0,65.8,Low,60.95,1,60.42,65.77
STU02736,21,Male,Electrical,7,5.68,63.5,53.8,61.5,57.1,47.8,1.5,23,2,2,49.4,2,44.3,High,55.05,2,51.26,57.78
STU02737,21,Male,Civil,5,5.79,76.7,71.6,48.2,54.6,67.7,2.1,10,2,1,58.9,0,54.4,Medium,60.53,1,58.06,63.65
STU02738,20,Female,Electronics,3,8.07,88.1,77.0,64.4,66.3,73.2,4.5,7,0,2,76.4,1,85.0,Low,70.22,0,83.06,78.36
STU02739,18,Other,Management,2,8.99,84.1,84.4,80.2,90.9,82.3,4.4,9,0,1,68.2,0,100.0,Low,84.45,0,79.28,86.27
STU02740,20,Male,Management,3,7.61,93.3,69.8,82.4,70.6,86.7,4.7,5,0,3,58.1,0,95.7,Low,77.38,0,76.74,80.91
STU02741,19,Female,Electrical,2,6.3,92.6,64.2,45.6,46.7,61.6,2.4,5,2,1,50.2,0,57.0,Medium,54.52,0,56.08,67.01
STU02742,19,Female,Management,4,7.27,88.4,70.9,55.2,75.9,60.9,1.6,7,1,4,69.6,0,66.6,Low,65.72,0,62.84,73.83
STU02743,22,Male,Management,7,5.62,69.9,52.8,41.0,49.3,50.4,1.9,19,0,2,44.5,0,35.6,High,48.38,1,57.3,56.5
STU02744,19,Female,Electrical,4,4.55,44.6,52.6,61.8,35.6,48.7,2.0,30,2,2,58.5,3,32.3,High,49.68,2,57.4,46.94
STU02745,21,Female,Computer Science,6,7.96,81.8,66.2,62.5,64.3,72.7,1.5,12,0,2,59.0,0,61.3,Medium,66.42,0,61.1,74.88
STU02746,20,Female,Mechanical,3,7.36,58.1,58.9,66.1,73.9,63.6,1.6,25,2,2,31.2,0,59.7,Medium,65.62,2,44.48,66.54
STU02747,20,Female,Mechanical,6,8.37,100.0,90.3,74.5,70.4,100.0,4.1,0,0,0,92.8,0,94.0,Low,83.8,0,87.62,87.82
STU02748,21,Other,Electrical,8,7.04,86.0,60.4,44.8,67.5,78.1,3.2,8,1,1,70.1,0,58.8,Medium,62.7,0,71.04,71.22
STU02749,20,Female,Mechanical,4,5.72,79.5,65.1,66.9,52.0,58.1,3.8,13,1,2,51.9,0,65.3,Low,60.52,1,66.76,64.1
STU02750,20,Male,Mechanical,5,6.36,56.7,43.5,64.6,53.8,51.7,1.3,26,2,0,51.3,1,52.8,Medium,53.4,2,51.02,57.8
STU02751,22,Female,Management,8,6.33,59.7,54.8,57.1,58.1,69.9,1.3,27,2,4,47.9,0,58.5,Medium,59.98,2,49.66,61.07
STU02752,21,Female,Electronics,6,5.72,72.5,71.9,58.2,56.9,72.4,3.1,18,2,1,50.0,0,61.0,Medium,64.85,1,59.5,64.09
STU02753,19,Male,Computer Science,4,5.63,90.8,68.4,52.7,48.5,77.0,2.4,5,2,0,72.0,0,56.0,Medium,61.65,0,64.8,67.06
STU02754,18,Female,Civil,2,6.53,73.7,68.6,51.6,48.1,61.8,3.0,17,1,3,49.0,1,53.5,Medium,57.52,1,61.6,64.29
STU02755,21,Female,Electronics,8,8.77,99.1,87.2,87.9,79.8,80.2,5.0,1,1,3,61.9,1,99.9,Low,83.78,0,76.76,88.98
STU02756,20,Male,Computer Science,6,5.44,75.9,62.5,46.3,51.4,43.5,2.0,13,1,2,46.9,0,45.3,High,50.92,1,55.76,58.38
STU02757,19,Male,Civil,2,7.5,75.8,69.1,71.9,67.4,74.3,3.1,14,0,2,70.5,0,68.7,Low,70.68,1,73.7,73.47
STU02758,21,Female,Management,5,7.48,92.6,83.4,67.3,56.3,73.1,4.0,4,1,1,73.4,0,87.9,Low,70.03,0,76.36,77.34
STU02759,21,Male,Electronics,8,7.1,80.7,85.5,71.8,66.1,66.4,2.9,13,1,1,55.7,0,72.1,Low,72.45,0,63.78,74.0
STU02760,21,Female,Electronics,8,7.99,74.8,68.3,77.0,58.9,77.3,2.8,14,1,2,63.8,0,77.7,Low,70.38,1,66.52,74.82
STU02761,20,Male,Mechanical,3,7.19,91.8,60.6,62.8,41.5,69.6,2.8,6,1,1,67.7,1,67.7,Low,58.62,0,68.08,71.56
STU02762,20,Female,Civil,4,4.66,71.7,49.0,48.1,36.1,61.4,2.5,17,2,6,42.9,1,47.9,High,48.65,1,53.66,53.69
STU02763,21,Female,Electronics,8,7.43,80.6,72.2,68.6,70.6,69.3,3.4,11,1,1,69.5,0,71.1,Low,70.18,0,71.8,74.22
STU02764,22,Male,Electronics,7,7.31,74.7,57.0,73.7,67.6,74.9,2.9,16,1,0,57.0,1,70.6,Low,68.3,1,64.3,71.58
STU02765,20,Female,Civil,5,6.46,84.8,65.7,71.4,56.6,62.6,3.5,11,1,1,87.0,1,62.8,Medium,64.08,0,79.3,69.44
STU02766,19,Male,Management,4,6.47,71.4,59.9,61.8,58.3,57.2,3.1,17,2,4,66.7,1,55.4,Medium,59.3,1,66.18,64.22
STU02767,21,Male,Electronics,7,5.38,70.7,54.9,47.5,44.3,59.5,3.4,16,2,3,60.7,0,34.2,High,51.55,1,65.28,57.12
STU02768,21,Female,Mechanical,6,8.76,79.8,93.7,82.9,70.2,94.3,4.2,14,2,2,56.1,0,91.5,Low,85.28,1,67.44,84.72
STU02769,21,Male,Electrical,5,7.45,79.7,74.1,75.2,83.1,74.8,1.8,13,4,2,67.0,0,64.3,Medium,76.8,1,53.8,76.72
STU02770,22,Female,Computer Science,8,8.24,89.5,64.4,66.6,71.0,74.1,3.4,6,0,2,72.9,0,69.6,Low,69.03,0,76.16,78.82
STU02771,19,Female,Electrical,4,7.49,78.5,98.0,74.3,77.4,83.5,3.3,13,0,5,47.1,0,80.0,Low,83.3,1,65.34,79.16
STU02772,20,Male,Electronics,6,7.8,94.5,77.0,91.0,65.9,76.5,4.1,4,1,1,65.1,0,81.6,Low,77.6,0,73.54,81.96
STU02773,19,Male,Computer Science,2,7.34,74.8,50.9,61.3,40.6,59.4,2.2,17,0,3,49.9,0,69.7,Low,53.05,1,60.96,65.61
STU02774,21,Female,Computer Science,6,5.63,56.4,47.4,43.6,51.4,58.2,1.6,30,0,5,54.5,0,39.1,High,50.15,2,59.8,53.86
STU02775,20,Male,Computer Science,5,5.68,71.5,44.1,47.2,39.6,57.7,1.9,17,1,2,52.4,2,46.1,High,47.15,1,57.46,56.62
STU02776,22,Female,Electrical,8,9.56,60.9,66.4,86.4,94.9,69.8,2.7,25,2,2,52.7,0,78.2,Low,79.38,2,58.58,80.44
STU02777,19,Male,Civil,4,7.93,85.6,78.2,65.4,57.8,76.8,3.0,9,0,2,58.9,0,85.2,Low,69.55,0,68.56,76.97
STU02778,22,Female,Electrical,8,6.43,59.5,35.9,43.8,50.2,45.7,1.3,26,1,2,27.0,0,52.1,Medium,43.9,2,44.3,54.94
STU02779,21,Male,Electrical,6,6.9,91.7,78.7,57.3,71.6,71.2,2.8,5,0,1,51.0,0,86.2,Low,69.7,0,64.4,74.96
STU02780,19,Male,Electronics,3,6.02,74.1,64.4,50.4,51.6,59.8,2.4,17,2,2,48.8,0,65.8,Low,56.55,1,55.52,62.22
STU02781,19,Female,Management,3,8.34,99.8,74.6,90.4,74.1,79.1,2.3,0,0,4,62.7,0,89.7,Low,79.55,0,66.58,85.96
STU02782,19,Male,Management,3,7.37,77.7,70.0,52.9,39.4,51.6,3.0,14,1,2,60.2,0,64.0,Medium,53.48,1,66.08,66.61
STU02783,20,Female,Electronics,4,7.85,76.6,63.5,75.0,54.7,73.5,3.2,14,2,2,69.9,0,63.3,Medium,66.68,1,67.96,73.29
STU02784,21,Male,Electrical,5,7.11,47.9,50.6,58.0,56.6,66.9,1.7,35,0,3,42.6,2,60.2,Medium,58.02,2,55.54,60.07
STU02785,21,Male,Electrical,8,7.33,82.8,70.8,61.4,52.2,79.0,1.7,12,1,3,53.3,0,81.9,Low,65.85,0,56.82,72.69
STU02786,22,Male,Mechanical,8,7.17,76.3,68.1,69.2,62.2,81.3,3.9,15,1,3,63.7,0,79.7,Low,70.2,1,71.98,72.25
STU02787,20,Female,Computer Science,6,7.77,89.4,72.7,57.7,60.3,77.7,4.5,7,1,0,68.3,0,75.9,Low,67.1,0,76.82,76.38
STU02788,21,Female,Electronics,5,7.02,99.4,76.0,82.8,55.4,94.6,5.5,0,0,2,71.8,0,80.4,Low,77.2,0,86.22,80.3
STU02789,21,Male,Management,6,6.45,67.9,61.5,53.7,36.4,50.4,1.4,21,2,2,41.3,1,59.5,Medium,50.5,1,47.52,59.75
STU02790,19,Female,Civil,4,5.71,67.8,69.0,64.0,40.4,57.4,2.7,20,0,3,60.8,1,50.8,Medium,57.7,1,67.82,60.02
STU02791,19,Female,Electrical,3,8.03,68.0,70.5,68.0,71.6,70.7,2.9,19,0,3,62.1,1,74.0,Low,70.2,1,69.34,73.18
STU02792,21,Male,Management,5,6.92,79.7,72.8,72.1,58.6,81.6,2.8,12,1,2,66.4,0,70.0,Low,71.27,1,67.56,72.66
STU02793,22,Male,Computer Science,7,6.43,69.6,70.0,66.0,54.5,72.2,4.2,20,1,1,65.1,1,60.6,Medium,65.68,1,74.04,66.18
STU02794,18,Male,Management,2,6.92,82.0,58.1,57.5,54.4,49.4,2.9,12,1,5,66.7,0,66.3,Low,54.85,0,68.18,66.66
STU02795,18,Male,Mechanical,2,7.35,89.6,84.2,67.4,72.4,70.8,2.8,6,0,1,67.0,0,85.5,Low,73.7,0,70.8,77.6
STU02796,19,Female,Electrical,3,8.0,95.3,87.3,68.1,78.7,86.5,4.5,3,1,2,74.0,0,82.7,Low,80.15,0,79.1,83.88
STU02797,19,Male,Electronics,3,7.25,92.1,92.1,70.3,59.7,73.1,5.2,5,0,0,84.0,0,90.5,Low,73.8,0,89.6,77.92
STU02798,20,Male,Electronics,3,6.89,81.9,66.0,66.6,66.5,71.7,3.6,13,0,1,75.3,0,77.4,Low,67.7,0,78.12,71.67
STU02799,19,Female,Electronics,2,7.01,93.0,67.2,68.9,71.9,77.6,3.8,4,0,0,67.4,1,83.2,Low,71.4,0,75.96,76.34
STU02800,18,Male,Electronics,2,6.18,59.7,62.3,49.7,49.2,64.4,1.0,27,3,1,44.5,1,52.0,Medium,56.4,2,43.8,59.11
STU02801,20,Female,Computer Science,4,6.69,79.8,67.1,68.4,53.3,76.4,2.9,12,3,1,51.5,0,76.7,Low,66.3,1,56.1,69.89
STU02802,22,Female,Electronics,7,8.53,90.5,86.3,72.4,75.3,89.1,4.7,6,2,2,75.3,0,78.2,Low,80.78,0,77.62,84.79
STU02803,19,Male,Civil,3,8.31,79.9,81.0,65.5,73.5,78.2,4.0,12,0,2,68.9,0,78.6,Low,74.55,1,77.56,78.88
STU02804,19,Female,Management,4,5.75,68.6,67.6,57.5,35.5,49.7,2.3,21,2,3,41.3,0,49.2,High,52.58,1,52.02,58.3
STU02805,22,Male,Computer Science,8,6.78,79.6,67.0,62.8,58.8,71.9,3.9,14,1,0,74.6,0,67.7,Low,65.12,1,76.34,69.68
STU02806,20,Other,Computer Science,3,8.19,95.9,84.2,61.3,81.6,85.9,4.2,3,0,2,73.5,0,89.2,Low,78.25,0,80.4,83.94
STU02807,22,Male,Mechanical,8,8.06,72.2,71.4,65.9,77.7,80.3,3.3,17,2,1,47.5,0,71.5,Low,73.82,1,59.5,75.79
STU02808,21,Female,Civil,5,5.44,63.5,50.2,31.8,46.1,60.6,1.0,22,4,3,50.4,1,37.2,High,47.18,2,43.16,53.78
STU02809,21,Female,Mechanical,7,7.29,84.3,70.2,66.4,68.5,73.8,3.1,10,0,3,64.2,2,68.0,Low,69.73,0,71.18,74.48
STU02810,19,Female,Management,4,5.17,72.1,57.4,59.3,47.2,59.2,2.7,19,0,0,55.1,0,62.2,Medium,55.77,1,65.54,58.43
STU02811,19,Female,Computer Science,4,6.19,68.9,70.1,64.4,44.7,54.1,1.1,19,1,2,58.8,0,63.9,Medium,58.32,1,56.02,62.22
STU02812,20,Female,Mechanical,4,7.11,93.4,66.2,73.2,60.0,90.2,6.1,4,1,3,89.4,0,71.8,Low,72.4,0,92.76,77.2
STU02813,19,Male,Management,2,5.96,68.0,65.4,74.9,48.6,59.8,2.7,18,3,0,66.8,0,65.4,Low,62.18,1,61.22,62.73
STU02814,20,Female,Mechanical,4,6.02,76.7,65.6,60.5,63.1,66.8,3.3,18,1,1,58.2,1,84.1,Low,64.0,1,66.78,65.84
STU02815,22,Male,Mechanical,8,8.23,93.8,82.3,79.3,60.8,75.6,3.6,4,0,2,61.2,0,81.8,Low,74.5,0,72.48,82.06
STU02816,18,Female,Management,2,6.31,66.4,51.0,49.7,65.9,51.9,0.2,20,2,1,58.1,1,51.8,Medium,54.63,1,48.24,60.54
STU02817,21,Female,Electronics,6,5.99,65.1,51.5,33.8,45.3,62.3,3.4,24,1,3,50.9,1,51.1,Medium,48.22,1,64.36,56.53
STU02818,21,Male,Computer Science,6,7.12,73.2,59.8,61.7,67.9,70.4,2.4,18,2,3,45.7,0,71.9,Low,64.95,1,54.28,69.2
STU02819,19,Male,Computer Science,2,7.28,73.5,55.2,68.1,57.9,74.6,1.7,18,2,1,58.2,0,80.2,Low,63.95,1,55.78,69.44
STU02820,19,Male,Electrical,2,6.53,53.5,71.0,84.4,69.9,61.7,1.4,30,1,1,64.3,0,72.8,Low,71.75,2,59.72,64.93
STU02821,20,Male,Electrical,5,5.96,85.5,48.2,49.4,42.3,64.2,4.3,10,1,3,66.5,0,50.5,Medium,51.02,0,75.1,62.64
STU02822,19,Female,Computer Science,3,7.54,89.7,60.0,59.0,60.7,70.9,3.9,7,0,1,76.0,0,83.4,Low,62.65,0,79.9,73.88
STU02823,22,Male,Electronics,8,7.34,85.3,76.3,75.5,61.9,75.1,1.3,9,1,3,70.9,0,71.1,Low,72.2,0,61.86,75.9
STU02824,20,Female,Mechanical,3,5.42,63.8,54.6,44.6,37.1,69.4,2.0,23,0,4,55.2,1,50.9,Medium,51.42,2,62.08,55.49
STU02825,19,Male,Computer Science,2,7.67,83.5,69.1,66.9,63.1,55.3,3.5,10,1,0,58.0,0,70.9,Low,63.6,0,67.7,73.16
STU02826,19,Male,Electrical,4,6.32,58.5,55.5,62.4,52.9,67.6,2.3,27,2,2,49.4,0,60.0,Medium,59.6,2,55.26,60.59
STU02827,20,Male,Electronics,4,8.84,88.3,89.8,74.9,72.7,100.0,4.1,7,0,2,78.9,0,87.9,Low,84.35,0,82.06,86.76
STU02828,19,Male,Management,3,8.89,91.5,82.4,97.7,90.3,99.1,3.4,5,1,1,77.2,0,100.0,Low,92.38,0,74.88,90.94
STU02829,21,Female,Electrical,6,4.37,45.5,44.8,45.0,49.9,50.2,0.2,33,3,3,35.4,0,28.8,High,47.47,2,36.16,45.66
STU02830,19,Male,Electronics,4,10.0,99.6,82.8,94.3,81.6,99.9,4.2,0,0,1,86.5,0,100.0,Low,89.65,0,85.6,95.76
STU02831,21,Female,Civil,5,4.74,55.4,49.7,58.4,41.5,45.3,1.6,27,4,6,47.3,1,43.3,High,48.72,2,44.92,49.93
STU02832,20,Female,Electrical,3,7.93,91.5,79.5,68.7,84.8,76.7,3.0,5,0,3,73.3,0,72.7,Low,77.42,0,74.32,81.6
STU02833,18,Male,Electronics,2,7.97,72.2,75.9,73.0,61.2,67.9,2.1,18,0,3,51.4,0,63.8,Medium,69.5,1,61.06,73.74
STU02834,19,Male,Computer Science,2,6.29,69.4,56.6,60.6,56.8,65.2,3.5,21,0,1,55.8,0,69.0,Low,59.8,1,69.82,63.28
STU02835,19,Male,Electrical,2,7.51,58.3,60.2,56.6,64.7,72.1,1.7,28,2,0,65.8,0,51.9,Medium,63.4,2,58.82,66.22
STU02836,21,Male,Civil,8,6.84,74.0,65.3,48.1,57.7,56.3,2.6,16,2,4,46.5,1,54.4,Medium,56.85,1,55.6,65.18
STU02837,19,Female,Civil,3,7.94,79.0,77.8,84.7,81.9,60.1,4.2,12,1,1,62.0,0,72.1,Low,76.12,1,72.8,77.99
STU02838,19,Male,Electronics,4,6.76,75.9,63.7,70.9,46.9,70.5,3.6,14,2,1,40.7,0,63.9,Medium,63.0,1,58.28,67.84
STU02839,21,Male,Civil,6,7.64,69.8,65.7,74.5,70.4,68.5,1.5,19,1,1,59.3,0,70.8,Low,69.78,1,58.22,72.1
STU02840,18,Female,Civil,2,7.31,90.7,72.2,60.3,58.9,76.4,3.7,5,0,3,69.9,0,82.4,Low,66.95,0,76.46,75.04
STU02841,21,Male,Electronics,6,5.85,46.6,48.7,56.4,50.0,52.4,1.8,36,1,3,37.5,0,51.9,Medium,51.88,2,51.0,52.87
STU02842,21,Female,Computer Science,5,7.48,81.4,71.8,65.6,69.8,58.6,2.0,12,3,4,60.2,0,61.4,Medium,66.45,0,55.08,73.11
STU02843,22,Female,Electronics,7,7.07,82.5,70.3,78.9,62.5,62.4,2.0,11,0,0,70.7,0,70.2,Low,68.52,0,68.28,72.78
STU02844,18,Female,Civil,2,9.08,88.2,69.5,83.2,63.3,71.9,3.4,7,0,1,59.5,0,87.3,Low,71.97,0,70.8,82.62
STU02845,19,Male,Computer Science,2,6.51,87.7,65.8,68.6,48.7,63.0,2.7,8,1,2,78.5,0,65.8,Low,61.52,0,71.9,69.32
STU02846,21,Male,Management,7,6.65,79.2,61.7,62.8,68.5,62.2,4.1,14,2,3,55.9,0,61.9,Medium,63.8,1,66.86,68.6
STU02847,19,Male,Computer Science,4,5.86,62.5,58.6,54.6,41.4,67.8,3.2,26,1,2,44.5,1,53.7,Medium,55.6,2,60.8,58.38
STU02848,18,Female,Electrical,2,6.2,55.2,46.7,47.8,53.0,39.6,0.4,30,3,2,30.7,0,46.0,High,46.78,2,35.28,54.21
STU02849,21,Male,Computer Science,5,7.69,76.7,76.2,61.8,62.8,82.6,3.7,9,2,2,80.8,0,72.0,Low,70.85,1,74.82,74.43
STU02850,20,Male,Civil,5,8.44,97.2,78.7,83.0,78.3,75.1,4.3,2,0,1,72.9,0,87.7,Low,78.78,0,80.66,85.35
STU02851,21,Female,Mechanical,8,6.32,90.2,82.4,59.5,78.6,71.2,5.6,7,2,1,69.6,0,69.1,Low,72.92,0,79.84,73.84
STU02852,22,Female,Civil,8,9.07,85.2,80.7,89.3,85.6,81.6,3.8,10,2,3,59.7,0,91.1,Low,84.3,0,66.88,86.76
STU02853,21,Female,Management,5,8.55,82.5,79.4,65.3,60.7,69.8,2.3,12,0,3,61.5,0,68.6,Low,68.8,0,66.1,78.07
STU02854,20,Male,Computer Science,3,6.45,73.6,74.5,61.8,58.3,71.2,2.6,18,2,2,48.8,0,59.8,Medium,66.45,1,56.52,67.56
STU02855,21,Female,Computer Science,7,7.21,93.4,64.8,58.8,57.1,71.9,3.3,4,2,2,69.4,0,68.4,Low,63.15,0,68.26,73.84
STU02856,19,Male,Computer Science,3,7.49,71.0,65.9,50.9,82.1,71.1,2.8,16,1,5,64.0,0,75.4,Low,67.5,1,66.6,70.96
STU02857,22,Female,Mechanical,7,6.74,72.6,54.9,57.3,55.3,44.3,3.0,19,1,3,42.6,0,56.4,Medium,52.95,1,59.04,62.92
STU02858,20,Male,Electrical,6,7.22,86.8,75.5,85.2,63.9,77.2,3.8,8,0,3,73.6,0,76.4,Low,75.45,0,78.44,77.15
STU02859,20,Female,Computer Science,4,7.0,70.8,65.5,58.9,68.0,76.0,3.0,18,2,2,56.7,0,46.5,High,67.1,1,61.68,69.04
STU02860,21,Female,Electrical,8,5.68,68.8,51.9,70.7,57.3,50.9,0.2,20,3,5,45.5,0,48.8,High,57.7,1,40.2,60.16
STU02861,21,Male,Electronics,5,6.28,72.7,60.5,52.6,53.5,69.9,2.9,18,1,2,56.6,0,61.0,Medium,59.12,1,64.14,63.81
STU02862,20,Female,Management,4,8.28,82.9,85.8,72.6,64.5,69.8,3.8,9,1,3,69.8,0,78.3,Low,73.18,0,73.92,78.97
STU02863,20,Male,Electronics,3,5.82,65.7,54.0,51.1,27.8,66.6,1.0,19,2,4,50.0,1,34.2,High,49.88,1,49.0,56.74
STU02864,20,Male,Management,6,9.73,85.2,88.3,89.1,82.7,88.9,3.8,9,0,2,65.0,0,96.2,Low,87.25,0,75.0,90.26
STU02865,20,Male,Mechanical,3,5.94,91.6,70.6,63.3,42.2,68.7,4.0,5,0,2,79.5,1,65.0,Low,61.2,0,81.8,68.17
STU02866,19,Female,Management,3,5.43,70.0,55.2,60.8,44.1,55.0,2.5,19,0,2,40.9,1,47.2,High,53.78,1,58.86,58.02
STU02867,19,Male,Civil,2,8.77,88.1,84.2,67.3,79.1,84.5,4.3,7,0,2,70.5,0,83.8,Low,78.78,0,79.7,84.23
STU02868,21,Male,Electronics,6,9.15,93.1,95.2,82.4,97.9,85.3,4.4,5,0,2,77.6,0,100.0,Low,90.2,0,83.04,91.38
STU02869,22,Female,Electrical,8,6.32,74.6,65.2,65.1,69.0,56.9,0.8,17,3,4,69.1,1,70.8,Low,64.05,1,52.64,66.39
STU02870,19,Female,Mechanical,3,8.07,74.3,63.8,75.8,59.3,58.8,2.1,17,2,3,42.2,0,75.6,Low,64.42,1,51.38,72.59
STU02871,19,Male,Electronics,3,5.61,86.9,71.1,32.3,45.1,66.0,3.6,8,1,2,64.5,2,54.2,Medium,53.62,0,70.8,62.81
STU02872,21,Female,Mechanical,6,7.05,90.3,73.7,50.7,60.5,65.7,2.9,5,1,5,68.3,0,79.8,Low,62.65,0,68.82,72.31
STU02873,19,Male,Management,3,5.36,54.4,46.0,42.1,27.3,49.1,0.2,30,2,5,42.5,1,46.1,High,41.12,2,42.0,48.81
STU02874,18,Male,Civil,2,5.27,57.8,61.5,53.7,32.0,60.5,2.2,28,1,2,47.4,0,46.6,High,51.92,2,56.96,53.66
STU02875,20,Female,Computer Science,6,6.08,75.2,68.4,58.8,57.5,59.8,2.7,14,0,3,57.7,0,55.5,Medium,61.12,1,66.58,64.53
STU02876,20,Other,Electrical,5,4.69,59.4,58.1,38.9,45.7,37.5,1.4,23,4,2,28.6,3,21.7,High,45.05,2,36.44,49.28
STU02877,18,Male,Electronics,2,4.58,70.6,57.1,65.2,48.0,70.5,2.7,18,0,2,50.8,1,38.4,High,60.2,1,63.82,57.76
STU02878,20,Male,Computer Science,3,6.34,63.7,60.7,50.0,37.8,53.2,1.1,25,0,6,49.6,1,46.0,High,50.42,2,55.34,58.28
STU02879,20,Male,Computer Science,3,5.91,67.0,59.2,49.2,44.7,66.0,1.0,18,1,1,54.2,2,49.9,High,54.78,1,53.68,59.34
STU02880,20,Male,Computer Science,6,7.43,73.3,66.9,66.1,65.4,84.1,4.7,17,1,4,52.3,0,56.8,Medium,70.62,1,71.42,72.58
STU02881,20,Male,Civil,6,7.13,82.5,62.6,64.3,59.8,69.2,2.8,12,0,3,59.5,1,73.1,Low,63.97,0,67.8,71.17
STU02882,21,Male,Computer Science,7,8.29,85.9,70.3,73.1,67.8,68.5,4.0,8,0,1,86.6,0,80.3,Low,69.92,0,84.64,78.46
STU02883,19,Male,Computer Science,2,7.36,64.0,68.8,63.6,71.2,68.9,0.9,25,2,5,47.7,0,52.2,Medium,68.12,2,47.58,69.01
STU02884,22,Male,Electronics,7,8.76,87.4,79.7,79.4,91.1,84.6,4.7,9,0,1,86.6,0,93.5,Low,83.7,0,88.14,85.99
STU02885,20,Female,Management,3,7.24,84.1,65.2,56.3,71.6,71.3,3.1,10,1,2,65.2,0,58.9,Medium,66.1,0,68.58,72.81
STU02886,21,Female,Civil,8,8.66,100.0,80.5,78.7,68.1,85.7,4.4,0,1,1,88.7,0,98.2,Low,78.25,0,84.48,86.61
STU02887,22,Female,Mechanical,8,7.66,68.3,77.8,58.3,64.3,76.9,3.7,21,2,1,56.6,0,61.9,Medium,69.32,1,65.14,71.61
STU02888,21,Male,Civil,5,6.27,71.5,64.0,54.3,57.2,51.9,2.4,16,2,3,64.7,2,54.8,Medium,56.85,1,61.88,62.56
STU02889,22,Female,Computer Science,7,6.81,100.0,75.0,56.6,70.3,83.3,4.0,0,2,1,73.4,1,71.7,Low,71.3,0,73.36,77.35
STU02890,20,Male,Management,6,6.63,68.4,52.0,53.1,50.6,64.0,2.3,18,0,5,50.4,0,59.5,Medium,54.92,1,61.66,62.28
STU02891,21,Female,Computer Science,7,6.54,86.2,70.1,52.8,34.0,56.6,2.4,8,3,3,54.8,0,53.0,Medium,53.37,0,54.92,65.79
STU02892,19,Male,Computer Science,2,7.26,80.8,82.0,61.1,71.8,80.5,3.0,11,0,1,70.8,1,65.4,Low,73.85,0,73.32,75.15
STU02893,19,Female,Electronics,2,7.4,61.4,65.5,53.0,58.4,52.8,2.6,24,0,4,39.5,1,56.5,Medium,57.42,2,58.8,64.22
STU02894,22,Male,Computer Science,8,6.52,75.7,55.2,59.7,51.4,59.9,2.9,14,1,4,63.1,1,58.4,Medium,56.55,1,66.74,64.36
STU02895,22,Female,Computer Science,7,6.59,71.1,67.0,45.3,69.0,73.6,3.1,16,2,2,73.7,0,57.5,Medium,63.72,1,68.98,66.33
STU02896,20,Male,Civil,6,5.48,71.9,58.1,49.3,45.7,66.3,4.5,19,0,4,54.4,0,73.2,Low,54.85,1,74.26,59.1
STU02897,20,Female,Electronics,4,8.73,89.0,85.3,91.0,86.7,91.7,6.3,7,0,1,78.6,1,84.9,Low,88.68,0,91.44,88.28
STU02898,20,Female,Computer Science,4,7.22,90.1,77.6,63.4,55.2,71.3,4.5,6,0,0,82.1,1,75.9,Low,66.88,0,85.34,74.54
STU02899,19,Male,Civil,4,5.62,67.1,61.9,58.1,51.3,62.7,1.2,20,1,2,53.5,1,53.4,Medium,58.5,1,54.4,59.84
STU02900,21,Female,Civil,5,7.32,70.7,61.8,62.3,60.1,72.1,2.5,19,4,2,54.5,0,69.9,Low,64.07,1,52.3,68.92
STU02901,20,Male,Management,6,7.64,100.0,68.3,67.8,60.6,78.5,5.7,0,1,1,76.9,0,80.5,Low,68.8,0,86.26,79.26
STU02902,21,Female,Computer Science,7,5.12,61.5,39.9,33.6,43.1,52.6,0.8,23,2,2,28.6,2,20.0,High,42.3,2,39.44,50.22
STU02903,19,Male,Electrical,4,7.1,68.0,66.9,50.7,62.5,71.0,2.9,19,1,1,50.7,1,65.3,Low,62.78,1,61.78,66.96
STU02904,21,Female,Civil,7,6.28,81.8,63.7,55.5,50.0,67.2,3.8,11,3,1,77.5,1,60.4,Medium,59.1,0,71.0,66.07
STU02905,19,Female,Mechanical,2,7.65,79.7,75.3,69.0,59.4,60.5,3.7,11,0,2,71.9,0,65.7,Low,66.05,1,77.26,73.12
STU02906,22,Male,Computer Science,7,6.9,80.6,60.4,68.8,91.3,75.5,4.5,12,0,1,62.2,0,62.9,Medium,74.0,0,77.38,73.9
STU02907,21,Female,Electronics,6,8.69,91.8,81.9,79.9,79.4,66.0,4.8,6,0,0,68.0,0,96.6,Low,76.8,0,81.2,84.08
STU02908,21,Female,Computer Science,5,6.62,56.8,62.6,46.5,53.8,48.1,1.3,29,2,2,59.5,2,49.0,High,52.75,2,54.3,58.47
STU02909,19,Female,Civil,4,3.93,66.3,55.3,54.4,46.9,50.9,1.8,21,3,2,38.5,0,43.0,High,51.88,1,45.4,51.08
STU02910,20,Male,Civil,4,7.42,62.2,60.7,53.0,45.8,67.8,0.9,24,3,1,43.6,0,58.0,Medium,56.82,2,42.94,64.25
STU02911,20,Male,Computer Science,4,6.27,73.6,70.1,55.3,64.4,67.1,2.9,18,1,1,40.1,1,72.2,Low,64.22,1,57.54,66.04
STU02912,22,Male,Computer Science,8,8.21,83.2,67.4,66.6,82.8,87.0,1.9,10,2,3,56.8,0,80.2,Low,75.95,0,56.22,79.92
STU02913,19,Male,Management,2,7.16,71.1,68.9,52.5,40.8,51.0,3.5,19,2,4,49.2,1,66.2,Low,53.3,1,61.18,64.16
STU02914,21,Male,Mechanical,6,5.36,67.4,53.8,38.6,53.9,45.8,3.0,19,1,2,44.7,2,44.0,High,48.03,1,59.88,54.82
STU02915,22,Female,Mechanical,8,7.85,78.0,77.2,73.2,68.4,61.1,3.4,14,0,2,67.4,0,82.4,Low,69.98,1,73.96,74.96
STU02916,21,Female,Management,5,9.23,71.2,85.5,70.8,74.2,74.2,5.2,18,0,2,64.0,0,88.0,Low,76.18,1,81.6,80.58
STU02917,21,Female,Computer Science,6,9.19,100.0,89.2,77.6,83.9,79.1,5.3,0,1,1,80.9,0,100.0,Low,82.45,0,85.86,90.14
STU02918,21,Male,Civil,6,9.65,90.6,75.7,77.4,77.1,95.6,4.0,6,1,1,71.2,0,100.0,Low,81.45,0,75.48,89.0
STU02919,20,Male,Electrical,5,6.45,74.2,56.7,53.7,33.9,66.1,2.7,15,3,1,64.2,1,52.3,Medium,52.6,1,60.18,62.17
STU02920,21,Female,Electronics,6,7.55,66.3,81.7,68.8,64.8,70.5,2.1,19,2,1,67.9,0,58.7,Medium,71.45,1,61.66,71.58
STU02921,22,Female,Electronics,8,6.0,76.4,75.5,48.9,51.5,63.4,3.8,14,1,2,61.6,2,61.9,Medium,59.82,1,70.64,64.03
STU02922,21,Female,Management,6,7.23,82.2,71.2,71.2,52.5,78.6,4.0,11,1,1,81.1,0,73.8,Low,68.38,0,79.44,73.2
STU02923,22,Female,Computer Science,7,5.91,79.7,66.8,52.5,41.6,72.1,2.8,11,2,1,73.9,0,61.7,Medium,58.25,1,67.56,63.91
STU02924,20,Male,Computer Science,5,6.3,76.9,60.6,63.1,45.1,60.2,2.1,16,2,3,62.7,1,56.3,Medium,57.25,1,59.58,64.18
STU02925,22,Female,Electronics,7,5.34,57.3,55.2,44.2,44.4,52.2,1.6,24,3,3,36.8,0,47.7,High,49.0,2,43.72,52.61
STU02926,22,Female,Electrical,8,8.28,82.5,74.7,79.5,78.8,75.9,4.4,10,0,0,75.3,0,87.4,Low,77.22,0,82.12,80.5
STU02927,20,Male,Electronics,3,7.04,80.8,69.1,77.3,70.9,62.1,4.3,11,1,1,66.8,0,73.1,Low,69.85,0,75.22,72.78
STU02928,21,Female,Computer Science,8,7.07,63.6,60.9,63.2,61.3,75.9,3.2,21,2,4,52.2,0,66.8,Low,65.32,2,60.88,66.78
STU02929,20,Male,Electronics,6,5.44,62.2,64.9,63.2,27.8,51.7,2.7,22,2,2,67.2,1,48.0,High,51.9,2,64.38,55.35
STU02930,21,Male,Electronics,5,6.39,68.2,55.5,59.4,53.3,59.6,1.7,19,1,1,57.3,1,41.4,High,56.95,1,58.42,62.19
STU02931,22,Male,Civil,7,6.79,83.4,73.9,72.5,45.6,77.5,2.0,11,1,2,53.3,0,62.4,Medium,67.38,0,58.32,71.56
STU02932,20,Female,Management,3,7.67,77.8,60.6,84.5,51.5,62.9,1.1,14,0,5,55.4,0,57.0,Medium,64.88,1,57.66,72.24
STU02933,20,Female,Electronics,6,8.81,71.4,65.1,56.2,77.6,80.4,2.6,20,3,3,58.1,0,79.9,Low,69.82,1,57.24,76.62
STU02934,21,Male,Civil,6,7.67,79.9,75.1,80.7,61.0,62.1,2.7,12,1,2,67.2,0,72.3,Low,69.73,1,67.38,74.71
STU02935,22,Female,Civil,8,6.77,76.4,61.6,65.9,57.7,75.3,3.9,13,2,3,69.4,0,65.0,Low,65.12,1,71.26,68.84
STU02936,20,Female,Electrical,6,4.46,73.9,55.5,40.2,26.7,49.5,3.0,15,0,1,42.3,2,46.7,High,42.98,1,61.92,51.28
STU02937,21,Male,Mechanical,5,4.56,47.2,39.8,30.3,24.6,33.8,1.1,31,2,3,43.3,0,16.0,High,32.12,2,46.82,40.61
STU02938,21,Male,Computer Science,5,8.28,95.0,82.7,76.2,92.3,78.9,3.3,3,0,0,97.6,0,85.4,Low,82.52,0,85.54,85.74
STU02939,20,Male,Civil,5,6.39,89.9,66.4,55.8,55.5,73.6,5.8,6,0,2,66.8,1,83.0,Low,62.82,0,85.72,69.97
STU02940,21,Male,Mechanical,8,5.72,65.5,65.9,66.3,42.1,48.7,1.9,21,2,3,43.1,2,45.9,High,55.75,1,50.74,58.69
STU02941,22,Female,Mechanical,7,7.08,54.2,62.2,71.1,64.5,69.1,1.9,32,1,5,56.0,0,56.3,Medium,66.72,2,58.9,65.02
STU02942,19,Female,Electronics,2,8.06,87.9,75.2,64.1,76.6,72.2,3.5,8,0,2,62.7,0,77.6,Low,72.03,0,72.58,79.0
STU02943,20,Male,Computer Science,5,7.01,87.1,79.8,59.2,63.3,63.3,3.8,8,0,2,78.6,1,66.5,Low,66.4,0,80.44,72.87
STU02944,20,Male,Computer Science,4,6.99,97.5,68.4,50.3,56.9,81.6,5.0,1,2,1,72.8,0,72.3,Low,64.3,0,78.12,74.56
STU02945,19,Male,Computer Science,3,6.98,77.2,67.1,66.0,47.7,64.0,1.5,14,2,1,43.6,0,55.2,Medium,61.2,1,48.94,68.21
STU02946,21,Male,Computer Science,8,7.24,100.0,79.3,73.1,69.1,67.2,4.8,0,0,1,72.9,0,96.3,Low,72.18,0,83.16,79.21
STU02947,22,Male,Computer Science,8,8.24,56.8,54.4,72.2,65.8,72.3,3.0,26,2,1,48.0,0,60.8,Medium,66.18,2,58.2,69.51
STU02948,21,Male,Computer Science,8,6.97,78.3,63.3,64.7,77.5,70.0,3.0,12,2,2,59.3,0,59.5,Medium,68.88,1,62.72,71.52
STU02949,19,Male,Computer Science,4,7.33,67.6,61.4,75.2,63.1,68.3,3.4,19,1,1,50.1,0,69.5,Low,67.0,1,64.04,69.35
STU02950,20,Male,Management,4,8.73,100.0,83.7,76.6,81.3,81.0,3.6,0,0,0,79.8,0,90.4,Low,80.65,0,79.92,87.82
STU02951,22,Male,Mechanical,7,5.98,91.2,59.6,58.3,50.0,75.7,4.1,5,0,2,45.5,1,62.0,Medium,60.9,0,68.7,68.09
STU02952,19,Male,Electronics,3,7.61,95.6,72.2,61.8,70.5,81.6,4.5,2,1,1,79.7,0,83.8,Low,71.53,0,81.38,79.15
STU02953,19,Female,Civil,2,5.97,76.7,56.6,43.2,58.4,67.7,1.6,26,1,3,52.3,0,62.6,Medium,56.48,1,55.92,62.66
STU02954,20,Male,Mechanical,4,3.73,74.6,51.7,33.9,37.2,56.6,2.9,15,0,2,46.3,3,34.6,High,44.85,1,63.02,49.64
STU02955,21,Male,Computer Science,6,6.89,66.9,60.6,39.7,40.5,56.0,1.5,21,4,2,52.6,0,39.9,High,49.2,1,46.54,60.52
STU02956,21,Male,Mechanical,5,3.87,76.7,54.7,45.9,45.6,45.2,2.3,25,3,0,34.0,1,49.4,High,47.85,1,46.1,51.86
STU02957,19,Female,Electronics,3,7.17,60.6,56.9,68.8,45.7,61.4,3.5,24,2,4,39.9,0,69.7,Low,58.2,2,57.46,63.52
STU02958,21,Male,Mechanical,5,7.64,75.0,77.4,69.1,68.9,82.0,3.5,17,1,1,68.3,1,75.5,Low,74.35,1,71.82,75.23
STU02959,21,Female,Computer Science,8,7.76,71.5,56.4,62.4,59.6,69.0,3.8,16,1,1,58.1,1,55.2,Medium,61.85,1,69.24,69.78
STU02960,19,Male,Mechanical,3,9.51,89.4,78.1,78.8,74.8,89.4,2.8,7,2,3,54.8,0,86.0,Low,80.28,0,59.92,87.74
STU02961,20,Male,Computer Science,4,5.91,67.8,57.2,46.4,71.4,64.0,1.3,18,2,3,59.5,1,52.4,Medium,59.75,1,54.3,61.54
STU02962,19,Male,Electronics,4,6.71,81.1,74.9,63.3,49.3,61.5,4.2,12,1,3,76.9,0,72.7,Low,62.25,0,78.76,68.66
STU02963,20,Female,Civil,4,8.17,77.8,65.8,76.9,62.7,66.5,2.9,15,1,3,65.2,0,66.7,Low,67.97,1,67.58,75.24
STU02964,21,Female,Computer Science,6,5.07,56.5,47.6,45.1,43.7,58.1,1.7,30,5,2,39.1,0,38.0,High,48.62,2,39.14,51.32
STU02965,19,Male,Electronics,4,6.7,94.5,76.8,73.4,66.9,68.3,6.0,3,0,2,89.2,0,90.3,Low,71.35,0,95.68,75.61
STU02966,21,Male,Computer Science,6,6.38,75.1,69.8,44.8,36.2,60.5,3.4,14,0,1,70.3,1,58.0,Medium,52.82,1,75.12,62.24
STU02967,18,Female,Civil,2,8.55,67.8,77.2,85.3,77.7,70.5,3.6,19,2,1,73.2,1,85.0,Low,77.68,1,71.28,77.94
STU02968,20,Male,Mechanical,6,5.24,75.4,48.0,46.1,41.6,61.3,1.7,15,1,1,56.8,1,53.2,Medium,49.25,1,58.22,56.89
STU02969,19,Male,Electrical,2,8.55,100.0,89.4,84.5,88.4,79.4,3.7,0,0,1,79.5,0,98.2,Low,85.43,0,80.3,89.1
STU02970,20,Female,Mechanical,4,6.89,59.6,55.0,64.1,56.5,68.7,1.9,22,1,3,55.0,0,49.7,High,61.08,2,58.5,63.44
STU02971,22,Male,Management,8,7.7,82.9,84.1,67.4,71.8,74.3,3.5,11,0,2,59.5,0,92.0,Low,74.4,0,71.3,77.44
STU02972,19,Female,Computer Science,4,6.07,73.7,60.5,62.0,53.7,64.6,2.3,16,0,4,40.8,2,67.8,Low,60.2,1,57.82,63.75
STU02973,21,Male,Electrical,6,7.73,71.6,74.0,44.9,72.0,56.9,2.2,16,1,1,57.9,1,63.2,Medium,61.95,1,61.16,69.74
STU02974,19,Male,Electronics,4,6.86,65.6,60.7,41.6,53.0,54.6,1.2,19,3,3,53.5,1,35.9,High,52.48,1,48.4,61.4
STU02975,22,Other,Electronics,8,6.72,93.5,66.1,57.2,58.6,53.6,2.0,4,5,3,51.0,1,66.1,Low,58.88,0,45.4,70.44
STU02976,22,Male,Civil,8,7.72,97.4,87.5,92.5,73.6,88.3,4.6,2,0,1,78.4,0,98.3,Low,85.48,0,84.36,85.56
STU02977,22,Male,Management,8,6.5,73.8,65.7,55.2,51.0,56.8,2.7,16,2,1,63.7,2,52.8,Medium,57.18,1,62.98,64.07
STU02978,20,Male,Electrical,4,6.58,83.5,61.5,63.0,63.7,67.6,3.0,9,3,0,52.8,0,63.5,Medium,63.95,0,57.12,69.48
STU02979,19,Male,Electronics,4,4.58,60.2,39.6,55.2,40.0,54.2,0.4,27,2,2,45.7,2,38.5,High,47.25,2,44.28,49.98
STU02980,21,Male,Mechanical,6,7.88,79.9,74.8,74.6,100.0,77.3,4.1,13,2,2,59.9,0,87.2,Low,81.68,1,68.46,80.22
STU02981,22,Male,Computer Science,7,6.93,70.3,73.5,39.0,62.2,61.5,4.2,20,1,1,60.6,0,76.2,Low,59.05,1,72.24,65.45
STU02982,20,Male,Civil,5,8.99,90.6,64.2,93.0,100.0,82.5,4.2,6,0,3,57.0,0,91.7,Low,84.92,0,73.8,88.08
STU02983,21,Male,Electronics,7,5.98,60.9,49.9,54.5,67.1,40.6,0.6,23,3,4,34.2,2,36.9,High,53.02,2,37.68,57.36
STU02984,21,Female,Computer Science,8,7.61,78.5,67.6,62.1,59.9,80.6,2.0,12,0,0,68.7,0,68.6,Low,67.55,1,67.48,73.28
STU02985,21,Male,Computer Science,7,6.04,83.1,66.3,50.3,47.2,58.8,3.8,10,1,1,57.3,0,58.2,Medium,55.65,0,68.92,64.18
STU02986,20,Female,Management,4,6.89,94.9,70.1,71.8,62.4,61.5,3.7,3,0,0,67.4,0,69.0,Low,66.45,0,75.46,74.42
STU02987,19,Male,Computer Science,3,6.99,76.8,60.8,60.1,67.5,64.0,3.5,13,1,4,59.0,0,68.6,Low,63.1,1,68.1,68.9
STU02988,21,Male,Electronics,5,7.95,63.5,73.1,69.1,71.8,71.6,3.0,21,2,2,52.2,0,69.4,Low,71.4,2,59.88,72.26
STU02989,21,Female,Computer Science,6,6.78,56.6,60.5,75.9,68.6,58.3,2.8,25,2,5,42.2,0,67.2,Low,65.82,2,54.88,64.21
STU02990,21,Female,Mechanical,7,7.88,73.4,68.1,61.3,58.6,58.9,3.4,15,0,5,67.7,0,81.2,Low,61.72,1,74.08,70.62
STU02991,20,Male,Computer Science,4,7.11,76.1,72.7,76.4,65.7,76.4,4.6,13,1,1,76.1,0,76.7,Low,72.8,1,80.44,73.03
STU02992,20,Male,Civil,3,8.24,46.9,63.0,56.4,68.0,70.5,1.4,33,4,5,30.8,0,61.0,Medium,64.47,2,37.32,66.35
STU02993,20,Female,Computer Science,4,6.52,76.5,60.2,71.7,52.2,66.6,1.8,14,3,2,70.0,2,53.4,Medium,62.68,1,58.0,67.02
STU02994,20,Male,Computer Science,6,9.7,100.0,92.6,96.2,80.7,97.6,6.0,0,0,0,85.4,0,100.0,Low,91.78,0,94.16,95.66
STU02995,19,Male,Computer Science,3,6.15,62.8,72.3,51.4,61.2,71.0,1.7,25,2,4,47.6,1,60.8,Medium,63.97,2,51.54,62.82
STU02996,20,Female,Electronics,4,5.79,79.5,66.1,46.2,45.2,78.2,3.1,14,2,2,52.5,1,53.1,Medium,58.92,1,60.5,63.71
STU02997,19,Female,Civil,3,5.04,55.5,42.1,38.7,33.6,30.3,0.5,28,1,4,23.0,1,36.1,High,36.18,2,38.7,45.98
STU02998,22,Female,Computer Science,8,9.06,73.2,67.2,80.3,88.4,67.7,3.2,18,2,2,54.4,0,71.2,Low,75.9,1,61.76,80.37
STU02999,21,Male,Civil,5,7.93,86.1,83.6,86.7,85.3,83.8,4.8,9,0,1,71.9,1,84.1,Low,84.85,0,82.76,83.22
STU03000,21,Female,Electronics,7,7.05,84.1,60.1,50.2,51.8,67.9,2.5,10,2,3,48.9,0,63.6,Medium,57.5,0,56.06,68.7
STU03001,20,Male,Computer Science,5,8.09,76.5,74.2,69.0,67.3,67.5,3.4,16,0,1,65.6,0,87.7,Low,69.5,1,73.24,75.24
STU03002,18,Female,Computer Science,2,6.56,58.9,58.1,59.9,57.6,61.5,3.8,24,1,6,67.2,0,73.0,Low,59.28,2,72.88,61.4
STU03003,20,Male,Mechanical,3,9.63,80.2,84.0,76.9,93.3,96.0,3.6,12,1,3,66.5,0,80.7,Low,87.55,0,71.6,88.78
STU03004,22,Female,Electronics,7,4.97,61.2,36.7,36.2,46.1,46.9,1.1,24,1,2,36.8,0,40.4,High,41.48,2,47.22,49.28
STU03005,20,Female,Mechanical,5,7.4,84.7,74.7,57.3,64.0,74.2,3.0,11,2,2,74.8,0,74.4,Low,67.55,0,68.92,74.1
STU03006,21,Male,Electrical,6,7.72,94.6,76.6,73.5,66.7,92.5,5.2,4,0,0,99.5,0,83.4,Low,77.32,0,95.8,81.6
STU03007,21,Female,Computer Science,7,4.55,74.0,58.3,39.7,27.2,56.0,2.8,15,1,3,54.5,5,32.8,High,45.3,1,62.8,52.54
STU03008,20,Female,Electronics,5,7.57,78.9,73.7,70.2,74.2,78.1,3.8,12,2,3,64.4,0,69.6,Low,74.05,1,68.76,75.84
STU03009,20,Male,Electronics,6,6.23,38.7,47.6,49.5,53.3,55.4,1.7,34,4,2,41.8,1,38.5,High,51.45,2,43.22,52.06
STU03010,19,Male,Computer Science,3,6.89,68.8,66.7,50.7,63.9,61.8,2.0,22,1,2,52.7,0,67.9,Low,60.78,1,58.08,65.62
STU03011,20,Male,Electronics,3,9.94,100.0,100.0,98.9,96.3,92.6,5.8,0,0,1,74.0,0,100.0,Low,96.95,0,88.6,98.57
STU03012,20,Female,Mechanical,3,5.9,65.0,65.1,55.1,43.5,67.6,2.1,23,4,3,41.2,0,48.4,High,57.82,1,44.98,60.03
STU03013,19,Female,Mechanical,4,7.09,70.0,50.9,57.5,62.8,62.5,1.8,19,1,0,60.3,1,55.1,Medium,58.42,1,60.12,65.68
STU03014,20,Male,Civil,6,6.96,94.9,67.1,65.3,53.1,65.6,3.8,3,2,1,62.1,0,63.4,Medium,62.77,0,67.84,73.19
STU03015,21,Male,Computer Science,8,8.58,91.5,80.5,77.3,77.6,91.8,3.6,5,0,1,68.3,1,85.6,Low,81.8,0,75.32,85.62
STU03016,21,Female,Mechanical,5,6.04,71.2,64.5,55.5,56.0,42.5,2.8,18,2,3,52.2,0,60.2,Medium,54.62,1,58.88,60.79
STU03017,21,Male,Electrical,6,6.22,71.9,54.5,54.2,59.9,71.8,0.8,18,0,2,57.3,0,48.8,High,60.1,1,56.92,63.78
STU03018,22,Male,Electronics,8,7.61,83.6,71.1,64.0,81.6,75.4,2.9,11,1,1,71.6,0,76.1,Low,73.03,0,70.14,76.74
STU03019,20,Male,Civil,6,6.92,71.7,59.7,75.6,71.3,67.4,3.3,17,0,1,56.7,1,62.8,Medium,68.5,1,69.18,69.54
STU03020,19,Female,Mechanical,3,4.27,61.4,47.7,32.2,30.4,49.3,1.8,27,5,5,25.6,0,38.9,High,39.9,2,34.24,46.26
STU03021,20,Female,Mechanical,3,6.04,83.6,63.3,51.6,65.2,70.1,2.7,9,3,0,58.4,0,43.8,High,62.55,0,57.86,67.06
STU03022,21,Female,Computer Science,6,8.62,91.6,70.9,88.0,87.7,82.0,3.6,5,1,1,59.1,0,82.8,Low,82.15,0,68.64,85.93
STU03023,20,Male,Civil,4,8.43,98.0,79.9,73.7,70.2,83.2,4.4,1,1,0,87.7,0,97.4,Low,76.75,0,84.08,84.7
STU03024,20,Female,Mechanical,3,5.87,71.7,49.5,58.0,50.1,57.9,2.6,16,2,0,63.0,1,65.3,Low,53.88,1,62.2,60.02
STU03025,21,Male,Computer Science,6,7.01,82.1,55.6,48.2,68.4,68.3,4.4,11,0,2,65.0,1,80.3,Low,60.12,0,78.0,69.11
STU03026,21,Female,Computer Science,6,6.84,73.1,62.3,41.2,52.3,66.5,3.0,17,7,1,37.7,1,62.0,Medium,55.58,1,39.08,64.44
STU03027,20,Male,Computer Science,3,8.24,76.1,77.7,72.0,60.8,78.3,2.4,14,0,2,79.6,0,71.3,Low,72.2,1,73.84,76.74
STU03028,19,Female,Mechanical,2,4.58,77.6,51.4,45.8,41.3,65.1,0.8,13,3,3,47.6,0,52.0,Medium,50.9,1,44.04,55.79
STU03029,21,Female,Computer Science,7,6.29,75.9,72.9,63.9,33.1,58.0,2.3,15,2,5,50.3,0,44.5,High,56.98,1,55.62,63.78
STU03030,19,Female,Electrical,4,7.05,76.4,61.1,74.6,68.8,66.0,3.5,14,1,1,81.5,0,70.5,Low,67.62,1,77.1,70.82
STU03031,20,Male,Management,6,7.22,78.0,51.0,48.5,64.1,69.6,2.8,15,2,0,60.3,0,69.0,Low,58.3,1,62.12,68.09
STU03032,19,Female,Management,3,9.14,97.1,78.8,89.6,74.0,85.6,4.6,2,0,0,80.6,0,93.0,Low,82.0,0,85.24,89.06
STU03033,19,Female,Computer Science,4,4.9,80.8,50.7,46.4,59.6,58.2,4.0,11,1,0,75.8,0,64.7,Medium,53.72,0,77.32,58.84
STU03034,20,Male,Mechanical,6,7.37,80.5,72.5,78.3,75.7,73.9,2.8,12,0,1,80.6,0,72.0,Low,75.1,0,76.24,75.96
STU03035,19,Male,Management,2,8.43,88.3,84.0,73.5,68.1,85.8,3.7,7,3,1,79.1,0,65.1,Low,77.85,0,71.14,82.72
STU03036,19,Female,Civil,4,8.0,82.8,83.8,97.2,73.0,72.6,5.3,10,0,1,82.0,1,87.8,Low,81.65,0,89.3,81.36
STU03037,22,Female,Electronics,7,6.99,61.1,64.7,51.9,52.1,52.9,2.2,21,3,4,37.1,1,61.1,Medium,55.4,2,46.84,61.9
STU03038,21,Female,Electrical,7,7.29,83.9,77.0,66.9,61.5,70.0,3.9,10,1,1,62.9,1,75.1,Low,68.85,0,71.66,74.03
STU03039,20,Male,Mechanical,4,5.45,60.5,49.8,49.8,55.2,50.9,2.4,27,2,4,41.9,1,49.0,High,51.42,2,52.76,54.77
STU03040,18,Female,Civil,2,6.18,66.9,58.0,56.6,62.0,69.8,2.7,21,2,3,36.3,0,62.6,Medium,61.6,1,52.02,63.0
STU03041,19,Male,Management,2,7.88,89.0,83.0,69.9,71.8,77.2,4.2,6,0,1,75.5,0,81.6,Low,75.47,0,81.2,80.02
STU03042,21,Male,Management,5,6.85,92.9,62.6,84.3,65.0,85.5,4.4,4,1,1,70.3,0,75.0,Low,74.35,0,77.12,76.94
STU03043,21,Female,Mechanical,6,5.32,63.9,28.8,42.3,38.7,47.2,1.8,24,2,0,44.1,0,38.9,High,39.25,2,50.64,50.3
STU03044,20,Female,Computer Science,6,6.38,77.5,61.3,49.2,48.2,63.8,3.2,12,2,3,66.2,0,64.6,Medium,55.62,1,66.48,63.96
STU03045,20,Female,Mechanical,4,7.07,76.0,69.9,63.7,75.1,69.8,3.0,15,0,3,51.8,1,54.0,Medium,69.62,1,65.72,71.6
STU03046,19,Male,Civil,2,6.15,75.3,72.7,58.7,75.1,64.0,2.5,14,2,1,57.2,0,58.1,Medium,67.62,1,59.38,67.4
STU03047,19,Male,Mechanical,3,7.24,89.5,80.5,65.7,83.4,59.4,4.1,6,1,0,60.8,0,90.9,Low,72.25,0,71.82,76.62
STU03048,19,Female,Electronics,2,8.28,100.0,95.3,91.5,81.7,84.1,6.2,0,0,0,100.0,0,100.0,Low,88.15,0,100.0,89.24
STU03049,21,Male,Mechanical,5,7.72,81.2,73.8,74.6,73.9,76.2,5.1,11,0,0,60.1,0,75.1,Low,74.62,0,79.54,77.17
STU03050,19,Female,Mechanical,4,7.82,82.7,66.9,73.6,82.7,61.1,3.5,10,1,3,78.6,0,81.8,Low,71.08,0,75.94,76.48
STU03051,19,Female,Management,2,7.82,65.4,63.4,70.7,68.0,47.9,1.9,24,1,1,44.9,0,72.5,Low,62.5,1,54.46,68.72
STU03052,21,Female,Electrical,6,6.42,65.6,62.9,43.9,36.0,50.2,1.2,22,1,2,54.1,1,51.2,Medium,48.25,1,54.64,58.17
STU03053,19,Female,Electronics,4,5.1,61.5,55.6,43.3,59.9,57.9,2.8,23,2,1,50.2,0,52.3,Medium,54.18,2,58.08,54.9
STU03054,21,Male,Mechanical,8,7.48,83.6,75.0,63.3,51.4,73.4,3.1,11,1,1,71.8,0,61.4,Medium,65.78,0,71.22,73.39
STU03055,20,Male,Mechanical,4,6.89,72.2,66.1,66.9,65.9,58.5,3.4,18,0,2,52.0,0,60.5,Medium,64.35,1,67.8,67.9
STU03056,19,Female,Mechanical,2,5.63,61.0,47.4,45.9,50.4,55.1,2.0,23,0,4,38.1,1,50.6,Medium,49.7,2,55.24,54.83
STU03057,20,Male,Computer Science,6,7.78,88.8,83.8,64.3,77.1,78.9,5.0,8,0,1,72.1,0,75.8,Low,76.03,0,83.84,79.84
STU03058,21,Female,Civil,6,6.08,68.1,64.7,36.6,58.3,69.4,1.7,21,2,1,56.4,2,49.1,High,57.25,1,55.06,61.21
STU03059,22,Male,Civil,8,6.33,66.7,61.1,48.8,46.6,71.1,2.6,18,1,2,54.9,0,50.4,Medium,56.9,1,61.96,61.59
STU03060,21,Female,Mechanical,6,6.84,82.7,71.6,48.5,67.3,75.6,3.0,10,4,1,73.9,0,74.3,Low,65.75,0,62.56,70.92
STU03061,19,Female,Management,4,8.46,89.2,85.0,67.4,74.9,78.5,6.3,7,0,1,68.1,0,91.4,Low,76.45,0,87.24,82.49
STU03062,21,Female,Management,6,7.74,93.6,72.9,73.1,59.5,76.5,3.7,4,1,0,71.1,0,85.3,Low,70.5,0,73.94,78.69
STU03063,21,Male,Electrical,7,9.67,94.5,87.1,100.0,77.1,90.2,5.0,4,0,2,78.2,0,87.0,Low,88.6,0,86.28,92.91
STU03064,21,Female,Management,5,7.64,97.9,68.0,70.4,65.1,73.8,6.0,1,1,2,69.9,0,86.7,Low,69.32,0,84.96,78.94
STU03065,22,Female,Mechanical,7,6.07,70.1,57.4,58.4,40.4,52.3,3.0,17,1,3,57.2,0,51.6,Medium,52.12,1,64.88,59.62
STU03066,22,Male,Management,8,6.92,78.0,79.4,60.3,75.0,83.4,3.8,15,2,1,79.9,0,70.4,Low,74.53,1,74.96,73.53
STU03067,21,Male,Management,7,7.17,85.3,80.0,60.6,54.0,78.2,4.0,9,1,3,64.9,0,78.1,Low,68.2,0,72.96,73.7
STU03068,21,Male,Civil,5,7.7,93.2,83.5,90.2,68.0,86.1,4.0,4,0,1,72.9,0,96.8,Low,81.95,0,79.16,83.03
STU03069,20,Female,Computer Science,5,8.99,67.5,78.4,69.4,76.3,79.3,3.8,20,2,2,59.2,0,90.4,Low,75.85,1,66.68,78.68
STU03070,21,Female,Computer Science,7,5.5,73.4,50.5,32.8,47.6,53.2,1.6,17,1,1,49.3,1,48.8,High,46.03,1,54.72,56.01
STU03071,22,Female,Mechanical,8,8.37,87.2,70.2,76.9,66.7,68.9,4.1,9,0,3,82.7,0,86.8,Low,70.68,0,83.58,79.36
STU03072,20,Male,Civil,3,6.35,50.2,48.9,48.1,61.5,59.7,0.2,30,2,2,36.8,1,41.5,High,54.55,2,39.72,56.6
STU03073,18,Male,Mechanical,2,5.21,74.1,56.0,52.6,44.0,63.4,2.4,18,1,4,53.4,1,50.7,Medium,54.0,1,60.36,58.36
STU03074,22,Female,Electrical,7,8.66,85.3,84.0,87.7,73.3,82.1,4.4,10,0,2,90.5,0,84.4,Low,81.78,0,88.2,84.34
STU03075,20,Female,Electrical,3,8.38,84.4,76.0,75.5,68.1,89.7,3.9,9,0,3,65.1,0,82.0,Low,77.32,0,75.54,81.36
STU03076,21,Male,Computer Science,8,5.85,73.1,63.3,52.8,52.3,54.9,2.4,19,2,2,57.2,0,49.3,High,55.82,1,58.88,61.08
STU03077,19,Male,Computer Science,2,6.5,68.0,44.7,62.1,67.0,59.6,2.8,20,1,2,35.5,1,61.4,Medium,58.35,1,55.2,63.09
STU03078,22,Male,Civil,8,4.95,66.6,43.0,63.0,58.5,53.0,0.2,20,2,2,43.4,1,41.1,High,54.38,1,42.36,55.72
STU03079,21,Female,Electronics,6,4.72,62.8,51.9,64.7,35.2,51.9,2.9,23,2,4,59.5,1,39.7,High,50.92,2,62.3,52.59
STU03080,20,Female,Management,4,7.41,67.4,73.3,67.2,69.1,70.6,3.0,18,4,2,60.8,1,67.7,Low,70.05,1,57.32,70.81
STU03081,18,Female,Management,2,6.37,65.9,72.0,61.2,36.2,67.4,2.7,23,1,2,49.6,4,48.2,High,59.2,1,60.34,62.45
STU03082,22,Female,Electronics,7,4.93,65.6,48.4,63.4,50.9,53.3,0.2,24,2,2,33.8,1,59.9,Medium,54.0,1,38.52,55.26
STU03083,19,Female,Mechanical,2,6.71,63.4,61.0,68.6,50.8,64.1,2.9,25,2,0,57.5,0,73.4,Low,61.12,2,61.5,63.78
STU03084,18,Male,Electrical,2,6.8,84.8,71.3,64.9,63.0,78.7,5.0,10,1,2,86.0,1,80.5,Low,69.47,0,86.4,72.79
STU03085,21,Male,Management,7,7.58,63.5,54.3,51.2,62.6,52.8,1.8,25,2,3,53.5,0,52.3,Medium,55.22,2,54.4,64.5
STU03086,21,Male,Mechanical,6,8.1,77.8,68.1,72.2,67.0,75.2,3.7,12,1,1,72.0,0,89.6,Low,70.62,1,74.3,76.05
STU03087,19,Other,Management,2,5.98,73.6,53.1,37.9,36.2,54.7,2.5,18,2,1,44.7,1,45.9,High,45.48,1,54.38,57.52
STU03088,20,Female,Mechanical,4,5.39,69.9,61.6,56.8,57.2,62.0,2.5,17,2,3,46.0,2,44.7,High,59.4,1,54.9,60.1
STU03089,21,Female,Computer Science,6,6.66,68.2,56.7,66.6,61.1,65.1,0.5,22,1,2,45.2,1,68.3,Low,62.38,1,47.58,65.31
STU03090,20,Female,Mechanical,6,6.61,71.0,57.3,61.5,56.8,65.4,3.0,19,3,3,59.5,0,70.0,Low,60.25,1,59.8,64.98
STU03091,19,Male,Electrical,4,7.65,79.2,66.6,65.6,71.6,70.1,3.8,14,1,3,63.0,1,68.3,Low,68.47,1,71.2,73.96
STU03092,20,Male,Management,4,6.49,75.3,54.6,47.4,45.8,63.6,3.7,17,2,2,64.2,1,56.8,Medium,52.85,1,68.18,62.68
STU03093,19,Female,Computer Science,2,7.61,100.0,87.7,80.7,84.0,79.3,3.6,0,0,0,72.9,0,92.3,Low,82.92,0,77.16,84.8
STU03094,19,Other,Electronics,2,5.65,49.2,58.0,45.2,44.6,60.7,0.3,28,2,3,40.2,0,38.7,High,52.12,2,41.58,52.92
STU03095,21,Male,Mechanical,8,8.86,81.4,66.0,67.0,92.4,82.6,3.5,11,1,3,54.4,0,83.9,Low,77.0,0,66.26,82.16
STU03096,19,Male,Management,3,4.98,52.4,49.3,66.9,33.5,60.2,1.6,27,4,4,42.5,0,50.6,Medium,52.47,2,43.0,51.52
STU03097,21,Female,Civil,8,7.84,89.2,69.5,60.5,77.0,70.7,4.1,6,2,2,47.5,0,77.2,Low,69.42,0,63.5,77.51
STU03098,19,Female,Computer Science,2,6.89,85.8,68.3,48.7,56.0,77.8,3.0,8,1,0,52.8,1,62.8,Medium,62.7,0,63.12,70.64
STU03099,22,Female,Electrical,8,8.72,90.8,78.7,88.5,84.9,82.0,3.6,6,1,2,69.7,0,100.0,Low,83.52,0,72.88,86.63
STU03100,19,Male,Civil,4,7.37,71.3,61.1,73.2,62.5,77.1,2.7,20,1,2,68.0,0,74.9,Low,68.47,1,67.7,71.01
STU03101,21,Male,Management,7,6.54,81.1,75.9,52.6,35.1,55.0,3.0,10,0,2,56.9,0,68.7,Low,54.65,0,67.76,65.03
STU03102,22,Male,Electrical,7,6.26,67.7,63.8,52.5,60.8,77.9,3.4,22,1,3,66.3,1,72.1,Low,63.75,1,70.52,64.33
STU03103,20,Male,Computer Science,4,8.19,76.5,64.0,70.2,67.1,72.8,2.7,13,3,2,56.0,0,72.5,Low,68.52,1,56.9,75.2
STU03104,22,Female,Management,7,8.78,81.5,76.4,76.8,66.8,90.2,4.0,12,0,2,78.1,0,90.2,Low,77.55,0,81.24,82.12
STU03105,20,Female,Electronics,4,6.66,76.7,53.8,51.7,52.0,70.5,1.9,16,2,2,64.8,1,48.5,High,57.0,1,59.42,65.28
STU03106,21,Female,Management,7,6.93,81.2,67.9,72.4,52.8,56.4,3.9,11,3,1,44.2,0,72.8,Low,62.38,0,58.18,69.5
STU03107,22,Male,Computer Science,8,7.63,72.9,62.7,77.0,56.4,87.5,3.0,16,0,1,86.8,0,77.2,Low,70.9,1,79.72,73.29
STU03108,22,Male,Electrical,7,6.73,55.4,41.4,67.6,64.7,62.5,1.6,28,0,3,56.0,0,60.2,Medium,59.05,2,60.4,61.03
STU03109,21,Female,Electronics,7,5.82,72.2,49.9,48.9,49.5,63.4,1.7,16,2,3,59.4,0,36.5,High,52.92,1,56.26,59.59
STU03110,19,Male,Computer Science,4,5.91,74.4,54.9,59.4,38.8,64.8,2.7,16,1,3,51.0,0,47.3,High,54.47,1,60.9,61.08
STU03111,19,Male,Management,2,7.15,69.9,59.2,65.2,85.1,72.3,4.9,20,1,1,71.3,0,73.5,Low,70.45,1,80.02,70.68
STU03112,20,Male,Electronics,5,8.62,90.5,77.9,83.1,69.0,79.4,4.6,6,0,1,78.6,0,93.8,Low,77.35,0,84.44,83.73
STU03113,18,Male,Computer Science,2,8.8,83.9,78.5,84.1,87.3,88.3,4.2,10,0,0,82.0,0,81.5,Low,84.55,0,83.8,85.6
STU03114,21,Male,Management,5,7.36,71.8,69.9,75.5,68.4,66.5,3.0,18,3,3,65.1,0,67.6,Low,70.08,1,62.04,71.74
STU03115,21,Male,Electronics,8,7.57,83.1,78.9,73.6,57.0,75.8,3.5,9,0,1,75.7,0,79.7,Low,71.32,0,77.78,75.8
STU03116,18,Female,Mechanical,2,7.13,73.8,78.2,50.6,68.6,78.7,3.0,17,2,2,63.0,0,68.5,Low,69.03,1,64.2,71.02
STU03117,21,Male,Management,8,5.42,57.2,54.8,43.7,45.4,46.7,1.8,27,6,2,26.1,2,48.9,High,47.65,2,31.44,52.33
STU03118,20,Female,Mechanical,6,5.67,35.3,36.5,45.8,40.8,47.1,0.2,45,2,1,26.1,2,43.0,High,42.55,2,35.44,45.69
STU03119,19,Female,Computer Science,2,5.75,72.6,63.5,56.7,60.2,69.3,3.3,18,0,2,54.5,2,49.2,High,62.42,1,68.3,63.24
STU03120,21,Female,Civil,7,4.98,60.8,60.2,51.6,46.6,47.8,1.0,22,3,3,41.4,0,42.1,High,51.55,2,42.56,53.25
STU03121,18,Male,Civil,2,7.86,76.8,63.5,71.8,71.3,59.5,3.1,15,1,0,76.1,1,68.2,Low,66.53,1,72.94,73.32
STU03122,21,Male,Computer Science,6,6.26,58.3,46.9,48.9,53.0,44.3,1.7,28,2,3,57.0,0,61.1,Medium,48.28,2,55.3,55.8
STU03123,21,Male,Mechanical,5,8.24,72.7,57.3,73.5,68.7,66.4,2.4,17,2,5,59.4,0,74.3,Low,66.47,1,59.76,73.6
STU03124,22,Male,Electronics,7,7.92,84.4,69.6,63.5,68.2,86.7,5.3,11,1,1,69.1,0,72.9,Low,72.0,0,81.14,77.62
STU03125,19,Female,Computer Science,4,6.44,67.5,63.7,69.7,63.0,58.7,2.1,20,1,2,52.8,0,70.2,Low,63.78,1,58.62,64.93
STU03126,18,Male,Electronics,2,8.15,84.7,83.6,80.4,60.6,72.7,4.1,9,0,2,53.3,0,69.5,Low,74.32,0,71.82,79.43
STU03127,20,Male,Management,4,6.35,71.4,68.2,58.8,38.4,64.9,1.4,16,2,2,46.7,1,55.7,Medium,57.58,1,49.68,63.1
STU03128,21,Other,Electronics,7,8.21,83.8,71.8,61.0,75.8,78.8,2.8,10,1,1,54.5,0,64.5,Medium,71.85,0,62.8,78.43
STU03129,21,Female,Computer Science,8,6.43,76.7,64.4,51.6,53.3,71.7,3.0,7,0,3,68.7,0,61.5,Medium,60.25,1,72.48,65.78
STU03130,19,Female,Management,3,7.85,87.5,78.1,61.7,72.7,75.3,4.7,7,0,2,67.9,0,65.8,Low,71.95,0,80.66,78.13
STU03131,20,Male,Electronics,4,7.65,77.7,75.2,62.1,63.0,77.9,2.7,14,0,3,64.3,1,73.9,Low,69.55,1,69.22,74.02
STU03132,21,Female,Management,8,6.04,57.4,64.3,49.6,46.9,65.5,2.8,29,0,2,46.8,1,40.9,High,56.58,2,62.72,58.12
STU03133,19,Female,Management,4,6.7,77.0,63.2,55.9,71.0,54.3,2.7,14,2,2,53.7,0,60.4,Medium,61.1,1,58.98,67.14
STU03134,19,Female,Mechanical,3,6.04,74.0,67.0,45.6,57.7,64.1,3.5,16,3,2,59.5,1,68.7,Low,58.6,1,62.3,63.08
STU03135,21,Female,Electronics,7,6.16,79.0,52.1,47.7,67.3,49.6,1.3,14,3,3,48.1,2,50.9,Medium,54.18,1,46.74,62.98
STU03136,21,Male,Computer Science,5,6.11,86.0,56.5,50.1,52.7,53.1,1.6,9,2,3,64.3,0,66.6,Low,53.1,0,57.72,64.12
STU03137,21,Female,Computer Science,6,7.57,79.0,71.9,70.7,68.6,80.2,1.8,14,1,2,57.7,0,84.0,Low,72.85,1,59.08,75.39
STU03138,21,Other,Computer Science,5,8.68,71.8,65.6,65.5,76.1,67.3,3.7,18,1,3,55.5,0,84.7,Low,68.62,1,67.7,75.78
STU03139,20,Female,Mechanical,6,7.4,74.7,69.7,43.7,76.2,82.6,2.9,17,1,3,61.7,1,61.7,Medium,68.05,1,66.18,71.8
STU03140,19,Male,Electronics,3,8.17,83.4,80.0,83.0,78.8,77.4,2.2,10,1,4,55.6,0,75.4,Low,79.8,0,60.24,81.37
STU03141,21,Female,Electrical,7,6.67,72.8,67.7,62.2,64.8,65.4,2.2,16,1,2,69.6,0,69.7,Low,65.03,1,65.84,67.56
STU03142,20,Male,Electronics,4,10.0,100.0,99.3,100.0,100.0,96.2,5.0,0,0,1,100.0,0,100.0,Low,98.88,0,95.0,99.55
STU03143,21,Female,Electronics,5,6.48,48.4,58.2,52.5,31.6,46.9,1.6,28,4,3,43.3,1,45.6,High,47.3,2,43.32,53.7
STU03144,20,Male,Computer Science,3,7.81,73.0,69.5,70.4,70.1,61.8,3.0,15,0,2,68.6,0,79.9,Low,67.95,1,72.44,72.76
STU03145,19,Female,Computer Science,2,6.73,86.5,71.3,64.9,70.1,68.4,4.2,7,1,0,65.0,0,72.1,Low,68.68,0,74.0,72.65
STU03146,20,Female,Electrical,5,7.74,90.5,71.5,69.5,60.7,83.5,2.6,6,0,2,69.2,1,65.6,Low,71.3,0,70.68,78.24
STU03147,18,Male,Civil,2,7.8,77.3,66.1,74.9,77.0,62.3,2.8,14,1,4,63.5,0,77.6,Low,70.08,1,66.4,74.66
STU03148,21,Female,Electronics,8,6.39,70.5,62.4,64.1,55.0,70.3,2.1,20,2,2,54.8,0,54.6,Medium,62.95,1,56.42,65.17
STU03149,22,Female,Mechanical,8,8.85,93.9,84.5,92.1,68.4,81.0,4.4,4,1,1,74.1,0,86.7,Low,81.5,0,78.64,87.05
STU03150,20,Male,Electronics,4,7.73,87.8,76.0,59.0,70.2,73.0,2.9,8,0,2,49.9,0,88.5,Low,69.55,0,64.46,76.82
STU03151,20,Male,Management,4,7.94,75.6,68.8,67.3,63.6,71.2,3.6,15,1,1,76.3,1,70.7,Low,67.72,1,75.52,73.78
STU03152,20,Male,Electronics,5,5.77,65.3,49.0,38.8,47.6,65.3,1.7,20,2,1,53.6,2,63.7,Medium,50.18,1,53.94,56.59
STU03153,20,Female,Civil,3,6.39,75.7,69.9,57.4,66.1,72.8,2.4,15,0,4,66.5,1,59.1,Medium,66.55,1,68.6,67.91
STU03154,22,Male,Computer Science,8,7.64,82.8,62.6,61.0,52.4,67.9,3.1,10,2,0,55.8,1,62.3,Medium,60.98,0,61.82,71.83
STU03155,18,Male,Electronics,2,7.16,81.5,59.0,63.8,60.6,69.5,2.8,12,1,1,56.4,0,60.1,Medium,63.22,0,63.56,70.72
STU03156,21,Male,Mechanical,5,6.33,70.7,57.3,53.9,44.0,72.2,4.5,18,2,2,55.4,1,58.0,Medium,56.85,1,68.66,62.57
STU03157,20,Male,Computer Science,3,10.0,96.1,76.2,96.0,100.0,95.2,4.3,2,0,3,73.4,0,98.8,Low,91.85,0,80.86,95.77
STU03158,22,Male,Mechanical,7,7.33,84.2,73.6,64.5,72.3,72.7,4.0,10,0,0,77.7,1,68.9,Low,70.77,0,81.08,75.02
STU03159,20,Female,Mechanical,3,4.75,65.0,54.4,39.1,52.1,51.7,0.7,22,2,2,55.1,1,47.5,High,49.32,1,49.54,52.6
STU03160,20,Male,Computer Science,5,6.0,85.5,65.9,54.4,60.1,63.0,4.4,8,0,2,80.4,0,70.7,Low,60.85,0,84.16,66.72
STU03161,22,Female,Management,7,6.01,70.8,70.0,63.5,53.2,76.1,2.0,19,2,1,48.5,0,64.7,Medium,65.7,1,53.4,65.02
STU03162,20,Female,Computer Science,5,7.85,94.7,86.8,70.0,65.1,80.8,4.2,3,0,0,68.5,0,85.4,Low,75.68,0,78.4,81.42
STU03163,19,Female,Management,3,7.69,85.0,85.0,54.3,65.2,69.6,3.8,9,0,0,82.0,0,99.1,Low,68.53,0,81.8,75.58
STU03164,20,Male,Mechanical,3,7.26,82.0,56.0,72.8,65.8,65.7,3.4,12,0,4,51.8,0,75.2,Low,65.08,0,67.72,71.94
STU03165,21,Female,Computer Science,6,6.73,88.7,81.9,55.7,53.0,71.4,4.7,7,0,2,78.0,0,79.9,Low,65.5,0,84.7,71.93
STU03166,18,Female,Computer Science,2,7.8,78.3,70.2,69.4,68.5,82.7,4.5,14,2,1,64.4,1,81.7,Low,72.7,1,72.26,75.96
STU03167,19,Male,Civil,4,5.44,56.4,64.8,39.6,39.5,54.8,1.7,28,2,5,42.4,1,38.9,High,49.68,2,49.46,53.01
STU03168,20,Male,Electrical,6,5.8,81.6,54.3,53.8,46.0,65.3,1.9,12,4,1,27.4,0,48.0,High,54.85,0,38.46,62.64
STU03169,19,Male,Civil,4,6.09,81.9,65.2,34.8,50.1,62.3,3.0,11,2,0,67.7,0,56.7,Medium,53.1,0,66.08,63.03
STU03170,22,Female,Electronics,7,6.37,76.9,63.2,53.7,42.8,68.5,3.2,14,3,2,72.2,2,53.4,Medium,57.05,1,65.88,64.34
STU03171,20,Male,Computer Science,6,7.64,66.2,61.0,61.1,66.2,79.4,2.8,22,3,3,45.6,1,66.1,Low,66.93,1,53.24,70.06
STU03172,18,Female,Electrical,2,7.71,86.0,59.3,58.4,72.5,78.1,3.6,9,2,0,65.3,0,76.0,Low,67.07,0,68.12,75.32
STU03173,22,Female,Management,7,8.7,76.7,58.5,79.3,65.6,59.6,3.1,6,0,1,72.3,0,91.3,Low,65.75,1,74.42,75.92
STU03174,22,Female,Electronics,8,8.05,77.5,83.6,59.0,48.9,64.3,2.7,14,2,1,50.6,0,52.8,Medium,63.95,1,57.74,73.13
STU03175,20,Other,Electrical,3,8.79,100.0,76.4,79.4,77.0,80.2,4.7,0,0,1,91.0,0,84.2,Low,78.25,0,89.9,87.06
STU03176,20,Female,Civil,4,5.36,74.2,41.7,38.8,30.3,60.3,2.2,15,3,1,59.7,1,41.4,High,42.78,1,55.88,54.42
STU03177,20,Male,Mechanical,4,7.26,76.1,76.6,77.9,81.0,74.9,4.4,15,1,2,66.2,0,70.9,Low,77.6,1,75.48,75.47
STU03178,20,Male,Mechanical,4,7.65,90.0,65.4,66.1,61.1,88.2,4.0,5,0,0,59.5,0,69.2,Low,70.2,0,73.8,77.36
STU03179,20,Female,Computer Science,5,7.47,76.7,57.4,78.7,66.6,68.5,2.4,15,3,2,57.9,0,66.9,Low,67.8,1,56.16,72.44
STU03180,21,Male,Computer Science,8,8.04,89.8,55.7,80.6,72.1,77.2,4.3,6,1,0,79.2,0,81.2,Low,71.4,0,80.18,79.15
STU03181,20,Female,Civil,6,5.13,45.7,48.9,55.1,31.5,49.9,1.7,33,3,5,22.7,0,39.1,High,46.35,2,38.58,47.92
STU03182,22,Male,Management,8,5.26,76.7,43.3,51.9,33.2,58.7,1.3,16,3,3,53.6,2,38.6,High,46.77,1,48.94,56.29
STU03183,19,Male,Mechanical,4,6.77,92.4,71.7,54.7,50.3,61.6,2.6,5,3,2,76.8,0,64.9,Medium,59.58,0,64.72,70.62
STU03184,21,Female,Computer Science,5,8.87,87.4,80.5,75.8,79.1,74.4,4.1,7,0,0,71.6,0,73.9,Low,77.45,0,79.14,83.88
STU03185,19,Female,Computer Science,2,8.07,77.1,67.0,63.9,80.1,65.0,2.4,14,1,0,49.8,0,73.6,Low,69.0,1,58.92,75.12
STU03186,19,Female,Mechanical,3,5.73,52.7,45.8,50.1,54.8,56.3,2.6,28,1,2,57.9,3,40.5,High,51.75,2,63.16,53.93
STU03187,21,Male,Civil,6,6.38,77.4,59.9,54.3,60.4,70.9,2.0,14,2,1,63.0,3,56.8,Medium,61.38,1,59.2,66.23
STU03188,20,Male,Computer Science,3,5.73,54.3,49.7,49.5,38.9,58.1,0.9,27,2,2,36.0,1,48.8,High,49.05,2,42.9,53.25
STU03189,21,Female,Computer Science,8,6.76,70.9,55.7,70.2,47.6,67.8,2.8,18,1,1,53.3,0,49.9,High,60.32,1,62.32,65.52
STU03190,19,Female,Civil,3,5.41,74.7,53.2,49.3,57.8,65.9,2.5,17,2,2,44.7,1,51.6,Medium,56.55,1,54.38,60.23
STU03191,20,Male,Computer Science,3,5.13,71.4,61.4,39.5,52.8,53.4,1.1,17,3,4,44.3,1,51.7,Medium,51.78,1,44.22,56.52
STU03192,21,Female,Electronics,7,6.18,64.8,43.4,40.8,48.8,49.8,1.3,24,1,3,36.1,1,46.1,High,45.7,2,47.94,56.11
STU03193,18,Male,Civil,2,6.8,75.8,42.2,65.3,62.5,66.6,2.0,16,1,1,53.6,1,56.6,Medium,59.15,1,58.44,66.41
STU03194,20,Female,Computer Science,4,5.76,77.7,58.3,51.2,42.2,72.3,3.1,14,1,2,53.3,0,59.6,Medium,56.0,1,63.82,61.98
STU03195,19,Male,Electronics,3,6.32,60.0,47.0,61.8,65.2,63.3,1.9,26,3,5,55.9,2,54.5,Medium,59.32,2,52.86,60.85
STU03196,20,Other,Computer Science,6,7.88,82.3,72.3,73.6,65.9,83.0,2.4,11,1,4,64.5,0,85.5,Low,73.7,0,64.8,77.63
STU03197,22,Male,Electronics,7,4.09,59.7,44.3,24.1,25.9,64.2,0.2,27,3,3,21.7,1,41.9,High,39.62,2,30.68,45.09
STU03198,19,Female,Management,3,6.66,83.7,85.7,59.1,70.1,70.9,5.1,10,0,1,79.9,0,87.7,Low,71.45,0,87.46,72.82
STU03199,20,Female,Civil,4,8.98,100.0,86.1,80.9,76.1,93.3,5.3,0,0,0,87.8,1,96.0,Low,84.1,0,91.62,90.07
STU03200,21,Male,Computer Science,5,5.69,69.3,61.3,55.1,40.5,68.9,4.0,21,2,5,45.9,0,61.7,Medium,56.45,1,62.36,59.82
STU03201,20,Male,Computer Science,6,6.33,80.7,68.0,49.3,61.0,71.6,3.6,13,4,1,59.5,0,54.3,Medium,62.48,0,59.8,67.32
STU03202,19,Female,Electronics,4,7.25,60.8,59.4,61.5,55.9,67.4,3.7,26,1,2,65.3,0,77.9,Low,61.05,2,71.62,65.0
STU03203,20,Female,Management,5,6.89,75.3,62.8,54.8,58.7,58.3,1.9,17,1,2,47.4,0,61.5,Medium,58.65,1,55.46,66.4
STU03204,21,Female,Electrical,5,8.67,100.0,81.7,92.8,76.8,98.4,5.1,0,0,0,86.3,0,99.0,Low,87.43,0,90.02,90.32
STU03205,19,Female,Mechanical,2,7.61,75.0,57.9,47.1,76.3,71.6,3.4,15,1,2,59.5,0,77.1,Low,63.22,1,67.8,70.68
STU03206,20,Male,Computer Science,5,6.95,69.6,52.9,35.8,58.4,65.8,2.5,19,1,2,55.9,1,53.1,Medium,53.22,1,61.86,63.01
STU03207,21,Female,Management,5,6.76,62.9,69.3,76.4,70.8,66.5,2.5,20,2,2,42.3,1,71.9,Low,70.75,2,53.42,67.68
STU03208,22,Male,Electrical,8,7.76,80.5,94.8,58.6,59.6,87.6,4.3,11,0,0,76.4,0,84.0,Low,75.15,0,82.06,77.34
STU03209,20,Female,Computer Science,5,6.25,53.8,46.8,53.9,46.5,64.1,0.2,29,2,3,32.2,0,54.1,Medium,52.82,2,37.88,56.46
STU03210,22,Female,Electronics,8,6.2,68.6,60.1,42.1,48.7,59.9,1.7,18,6,5,52.8,0,44.0,High,52.7,1,41.62,59.93
STU03211,20,Female,Electronics,4,7.36,75.3,68.2,59.8,65.2,74.4,2.9,17,1,4,51.2,0,62.7,Medium,66.9,1,61.98,71.35
STU03212,20,Male,Mechanical,6,6.58,79.9,57.4,57.1,57.3,65.0,2.1,13,3,2,56.4,0,66.1,Low,59.2,1,54.06,66.68
STU03213,21,Male,Electronics,8,8.52,81.1,87.3,86.4,81.1,84.5,3.5,12,1,2,67.2,0,80.4,Low,84.82,0,71.38,84.02
STU03214,20,Female,Computer Science,3,6.6,80.3,81.1,62.7,56.5,76.4,3.4,13,0,2,72.6,0,71.9,Low,69.18,0,76.04,70.84
STU03215,21,Male,Civil,5,7.61,79.8,60.6,55.7,58.6,76.5,1.4,12,1,5,64.8,0,73.5,Low,62.85,1,59.92,71.73
STU03216,21,Female,Civil,8,7.98,96.6,95.9,61.6,77.4,71.5,5.6,2,0,1,84.4,0,85.2,Low,76.6,0,91.76,82.72
STU03217,21,Female,Electronics,5,4.79,57.5,42.0,45.4,39.9,53.2,1.5,28,2,2,30.0,0,39.3,High,45.12,2,43.5,49.19
STU03218,21,Male,Mechanical,8,7.95,94.1,77.6,76.7,89.8,95.1,5.2,4,0,3,72.8,0,92.1,Low,84.8,0,85.12,85.27
STU03219,19,Male,Computer Science,4,8.72,94.5,84.1,80.4,80.4,81.3,3.7,3,0,1,76.4,0,100.0,Low,81.55,0,79.06,86.76
STU03220,21,Female,Electronics,8,8.24,65.5,76.8,79.6,65.0,86.9,2.4,21,1,1,64.1,0,73.2,Low,77.07,1,64.64,76.04
STU03221,21,Female,Electrical,6,8.95,79.7,74.1,61.0,79.0,81.1,4.3,14,0,2,59.9,0,82.2,Low,73.8,1,75.46,80.77
STU03222,20,Male,Mechanical,5,6.49,77.5,71.6,59.8,72.2,75.2,2.9,16,0,4,58.4,0,71.2,Low,69.7,1,67.86,69.97
STU03223,20,Male,Management,3,5.25,64.0,55.5,50.6,38.9,62.9,2.7,22,1,3,57.2,1,45.5,High,51.98,2,63.38,55.17
STU03224,19,Male,Civil,3,3.94,60.9,54.4,28.8,38.8,38.9,0.4,23,5,3,49.8,2,36.7,High,40.22,2,36.92,45.1
STU03225,19,Female,Electrical,4,6.65,81.0,70.2,73.9,62.5,75.6,2.7,11,3,1,59.2,0,67.9,Low,70.55,0,58.18,71.74
STU03226,22,Female,Electronics,7,6.14,69.6,66.8,44.0,49.5,62.4,2.9,18,3,3,54.6,1,60.5,Medium,55.68,1,57.34,61.16
STU03227,20,Female,Computer Science,5,5.3,71.8,44.5,46.0,53.4,50.8,1.6,18,2,2,42.9,0,52.0,Medium,48.68,1,49.16,55.97
STU03228,20,Female,Management,4,5.7,66.7,58.6,51.9,57.0,74.2,2.1,23,1,1,54.6,1,59.5,Medium,60.42,1,59.34,60.8
STU03229,21,Female,Civil,5,7.94,72.9,63.3,41.1,59.6,53.0,3.0,19,4,4,46.9,1,72.2,Low,54.25,1,51.76,67.72
STU03230,20,Female,Management,4,5.2,68.3,45.4,41.4,36.7,50.0,2.1,20,3,2,50.8,1,40.3,High,43.38,1,51.82,52.62
STU03231,21,Male,Mechanical,7,6.07,77.1,58.2,65.7,53.7,77.1,4.6,14,0,3,73.7,0,68.3,Low,63.68,1,82.48,65.99
STU03232,20,Female,Electronics,4,8.59,93.0,81.7,61.8,73.3,87.5,3.9,4,0,0,73.5,0,88.6,Low,76.08,0,78.9,83.74
STU03233,21,Female,Computer Science,5,6.39,90.9,75.1,55.1,52.5,67.1,4.6,5,1,1,76.2,1,71.8,Low,62.45,0,80.48,70.07
STU03234,20,Female,Electronics,5,7.27,54.4,59.1,56.5,62.6,57.1,1.5,30,2,1,36.1,2,52.7,Medium,58.82,2,45.94,62.58
STU03235,20,Female,Mechanical,6,6.39,83.2,72.6,63.4,58.2,65.8,2.5,10,1,1,64.6,2,63.3,Medium,65.0,0,65.34,69.16
STU03236,19,Male,Management,4,7.62,77.0,62.7,64.9,58.8,75.0,3.6,15,3,1,44.8,0,68.2,Low,65.35,1,56.92,72.06
STU03237,19,Female,Electrical,2,8.75,88.3,77.6,77.6,73.1,78.8,3.2,7,0,0,80.3,0,76.7,Low,76.77,0,78.12,83.41
STU03238,20,Female,Mechanical,6,7.33,86.0,68.5,73.5,68.8,78.0,4.7,9,2,4,84.2,0,80.3,Low,72.2,0,81.18,76.04
STU03239,20,Female,Electronics,5,7.49,84.8,73.2,66.6,64.4,75.5,2.4,9,0,2,59.1,0,78.5,Low,69.93,0,65.64,75.39
STU03240,21,Male,Computer Science,6,6.12,78.9,61.2,64.2,42.0,58.5,1.9,14,2,4,52.6,0,46.9,High,56.48,1,54.54,63.74
STU03241,21,Other,Electronics,5,7.58,75.3,79.4,61.9,78.0,70.1,2.3,14,1,1,68.2,0,71.3,Low,72.35,1,65.78,74.3
STU03242,21,Female,Management,5,6.17,76.7,55.0,61.6,62.9,57.5,3.5,16,2,3,53.3,0,64.5,Medium,59.25,1,62.82,64.47
STU03243,22,Female,Electrical,8,6.33,49.1,58.2,66.0,53.5,60.0,0.7,32,1,1,47.8,0,57.2,Medium,59.42,2,49.62,58.2
STU03244,18,Male,Mechanical,2,7.25,81.2,83.3,67.3,60.4,75.0,4.2,12,0,0,62.2,0,81.7,Low,71.5,0,75.88,74.28
STU03245,18,Female,Management,2,7.18,73.7,62.8,67.5,65.2,66.0,2.8,17,2,3,67.8,0,63.9,Medium,65.38,1,65.12,69.7
STU03246,21,Female,Computer Science,8,6.53,76.3,56.8,67.5,62.9,70.7,2.7,15,0,1,55.2,0,82.6,Low,64.47,1,65.58,67.72
STU03247,21,Female,Management,8,6.14,69.7,47.3,49.1,54.4,69.2,2.0,18,1,3,27.9,2,42.4,High,55.0,1,48.16,60.91
STU03248,19,Other,Civil,4,5.9,62.9,58.4,31.9,39.8,57.9,3.8,25,0,4,40.9,1,49.1,High,47.0,2,65.36,55.18
STU03249,21,Male,Computer Science,5,8.17,94.3,76.7,75.4,71.3,86.1,3.4,3,0,0,76.8,1,71.0,Low,77.38,0,77.72,83.12
STU03250,21,Female,Civil,5,8.6,100.0,92.4,92.5,94.2,95.8,6.2,0,0,1,100.0,1,87.3,Low,93.72,0,100.0,92.59
STU03251,22,Male,Computer Science,8,8.3,79.0,81.9,84.4,68.3,84.6,4.6,12,0,1,76.3,0,83.4,Low,79.8,1,83.52,80.72
STU03252,20,Male,Civil,5,6.42,78.3,74.5,59.5,64.5,71.5,1.9,12,0,3,47.9,3,67.9,Low,67.5,1,58.66,69.04
STU03253,22,Male,Electronics,7,5.81,81.3,64.3,56.3,57.2,45.4,3.1,11,2,3,60.4,0,66.0,Low,55.8,0,63.66,62.98
STU03254,20,Male,Computer Science,4,8.34,86.8,72.7,74.2,72.3,75.3,3.4,7,0,2,44.5,0,85.0,Low,73.62,0,64.8,80.34
STU03255,19,Male,Civil,4,6.15,68.7,54.7,53.9,55.5,53.0,1.3,19,5,5,60.4,0,48.1,High,54.28,1,45.66,60.41
STU03256,20,Male,Electronics,6,7.14,65.5,65.9,56.1,45.9,74.2,1.3,20,1,5,59.5,0,43.0,High,60.53,1,57.3,65.58
STU03257,20,Male,Computer Science,4,5.62,63.3,52.9,58.7,52.1,67.9,2.7,23,2,1,51.0,1,50.3,Medium,57.9,2,57.9,58.66
STU03258,18,Female,Electrical,2,8.77,100.0,93.0,78.8,92.4,77.9,4.1,0,0,2,84.1,0,82.1,Low,85.52,0,84.14,89.9
STU03259,19,Male,Computer Science,3,5.87,62.2,46.4,42.6,44.1,46.0,0.6,25,2,3,42.1,0,38.2,High,44.78,2,43.84,54.0
STU03260,21,Male,Mechanical,8,6.74,74.3,64.1,62.1,53.4,52.5,2.4,14,3,1,49.9,0,54.3,Medium,58.02,1,52.96,65.38
STU03261,19,Male,Mechanical,4,7.58,81.1,69.3,64.3,77.4,75.3,4.3,11,2,1,71.0,0,73.8,Low,71.58,0,73.9,75.44
STU03262,19,Male,Computer Science,2,6.22,78.3,53.8,61.8,53.4,62.0,1.5,14,2,0,53.1,2,49.4,High,57.75,1,52.74,64.44
STU03263,22,Male,Management,8,7.55,83.4,73.3,77.4,75.1,76.6,4.6,9,0,1,77.0,0,78.9,Low,75.6,0,83.8,77.51
STU03264,22,Female,Electronics,8,7.36,71.4,81.8,71.6,67.8,67.2,3.0,20,2,0,61.2,0,71.3,Low,72.1,1,63.48,72.45
STU03265,21,Female,Computer Science,5,7.05,100.0,75.7,65.3,43.4,78.3,5.7,0,1,0,76.1,1,78.9,Low,65.68,0,85.94,75.94
STU03266,20,Male,Electronics,6,7.09,61.4,80.5,48.3,61.9,81.2,1.7,24,3,7,46.6,0,64.2,Medium,67.98,2,48.14,67.36
STU03267,21,Female,Mechanical,7,3.68,49.4,31.2,14.7,18.8,33.1,0.9,33,3,6,13.6,4,18.4,High,24.45,2,30.94,35.01
STU03268,18,Male,Computer Science,2,6.6,78.1,59.3,66.2,65.4,76.2,3.3,14,1,2,47.6,0,62.2,Medium,66.78,1,62.54,69.34
STU03269,20,Female,Electronics,4,5.76,66.3,44.8,58.0,52.8,57.8,0.5,21,1,6,32.0,0,50.4,Medium,53.35,1,42.3,58.08
STU03270,20,Female,Mechanical,5,5.63,67.9,67.7,45.3,50.2,69.0,2.8,22,1,2,58.0,0,69.0,Low,58.05,1,64.2,59.9
STU03271,21,Male,Civil,5,7.77,84.5,72.9,76.2,73.2,81.1,3.0,11,1,2,63.0,0,75.6,Low,75.85,0,67.2,78.66
STU03272,19,Male,Electronics,4,5.64,85.1,67.8,59.4,46.4,65.0,3.4,8,2,2,45.6,0,66.9,Low,59.65,0,59.24,64.88
STU03273,18,Female,Electronics,2,6.19,69.5,75.2,63.6,39.9,67.1,3.0,18,2,0,47.4,0,64.7,Medium,61.45,1,57.96,63.62
STU03274,21,Male,Computer Science,8,6.67,82.2,70.5,77.4,50.0,76.8,2.5,11,2,1,52.3,0,64.5,Medium,68.68,0,57.42,71.36
STU03275,20,Male,Electronics,6,4.73,68.1,50.7,45.0,26.6,52.6,2.4,19,2,3,47.1,3,34.3,High,43.72,1,54.84,51.07
STU03276,21,Female,Civil,7,5.93,74.1,72.8,49.9,50.0,65.1,3.3,18,1,1,72.6,1,47.6,High,59.45,1,72.54,63.06
STU03277,21,Female,Electronics,5,7.54,79.7,78.2,77.2,58.0,80.0,2.8,13,2,2,76.0,0,79.3,Low,73.35,1,68.4,75.66
STU03278,21,Male,Computer Science,5,4.09,56.0,33.6,26.9,26.8,58.3,2.1,25,2,2,36.7,1,34.5,High,36.4,2,49.18,42.88
STU03279,20,Female,Electronics,5,5.28,44.9,57.9,63.7,59.6,43.5,0.8,35,2,4,37.7,0,36.8,High,56.18,2,43.08,52.18
STU03280,21,Male,Mechanical,5,6.74,78.0,61.3,47.2,53.9,55.9,2.7,15,1,4,39.7,2,62.7,Medium,54.58,1,56.38,64.92
STU03281,20,Male,Mechanical,6,8.32,69.2,82.4,77.8,76.8,85.1,2.8,18,0,4,45.2,0,78.8,Low,80.53,1,62.08,78.63
STU03282,22,Female,Electronics,8,8.69,73.0,66.8,63.6,64.3,63.3,2.6,16,1,2,63.8,1,60.3,Medium,64.5,1,65.52,74.46
STU03283,22,Female,Civil,7,6.34,74.3,73.3,55.4,56.9,76.2,4.1,16,1,1,63.3,0,55.4,Medium,65.45,1,72.82,66.95
STU03284,21,Female,Civil,6,7.88,80.1,63.1,63.4,64.9,64.1,3.3,12,0,4,61.0,0,69.3,Low,63.88,0,70.9,73.16
STU03285,19,Female,Computer Science,2,6.45,84.2,58.8,71.9,55.0,67.9,4.5,10,0,0,52.1,0,79.5,Low,63.4,0,73.34,68.98
STU03286,21,Female,Electronics,5,7.87,95.4,79.2,77.9,68.6,84.9,2.5,3,1,0,66.9,0,84.5,Low,77.65,0,66.26,82.46
STU03287,22,Female,Computer Science,8,6.15,68.3,61.5,46.3,31.3,63.1,3.3,18,1,1,35.8,0,53.6,Medium,50.55,1,57.82,58.82
STU03288,20,Female,Electrical,4,8.14,73.0,63.9,82.2,78.5,63.4,3.1,19,5,2,37.0,0,71.6,Low,72.0,1,45.3,75.54
STU03289,21,Male,Computer Science,5,5.94,91.2,66.4,60.4,50.9,74.2,4.2,5,1,0,56.8,0,64.3,Medium,62.98,0,70.72,68.78
STU03290,19,Female,Electronics,4,5.35,66.0,42.1,57.1,60.2,56.1,2.3,19,2,1,70.2,0,49.4,High,53.88,1,63.58,56.78
STU03291,20,Male,Mechanical,3,6.38,69.9,58.6,45.7,48.6,66.3,2.3,17,2,1,44.9,1,57.4,Medium,54.8,1,53.46,61.72
STU03292,20,Male,Mechanical,6,7.03,83.5,60.8,55.6,53.3,72.6,4.0,10,2,2,74.8,1,70.6,Low,60.58,0,73.92,69.71
STU03293,19,Male,Electrical,4,5.14,61.5,54.4,54.5,63.0,54.2,2.7,23,3,4,38.7,1,40.0,High,56.53,2,49.98,55.98
STU03294,20,Male,Electronics,6,6.99,65.4,61.9,62.5,48.7,59.5,2.0,20,3,6,58.8,1,50.9,Medium,58.15,1,54.52,64.08
STU03295,21,Female,Electronics,6,5.07,63.2,53.9,67.7,30.5,46.2,0.9,22,1,2,51.9,0,49.2,High,49.58,2,52.26,53.38
STU03296,22,Female,Mechanical,7,7.73,88.6,82.6,64.5,57.3,71.3,4.0,7,1,2,78.9,1,73.8,Low,68.92,0,78.56,76.78
STU03297,22,Male,Civil,8,7.69,80.4,71.2,72.0,64.3,77.2,3.1,11,1,1,58.3,1,69.2,Low,71.18,0,65.82,75.48
STU03298,20,Male,Management,5,7.58,92.0,73.9,64.4,52.6,77.6,3.1,5,0,2,72.0,0,73.5,Low,67.12,0,74.3,76.38
STU03299,18,Female,Mechanical,2,6.06,68.7,58.5,59.8,46.6,54.3,1.9,17,1,2,49.7,1,62.4,Medium,54.8,1,56.38,60.3
STU03300,20,Other,Mechanical,6,7.93,76.7,67.0,72.5,47.8,81.1,3.9,8,0,1,89.2,0,71.8,Low,67.1,1,85.18,73.77
STU03301,21,Male,Computer Science,8,7.59,85.7,76.6,67.0,75.0,75.1,3.9,9,1,2,70.3,1,76.3,Low,73.42,0,74.62,77.36
STU03302,21,Male,Management,5,9.14,77.6,70.0,73.2,84.9,83.9,2.9,14,1,5,62.1,0,76.7,Low,78.0,1,66.34,82.59
STU03303,20,Male,Civil,5,7.69,92.2,79.1,71.0,62.8,71.2,3.5,4,1,1,87.6,0,90.5,Low,71.02,0,79.54,78.38
STU03304,22,Male,Computer Science,7,8.59,80.7,82.0,63.0,53.1,88.8,3.4,13,1,3,84.3,0,89.2,Low,71.72,0,77.72,78.93
STU03305,21,Male,Electronics,5,9.95,79.4,79.6,94.3,88.0,92.8,5.3,14,0,2,66.7,0,97.8,Low,88.68,1,83.18,90.14
STU03306,20,Female,Mechanical,4,8.17,78.2,61.1,45.1,71.7,84.0,4.2,15,2,2,66.0,0,65.2,Low,65.47,1,71.4,74.33
STU03307,21,Female,Computer Science,5,7.98,74.1,61.8,61.8,74.0,67.6,3.5,16,0,3,58.2,0,61.1,Medium,66.3,1,70.78,72.97
STU03308,22,Male,Civil,7,7.71,81.6,83.4,75.9,66.1,60.8,3.6,11,0,1,48.6,1,75.7,Low,71.55,0,67.44,76.0
STU03309,20,Male,Civil,5,5.88,66.1,50.8,56.5,42.1,52.2,1.9,21,1,3,51.7,0,48.9,High,50.4,1,57.18,57.26
STU03310,20,Male,Computer Science,4,5.92,63.6,45.3,38.2,45.0,65.4,2.2,25,0,1,17.4,2,59.8,Medium,48.48,2,47.96,56.01
STU03311,21,Male,Management,6,6.02,81.1,65.0,61.7,56.5,57.6,2.1,12,3,3,58.4,0,61.4,Medium,60.2,0,54.86,65.42
STU03312,21,Male,Management,6,7.58,82.1,46.8,55.8,71.9,79.9,3.0,11,1,2,55.8,0,65.3,Low,63.6,0,64.32,72.5
STU03313,22,Male,Computer Science,8,6.62,68.6,51.1,52.3,52.8,56.8,0.6,18,1,6,48.7,1,60.0,Medium,53.25,1,49.48,61.62
STU03314,21,Female,Electronics,8,6.24,82.1,75.4,68.4,57.8,71.4,1.7,12,2,2,56.6,1,50.5,Medium,68.25,0,55.14,69.66
STU03315,21,Male,Management,7,8.26,88.4,73.0,69.1,82.3,83.4,2.8,7,0,3,69.6,0,84.4,Low,76.95,0,71.84,81.79
STU03316,22,Female,Electronics,7,8.26,73.9,72.4,83.4,83.2,74.7,4.9,17,2,1,51.6,0,78.8,Low,78.42,1,69.14,78.76
STU03317,20,Female,Management,5,7.21,64.2,63.2,59.8,53.7,62.6,2.3,22,2,2,41.4,1,61.0,Medium,59.82,2,52.06,65.21
STU03318,20,Male,Computer Science,4,6.33,67.1,58.8,55.9,50.3,53.6,1.2,20,3,4,50.0,0,47.8,High,54.65,1,47.0,60.79
STU03319,21,Male,Civil,5,7.63,93.6,75.7,85.6,70.3,95.2,5.8,4,1,3,72.4,0,87.0,Low,81.7,0,84.96,82.78
STU03320,20,Female,Mechanical,6,6.44,58.3,60.1,61.8,60.9,65.0,0.8,29,3,3,49.5,0,51.5,Medium,61.95,2,44.8,61.9
STU03321,20,Male,Electronics,5,5.32,82.7,68.4,55.4,36.0,49.7,3.2,10,1,0,53.7,0,58.2,Medium,52.38,0,64.48,60.24
STU03322,20,Male,Civil,3,6.57,69.3,43.5,44.5,60.4,46.4,0.7,17,1,3,30.6,1,52.7,Medium,48.7,1,42.74,59.8
STU03323,19,Female,Computer Science,2,6.33,59.7,54.5,48.1,63.7,65.9,2.4,26,2,4,44.7,1,50.3,Medium,58.05,2,53.88,60.3
STU03324,19,Female,Computer Science,2,8.03,89.3,68.1,65.5,81.4,72.1,3.0,7,1,2,40.0,0,78.3,Low,71.78,0,58.0,79.14
STU03325,19,Female,Computer Science,4,8.3,91.7,92.8,85.7,74.9,75.8,4.8,6,0,1,87.8,0,85.9,Low,82.3,0,89.12,84.9
STU03326,22,Male,Computer Science,7,8.0,100.0,79.7,62.7,86.4,98.6,3.7,0,0,1,82.9,0,82.1,Low,81.85,0,81.66,85.74
STU03327,22,Male,Computer Science,7,7.33,86.3,74.6,76.2,71.8,58.1,3.4,8,0,0,82.1,0,85.3,Low,70.18,0,79.84,75.3
STU03328,22,Male,Electronics,7,7.0,79.2,58.1,67.4,61.1,68.3,2.6,12,1,2,66.3,0,66.2,Low,63.72,1,66.52,69.79
STU03329,20,Male,Computer Science,6,5.06,56.5,40.2,44.6,54.7,53.2,0.2,24,3,2,28.0,1,37.2,High,48.18,2,33.2,51.1
STU03330,18,Female,Computer Science,2,7.33,72.2,66.3,60.5,49.2,63.1,3.5,16,1,2,53.7,1,65.1,Low,59.78,1,65.98,67.61
STU03331,21,Male,Computer Science,8,6.42,81.1,58.9,60.1,58.4,72.0,3.3,12,0,4,53.2,0,45.6,High,62.35,0,67.78,67.68
STU03332,21,Male,Electrical,8,5.89,65.3,57.9,61.3,55.2,67.6,1.8,21,1,1,45.7,0,54.2,Medium,60.5,1,54.28,61.14
STU03333,21,Male,Computer Science,7,4.23,64.9,51.3,48.9,40.9,56.2,0.7,20,1,2,39.6,3,37.5,High,49.32,2,46.34,50.76
STU03334,20,Male,Civil,5,6.28,62.3,76.0,78.6,49.8,62.7,2.6,22,2,1,47.6,1,54.3,Medium,66.77,2,56.04,64.26
STU03335,19,Male,Computer Science,3,7.04,80.8,68.8,68.1,59.7,78.2,3.9,12,0,0,77.3,0,76.0,Low,68.7,0,80.42,72.32
STU03336,22,Female,Computer Science,8,6.25,53.7,60.5,44.7,46.1,54.3,0.5,32,2,3,43.2,1,44.7,High,51.4,2,43.78,55.86
STU03337,19,Male,Electronics,3,6.56,71.8,73.7,44.5,55.0,56.9,2.9,17,1,0,66.9,0,71.6,Low,57.52,1,68.26,63.92
STU03338,22,Female,Electronics,7,6.89,70.6,69.7,51.7,63.2,74.6,0.6,17,2,2,47.4,0,73.8,Low,64.8,1,45.96,67.68
STU03339,22,Male,Mechanical,8,5.45,60.8,48.6,42.7,55.6,70.5,2.1,22,0,4,62.0,1,48.8,High,54.35,2,65.3,56.02
STU03340,22,Male,Civil,8,5.75,80.6,55.8,51.9,24.0,58.6,2.3,12,2,0,56.2,3,42.4,High,47.58,0,57.98,59.3
STU03341,21,Female,Electronics,5,5.73,64.1,53.0,49.9,57.6,60.6,2.8,24,0,3,50.9,1,62.7,Medium,55.28,2,64.36,58.19
STU03342,22,Female,Computer Science,7,7.08,84.8,87.4,74.1,66.2,75.7,3.7,10,1,1,65.6,0,76.0,Low,75.85,0,71.74,76.32
STU03343,21,Male,Electrical,7,8.24,89.3,81.1,72.9,78.3,71.7,3.8,7,2,1,45.8,0,81.1,Low,76.0,0,61.32,81.56
STU03344,22,Male,Computer Science,8,7.0,87.3,66.4,70.7,58.3,67.5,4.2,8,1,2,70.8,0,79.3,Low,65.73,0,76.32,72.62
STU03345,20,Female,Electrical,4,4.64,70.3,63.5,51.3,40.7,60.4,1.3,17,0,2,49.4,1,45.2,High,53.98,1,56.26,55.4
STU03346,20,Female,Mechanical,6,6.79,72.9,60.6,55.6,53.4,68.1,1.7,15,1,0,47.9,0,66.8,Low,59.42,1,54.66,65.76
STU03347,21,Male,Electronics,7,6.8,65.0,66.8,64.5,58.4,78.6,3.0,19,0,4,72.8,0,60.0,Medium,67.08,1,74.12,66.88
STU03348,19,Male,Electronics,3,7.15,80.0,72.4,60.4,66.9,75.7,3.8,12,0,1,61.3,0,69.0,Low,68.85,0,73.52,72.56
STU03349,20,Male,Electronics,3,7.61,83.7,70.9,56.5,70.6,68.8,3.8,10,1,3,57.2,0,78.2,Low,66.7,0,68.88,74.24
STU03350,19,Female,Mechanical,4,4.97,67.4,53.7,53.9,57.8,63.1,1.8,22,2,3,39.9,0,35.6,High,57.12,1,48.96,57.09
STU03351,19,Female,Management,4,7.76,92.1,83.0,73.6,62.1,77.3,3.9,4,0,0,69.9,0,77.2,Low,74.0,0,77.46,79.78
STU03352,22,Male,Electronics,7,6.94,84.3,67.8,73.1,72.2,63.2,2.7,9,0,1,52.0,0,81.5,Low,69.07,0,64.3,72.99
STU03353,21,Male,Management,8,7.38,66.7,77.9,76.5,73.7,80.6,2.5,19,0,4,57.3,1,69.7,Low,77.18,1,65.42,73.38
STU03354,19,Male,Computer Science,3,5.25,74.9,58.5,52.2,51.4,67.2,1.7,14,1,0,55.4,0,63.9,Medium,57.32,1,57.66,60.03
STU03355,19,Female,Computer Science,4,6.49,70.2,65.7,52.1,65.4,81.1,1.6,17,1,2,53.1,0,49.8,High,66.08,1,56.24,66.7
STU03356,22,Female,Mechanical,8,3.14,58.3,48.5,29.2,20.2,41.7,2.4,29,1,1,23.2,3,30.6,High,34.9,2,48.28,39.53
STU03357,21,Female,Management,6,5.6,77.5,62.7,56.7,52.4,67.5,2.0,12,3,2,46.0,0,53.5,Medium,59.82,1,49.4,62.9
STU03358,20,Female,Mechanical,3,5.42,69.8,52.8,49.4,51.3,52.6,1.7,21,0,2,33.8,2,39.7,High,51.52,1,52.02,57.03
STU03359,21,Male,Electrical,6,5.9,72.0,68.0,54.1,39.5,57.3,3.2,18,1,4,65.7,0,55.4,Medium,54.72,1,69.28,60.54
STU03360,21,Female,Mechanical,8,6.83,76.0,68.0,55.6,70.2,83.8,2.4,15,3,2,62.2,0,60.1,Medium,69.4,1,57.88,70.67
STU03361,19,Male,Electrical,4,7.09,73.7,40.7,51.5,57.1,52.2,3.0,15,4,3,39.1,0,56.4,Medium,50.38,1,48.64,63.39
STU03362,21,Male,Electrical,5,4.28,47.6,38.2,28.3,33.8,47.9,2.2,36,2,2,38.5,2,26.1,High,37.05,2,50.4,41.7
STU03363,21,Male,Civil,6,8.55,100.0,88.7,61.8,86.6,99.8,5.8,0,0,0,100.0,0,100.0,Low,84.22,0,99.0,88.62
STU03364,22,Female,Mechanical,7,5.87,59.8,56.0,48.7,47.9,47.2,2.7,28,3,3,54.7,0,44.5,High,49.95,2,56.38,55.48
STU03365,20,Male,Mechanical,5,6.3,61.7,61.1,53.3,58.4,57.4,3.1,22,1,4,40.0,0,60.6,Medium,57.55,2,58.5,60.5
STU03366,22,Male,Management,8,4.71,59.7,55.8,46.2,38.8,56.2,0.4,23,3,5,40.9,4,32.0,High,49.25,2,39.36,51.11
STU03367,21,Female,Mechanical,7,7.86,82.7,75.4,77.6,55.2,65.2,3.6,11,3,1,74.6,1,75.5,Low,68.35,0,68.84,75.53
STU03368,19,Female,Electronics,4,7.6,82.2,58.0,61.4,58.6,76.7,3.9,10,2,1,86.9,0,83.4,Low,63.68,0,78.26,72.62
STU03369,21,Male,Management,5,7.36,73.8,65.3,53.3,59.9,61.9,2.2,15,3,4,51.4,0,73.2,Low,60.1,1,52.56,68.25
STU03370,20,Male,Civil,6,7.89,100.0,84.1,77.0,67.2,86.7,3.9,0,1,1,85.2,0,75.7,Low,78.75,0,80.58,84.12
STU03371,19,Female,Mechanical,2,7.09,69.3,69.7,63.0,70.7,80.4,4.5,17,1,1,60.6,0,72.7,Low,70.95,1,73.74,70.52
STU03372,19,Male,Civil,3,5.37,68.5,53.7,43.5,48.0,52.6,2.1,21,1,2,43.6,1,53.6,Medium,49.45,1,54.94,55.7
STU03373,19,Male,Electronics,3,6.89,63.5,48.8,53.4,36.3,35.9,3.8,21,3,2,47.0,3,42.0,High,43.6,2,58.8,57.43
STU03374,22,Male,Electronics,7,7.11,73.0,69.1,54.6,53.4,69.1,2.6,18,2,1,59.7,0,66.2,Low,61.55,1,60.88,67.76
STU03375,22,Male,Computer Science,7,6.98,84.3,69.3,69.3,74.5,81.1,4.8,10,0,0,75.1,0,75.7,Low,73.55,0,84.04,74.93
STU03376,22,Female,Electrical,7,6.5,75.3,67.9,58.8,40.3,70.2,4.3,15,2,0,59.3,1,53.6,Medium,59.3,1,69.22,65.3
STU03377,18,Female,Civil,2,6.56,77.8,69.5,91.3,63.2,72.8,2.7,15,0,1,52.7,0,83.0,Low,74.2,1,64.58,72.09
STU03378,20,Male,Electrical,4,5.9,72.5,63.0,57.2,45.5,67.7,3.0,15,2,4,48.9,1,49.1,High,58.35,1,58.56,62.11
STU03379,19,Female,Electronics,4,7.36,76.8,74.8,68.8,75.3,70.4,4.8,16,1,1,78.4,2,58.8,Medium,72.32,1,82.36,73.89
STU03380,19,Female,Management,2,6.97,85.5,66.8,58.3,63.7,62.9,2.7,8,0,1,59.5,2,61.5,Medium,62.92,0,67.3,70.94
STU03381,19,Female,Electronics,3,7.33,92.9,82.6,72.1,62.1,76.0,5.0,5,0,2,72.3,0,85.2,Low,73.2,0,83.92,78.16
STU03382,20,Male,Electronics,5,7.46,80.0,77.0,61.8,65.7,72.9,3.1,13,1,2,70.7,0,77.5,Low,69.35,0,70.78,73.85
STU03383,21,Male,Management,8,8.36,89.8,90.3,61.8,77.4,89.9,3.8,6,1,0,86.4,1,100.0,Low,79.85,0,80.56,83.65
STU03384,20,Female,Civil,3,6.04,81.7,56.0,54.7,68.2,58.3,2.4,12,1,2,67.1,0,66.5,Low,59.3,0,65.84,65.28
STU03385,22,Female,Management,8,6.47,90.9,65.6,69.5,44.2,70.4,3.9,5,0,3,74.9,0,75.7,Low,62.42,0,79.46,70.34
STU03386,21,Male,Civil,7,6.89,93.9,74.7,63.9,70.6,76.8,4.1,3,0,0,68.0,0,87.4,Low,71.5,0,77.7,76.19
STU03387,20,Male,Computer Science,3,7.27,81.5,72.8,56.6,60.2,64.8,2.8,12,3,5,50.9,0,64.8,Medium,63.6,0,55.36,71.26
STU03388,19,Male,Electronics,3,6.34,72.7,61.0,61.8,43.0,51.1,2.1,18,1,2,46.1,3,53.5,Medium,54.22,1,55.94,62.05
STU03389,20,Male,Electrical,5,6.11,80.7,50.8,50.5,40.6,63.4,1.7,12,1,2,53.6,1,46.9,High,51.32,0,56.94,62.09
STU03390,22,Male,Mechanical,8,6.47,71.6,66.9,51.1,40.5,55.2,3.5,18,0,0,50.1,0,68.5,Low,53.42,1,67.54,61.92
STU03391,21,Male,Civil,7,4.55,71.1,50.8,66.8,58.3,59.9,2.7,17,1,1,55.7,0,49.9,High,58.95,1,62.78,57.28
STU03392,22,Male,Computer Science,8,6.85,79.2,74.6,52.9,49.4,74.3,4.2,13,2,0,75.8,1,54.6,Medium,62.8,1,75.32,68.9
STU03393,20,Female,Electronics,4,5.17,49.3,51.3,56.3,51.7,63.7,1.1,30,2,6,32.5,1,33.3,High,55.75,2,42.5,52.72
STU03394,22,Female,Electrical,8,6.19,83.1,62.3,64.7,47.0,82.2,2.8,11,2,2,75.1,0,53.3,Medium,64.05,0,68.04,68.06
STU03395,22,Male,Management,8,7.27,76.2,61.2,62.0,74.6,77.6,1.9,15,3,5,59.2,0,68.2,Low,68.85,1,54.18,72.04
STU03396,21,Male,Electronics,6,7.69,79.1,72.7,63.0,68.1,69.2,2.7,12,2,3,65.8,0,71.9,Low,68.25,1,63.82,73.99
STU03397,19,Male,Computer Science,3,6.83,91.8,76.4,63.7,67.4,74.3,4.1,5,1,1,88.9,0,74.8,Low,70.45,0,83.06,75.04
STU03398,19,Male,Computer Science,3,6.33,64.8,50.1,63.8,57.7,63.3,2.7,23,3,0,42.2,0,57.5,Medium,58.73,2,51.38,61.84
STU03399,18,Female,Computer Science,2,4.1,61.6,50.3,57.3,34.3,49.6,2.1,21,2,4,36.3,1,41.1,High,47.87,2,49.02,48.9
STU03400,21,Male,Electrical,7,7.54,60.3,70.0,46.8,61.9,65.8,1.8,23,3,3,53.6,1,53.0,Medium,61.12,2,51.44,65.92
STU03401,20,Female,Electronics,4,7.33,74.3,69.6,62.3,95.1,75.7,3.0,16,2,3,59.0,0,64.3,Medium,75.68,1,62.6,74.5
STU03402,20,Male,Electronics,6,8.09,89.6,80.8,70.0,64.4,81.1,3.3,7,3,2,76.4,1,77.0,Low,74.08,0,68.06,80.34
STU03403,19,Female,Electrical,3,6.8,69.8,53.5,49.1,48.3,66.5,2.7,18,3,3,78.8,0,55.4,Medium,54.35,1,66.02,62.99
STU03404,22,Female,Electrical,8,7.75,87.8,79.8,89.8,65.0,72.7,4.2,8,0,0,63.8,0,84.6,Low,76.82,0,76.52,79.81
STU03405,22,Female,Electronics,7,6.89,48.5,43.9,33.6,39.8,52.6,0.7,29,0,2,39.0,2,29.6,High,42.48,2,49.1,53.23
STU03406,19,Female,Management,4,4.73,47.4,44.7,27.4,39.7,36.9,1.1,34,6,6,32.9,0,33.6,High,37.17,2,30.66,43.28
STU03407,20,Male,Mechanical,5,7.75,87.9,76.8,70.0,83.3,80.7,4.1,7,1,1,66.1,0,80.0,Low,77.7,0,73.94,80.18
STU03408,18,Male,Computer Science,2,8.33,67.9,68.3,75.1,72.3,71.4,1.2,20,3,1,62.9,0,82.3,Low,71.78,1,52.16,74.84
STU03409,19,Male,Management,2,6.88,98.2,67.3,71.1,79.4,71.5,5.4,1,0,1,79.5,0,79.2,Low,72.32,0,88.8,77.56
STU03410,21,Female,Computer Science,8,5.7,56.4,61.1,48.8,37.0,57.6,1.1,27,2,2,48.5,0,43.5,High,51.12,2,48.9,54.5
STU03411,22,Female,Management,7,4.95,55.8,44.1,35.3,30.5,48.9,2.0,27,4,4,33.7,1,20.5,High,39.7,2,41.48,47.16
STU03412,22,Male,Mechanical,7,4.79,67.3,53.4,31.9,29.9,46.6,2.9,21,1,2,66.5,1,40.8,High,40.45,1,68.1,49.77
STU03413,20,Female,Management,6,7.74,70.7,54.9,63.9,64.1,60.1,1.8,19,1,6,50.9,1,60.2,Medium,60.75,1,56.36,69.06
STU03414,20,Male,Computer Science,3,6.6,59.3,47.1,48.2,59.0,54.4,1.1,27,4,4,15.2,2,42.4,High,52.18,2,29.58,58.8
STU03415,18,Male,Electronics,2,6.32,98.2,65.7,71.2,49.5,77.5,4.5,1,0,1,67.4,1,61.2,Medium,65.97,0,79.46,73.06
STU03416,21,Female,Management,7,6.5,79.8,55.8,60.5,61.3,49.3,2.8,13,2,2,72.3,0,70.3,Low,56.72,1,66.92,65.39
STU03417,20,Male,Electrical,4,7.7,77.3,62.2,61.0,57.8,71.6,3.2,14,1,0,48.2,0,55.0,Medium,63.15,1,62.28,71.54
STU03418,18,Male,Management,2,8.77,77.7,64.0,69.1,71.1,73.0,3.6,15,1,0,68.0,0,88.0,Low,69.3,1,72.2,77.84
STU03419,19,Female,Electronics,2,7.15,76.2,86.9,51.4,67.7,81.3,3.2,13,0,2,60.4,1,75.9,Low,71.82,1,70.16,72.81
STU03420,21,Female,Mechanical,5,9.04,79.4,89.6,76.1,68.7,83.7,4.1,12,2,2,76.0,0,92.6,Low,79.52,1,74.9,83.3
STU03421,21,Female,Electronics,7,7.1,78.2,62.5,56.5,49.0,73.5,2.2,12,2,1,62.1,0,54.0,Medium,60.38,1,59.84,68.55
STU03422,20,Male,Electronics,4,7.21,64.6,62.7,59.6,64.3,68.7,1.6,21,3,2,52.1,0,56.5,Medium,63.82,2,49.84,66.91
STU03423,22,Male,Mechanical,8,7.99,78.0,85.9,70.6,66.7,67.1,3.6,13,2,1,75.7,0,75.6,Low,72.57,1,72.28,76.5
STU03424,19,Female,Civil,4,5.82,79.5,74.4,66.7,61.2,68.3,2.9,13,0,2,71.0,0,58.4,Medium,67.65,1,72.9,67.31
STU03425,22,Female,Mechanical,7,6.89,65.9,75.8,83.8,75.7,87.3,4.4,20,2,3,68.6,0,91.5,Low,80.65,1,73.44,72.85
STU03426,19,Male,Computer Science,3,7.38,89.8,84.2,68.8,79.8,78.2,3.0,6,0,0,80.9,0,89.6,Low,77.75,0,77.36,79.38
STU03427,20,Female,Electrical,6,7.91,64.1,62.7,49.1,61.8,63.4,2.7,23,3,3,53.0,0,57.1,Medium,59.25,2,55.7,67.41
STU03428,20,Female,Management,3,7.46,75.7,68.3,63.9,65.6,55.8,4.0,16,1,1,55.7,1,84.7,Low,63.4,1,69.28,70.4
STU03429,22,Female,Electronics,7,7.98,78.1,72.3,67.8,79.7,81.7,3.4,14,0,2,50.1,0,74.5,Low,75.38,1,67.04,77.6
STU03430,21,Female,Electrical,5,7.75,75.6,63.2,53.7,53.1,66.3,2.3,15,2,3,57.6,0,69.2,Low,59.08,1,58.54,69.66
STU03431,19,Male,Management,2,4.7,56.5,48.6,38.5,46.1,47.0,0.4,24,4,1,45.1,2,36.0,High,45.05,2,38.04,48.6
STU03432,19,Female,Computer Science,3,7.76,72.9,72.4,81.2,70.0,66.8,2.8,16,4,0,62.9,0,75.0,Low,72.6,1,57.16,74.43
STU03433,19,Male,Civil,4,7.33,70.7,70.5,63.9,47.6,60.0,2.2,18,1,3,63.1,0,42.8,High,60.5,1,63.24,67.53
STU03434,21,Male,Management,5,6.09,63.9,54.7,48.2,74.9,66.8,2.1,23,2,4,51.1,1,56.6,Medium,61.15,2,54.94,61.75
STU03435,19,Male,Civil,3,5.89,79.0,67.1,52.2,44.3,63.7,2.8,14,0,2,71.0,0,56.5,Medium,56.82,1,72.4,63.1
STU03436,21,Male,Computer Science,6,6.93,75.4,57.5,67.2,56.5,65.7,3.4,14,0,1,41.0,0,71.4,Low,61.72,1,63.4,67.79
STU03437,21,Male,Mechanical,8,5.58,49.1,56.4,55.6,55.1,49.7,2.7,35,1,3,63.7,1,41.2,High,54.2,2,65.98,53.48
STU03438,20,Female,Electrical,6,6.22,77.8,71.5,74.0,61.8,64.6,2.4,14,2,2,56.6,0,66.2,Low,67.97,1,58.64,68.41
STU03439,19,Male,Mechanical,4,6.96,85.2,74.3,54.4,68.4,66.0,2.8,9,0,3,61.4,0,76.2,Low,65.78,0,68.56,71.97
STU03440,20,Male,Computer Science,6,8.61,90.8,80.8,76.2,85.0,83.1,3.5,6,1,2,72.6,0,95.3,Low,81.28,0,73.54,85.34
STU03441,21,Female,Computer Science,8,9.22,93.8,83.4,77.0,91.4,87.6,4.8,4,2,2,85.2,0,91.2,Low,84.85,0,82.08,89.66
STU03442,20,Male,Electrical,3,6.45,53.5,68.4,58.6,71.5,56.7,2.5,29,3,2,40.7,0,61.7,Medium,63.8,2,49.78,61.47
STU03443,20,Male,Mechanical,3,6.45,59.5,54.7,35.4,50.4,74.0,1.3,25,1,2,50.4,2,60.5,Medium,53.62,2,53.66,58.9
STU03444,19,Female,Management,2,5.69,63.0,58.4,50.2,46.9,54.1,0.7,25,3,1,36.3,0,44.8,High,52.4,2,39.02,56.62
STU03445,21,Female,Electronics,7,9.15,80.8,90.4,65.6,65.7,72.4,4.3,11,0,1,82.7,0,90.2,Low,73.53,0,84.58,81.64
STU03446,21,Female,Electrical,7,7.06,78.8,64.2,61.1,61.1,67.2,4.5,13,1,2,74.4,0,74.7,Low,63.4,1,79.26,69.77
STU03447,20,Male,Computer Science,4,5.86,72.0,69.0,70.0,52.6,55.9,2.3,18,4,1,51.8,2,62.1,Medium,61.88,1,50.22,63.26
STU03448,22,Female,Electrical,8,7.13,79.5,84.7,76.8,79.9,96.6,2.9,13,0,2,57.2,0,71.0,Low,84.5,1,67.38,78.63
STU03449,21,Female,Electrical,6,5.21,67.1,63.8,42.6,50.1,56.1,1.9,20,0,4,45.2,0,48.9,High,53.15,1,57.58,56.27
STU03450,21,Female,Electronics,8,7.08,67.4,67.5,54.0,55.5,52.2,0.9,21,1,1,52.3,2,48.9,High,57.3,1,52.42,64.55
STU03451,21,Male,Electronics,8,5.79,70.1,44.2,40.5,44.0,58.6,2.4,19,1,3,59.8,0,42.4,High,46.82,1,62.92,56.52
STU03452,22,Female,Management,8,8.02,75.2,60.5,78.4,65.6,70.7,4.0,17,0,2,69.3,0,74.6,Low,68.8,1,77.72,74.39
STU03453,19,Female,Electrical,4,9.59,100.0,95.0,74.7,94.6,86.9,5.5,0,0,0,82.1,0,100.0,Low,87.8,0,90.34,93.68
STU03454,20,Male,Mechanical,6,8.44,82.9,75.6,72.0,75.4,83.3,4.3,11,0,3,71.9,0,88.5,Low,76.58,0,80.26,80.9
STU03455,19,Male,Electronics,3,9.34,100.0,91.0,78.0,87.1,90.9,5.1,0,0,0,94.3,1,91.3,Low,86.75,0,93.22,92.39
STU03456,21,Male,Management,8,6.2,74.1,43.7,46.9,50.4,65.8,2.3,15,0,0,65.8,0,53.8,Medium,51.7,1,67.82,60.9
STU03457,20,Female,Electrical,4,6.85,77.8,69.4,75.7,65.7,65.6,3.0,15,1,2,58.7,0,73.2,Low,69.1,1,65.48,71.06
STU03458,20,Male,Electronics,5,5.67,77.9,61.1,42.4,55.7,61.5,2.4,14,1,1,67.1,1,58.1,Medium,55.18,1,65.84,61.39
STU03459,21,Female,Mechanical,6,6.74,65.7,58.0,48.4,53.3,59.9,2.2,19,0,0,34.3,1,65.3,Low,54.9,1,54.72,61.97
STU03460,22,Male,Computer Science,7,8.51,100.0,96.5,90.6,75.0,74.4,4.5,0,1,1,86.2,0,85.8,Low,84.12,0,83.98,88.44
STU03461,21,Female,Electrical,7,6.96,87.7,67.4,64.2,61.4,81.5,3.1,7,0,0,87.2,0,83.7,Low,68.62,0,80.38,73.74
STU03462,22,Male,Electrical,8,5.37,62.4,45.0,47.0,34.0,75.5,2.6,21,1,5,54.7,3,50.1,Medium,50.38,2,61.88,54.54
STU03463,20,Female,Electronics,6,5.46,70.7,59.4,43.8,40.6,51.3,2.4,20,1,3,55.8,1,43.6,High,48.77,1,61.32,56.3
STU03464,22,Female,Electronics,7,6.38,86.6,69.1,55.8,55.9,63.0,3.6,9,2,2,65.4,1,51.3,Medium,60.95,0,68.16,68.36
STU03465,21,Female,Computer Science,6,6.32,54.2,59.2,56.9,67.3,56.1,2.1,26,2,3,40.7,0,61.2,Medium,59.87,2,50.78,59.62
STU03466,19,Female,Computer Science,4,9.19,92.0,100.0,86.6,94.9,100.0,5.0,5,0,0,85.4,0,100.0,Low,95.38,0,89.16,93.32
STU03467,22,Female,Management,8,7.79,77.6,77.3,64.2,67.8,70.5,2.0,15,1,2,74.5,0,83.9,Low,69.95,1,66.8,74.65
STU03468,20,Female,Electrical,4,4.36,46.2,48.4,35.7,39.3,50.1,0.8,31,4,3,40.3,3,14.9,High,43.38,2,38.12,44.16
STU03469,21,Male,Electronics,6,8.29,71.5,74.7,68.6,89.3,77.8,2.6,19,1,3,53.5,0,65.2,Low,77.6,1,61.4,77.93
STU03470,19,Female,Computer Science,4,6.86,59.2,71.5,60.2,69.9,64.8,2.4,25,1,1,44.2,1,51.8,Medium,66.6,2,56.68,65.45
STU03471,21,Male,Computer Science,5,5.9,73.9,55.5,54.2,43.6,69.2,2.4,16,0,1,51.5,0,47.4,High,55.62,1,62.6,61.38
STU03472,20,Female,Civil,4,6.89,60.6,49.2,49.8,45.4,57.2,0.6,23,3,3,49.8,1,54.1,Medium,50.4,2,43.92,59.42
STU03473,20,Female,Computer Science,3,8.3,91.1,81.4,73.4,73.9,77.5,3.6,5,0,1,66.4,0,82.9,Low,76.55,0,74.56,82.44
STU03474,21,Female,Electronics,7,8.36,91.3,80.1,86.6,67.1,70.3,5.0,5,0,4,73.5,0,73.0,Low,76.02,0,84.4,82.49
STU03475,21,Male,Management,7,4.88,68.7,56.5,48.1,39.9,36.9,2.0,18,3,1,36.1,2,33.0,High,45.35,1,45.44,52.4
STU03476,21,Male,Mechanical,6,7.05,67.7,64.8,62.8,76.7,78.6,2.1,21,0,2,75.7,0,72.6,Low,70.72,1,70.78,69.89
STU03477,19,Female,Electrical,2,4.44,50.0,43.3,24.6,36.0,39.5,0.3,35,0,4,37.4,5,33.0,High,35.85,2,46.46,42.38
STU03478,19,Male,Computer Science,3,6.52,73.1,50.4,56.7,53.1,72.1,2.2,16,4,1,50.3,0,61.6,Medium,58.08,1,49.12,64.32
STU03479,19,Female,Electronics,3,8.56,100.0,89.0,92.5,84.4,89.1,5.7,0,0,0,84.2,0,100.0,Low,88.75,0,92.18,90.46
STU03480,20,Male,Management,6,7.82,80.3,66.4,61.2,63.2,71.8,3.3,11,2,4,64.1,1,72.9,Low,65.65,0,66.14,73.71
STU03481,21,Male,Electrical,8,6.42,68.9,63.7,55.2,49.4,64.0,1.3,19,2,5,65.0,1,65.0,Low,58.08,1,56.5,62.92
STU03482,20,Female,Civil,4,7.95,73.9,65.7,63.5,57.8,67.7,2.8,17,0,1,73.1,0,88.8,Low,63.68,1,73.24,71.77
STU03483,20,Male,Mechanical,4,7.61,80.0,64.0,68.8,78.4,64.1,4.5,12,1,0,59.7,0,77.8,Low,68.82,0,73.38,74.17
STU03484,20,Male,Computer Science,5,9.08,98.2,73.5,66.2,85.9,72.9,3.3,1,1,1,65.2,0,89.2,Low,74.62,0,69.58,86.18
STU03485,22,Male,Mechanical,8,7.61,79.8,74.5,70.9,64.2,65.8,2.2,11,1,0,46.2,0,59.2,Medium,68.85,1,56.48,74.13
STU03486,19,Other,Computer Science,4,8.68,87.8,79.2,76.6,70.0,79.2,5.0,7,0,0,57.0,1,89.7,Low,76.25,0,77.8,82.83
STU03487,19,Female,Computer Science,3,7.09,64.7,60.4,76.5,72.6,76.1,3.9,22,1,2,56.5,1,60.9,Medium,71.4,2,69.1,69.55
STU03488,21,Other,Mechanical,5,6.94,62.3,67.6,60.6,54.3,59.5,2.0,23,1,0,49.6,0,65.2,Low,60.5,2,56.84,64.06
STU03489,21,Male,Computer Science,8,7.37,79.6,80.2,58.5,51.4,70.1,3.5,11,1,0,60.8,0,67.9,Low,65.05,1,68.82,71.72
STU03490,21,Male,Computer Science,7,7.16,71.9,62.6,65.0,49.1,61.1,2.0,16,2,5,43.0,1,56.8,Medium,59.45,1,51.2,66.82
STU03491,20,Male,Computer Science,5,5.67,75.9,44.9,55.1,58.8,57.2,3.6,16,2,2,62.6,0,49.9,High,54.0,1,67.04,60.42
STU03492,22,Male,Electronics,7,5.98,70.8,59.8,52.9,44.1,63.2,1.7,16,2,1,55.3,1,49.9,High,55.0,1,54.62,60.63
STU03493,19,Male,Electrical,2,6.26,54.5,50.5,49.7,44.4,63.0,1.3,28,2,1,50.2,2,50.5,Medium,51.9,2,50.58,56.3
STU03494,22,Male,Management,7,6.55,68.8,54.4,65.7,59.6,73.3,2.5,19,3,2,85.9,0,69.1,Low,63.25,1,67.86,65.42
STU03495,19,Male,Computer Science,2,6.88,72.1,57.4,61.6,61.9,69.2,2.5,15,1,3,42.9,0,58.9,Medium,62.53,1,56.66,67.12
STU03496,20,Female,Computer Science,4,6.64,81.5,75.9,63.6,51.6,65.8,4.6,12,2,1,55.2,1,70.0,Low,64.22,0,69.08,69.3
STU03497,19,Male,Electrical,4,8.31,82.8,73.8,69.0,69.2,73.6,3.5,10,0,2,78.2,0,74.2,Low,71.4,0,78.78,78.34
STU03498,20,Male,Computer Science,6,9.43,100.0,87.7,84.4,69.0,81.7,4.6,0,0,0,83.6,0,87.9,Low,80.7,0,86.44,90.28
STU03499,20,Male,Electrical,3,6.6,79.7,66.7,73.0,58.1,68.2,4.5,12,0,2,76.1,0,68.6,Low,66.5,1,82.94,69.62
STU03500,20,Female,Computer Science,3,6.63,71.9,71.3,70.3,65.3,65.7,2.0,16,1,2,43.4,1,69.2,Low,68.15,1,54.36,68.44
STU03501,21,Female,Civil,8,6.66,49.6,41.9,53.3,52.3,53.1,1.5,33,2,3,29.7,0,56.8,Medium,50.15,2,43.38,55.77
STU03502,21,Female,Computer Science,5,7.79,78.5,65.5,57.9,72.1,81.2,2.5,14,1,1,68.5,0,80.3,Low,69.18,1,66.9,74.56
STU03503,21,Female,Electrical,7,7.0,69.0,60.8,58.8,53.5,61.9,1.4,18,0,1,40.9,0,60.3,Medium,58.75,1,53.36,65.25
STU03504,20,Male,Mechanical,6,6.91,96.4,57.9,43.1,49.2,71.9,3.4,2,0,1,83.2,0,68.2,Low,55.52,0,80.28,70.5
STU03505,20,Male,Computer Science,6,7.65,72.6,61.1,71.7,64.7,65.9,1.2,15,0,2,68.5,0,66.8,Low,65.85,1,63.4,71.26
STU03506,21,Female,Electronics,6,9.37,86.3,93.0,82.2,88.6,79.8,3.9,8,0,2,72.6,1,97.8,Low,85.9,0,78.54,88.73
STU03507,20,Female,Mechanical,6,5.84,71.0,56.7,57.0,54.5,69.2,4.2,16,1,1,70.2,1,63.0,Medium,59.35,1,76.08,61.93
STU03508,22,Female,Management,8,6.75,81.4,73.9,59.8,59.1,73.4,1.1,11,0,3,65.9,0,73.6,Low,66.55,0,61.86,70.6
STU03509,21,Male,Mechanical,7,7.97,62.8,74.6,77.1,67.2,67.9,2.2,21,1,2,61.2,0,70.1,Low,71.7,2,62.48,72.27
STU03510,19,Female,Computer Science,4,6.32,86.7,63.8,56.6,48.7,44.4,4.6,8,1,0,65.2,1,67.4,Low,53.38,0,76.08,65.15
STU03511,20,Other,Mechanical,3,7.19,81.3,62.3,67.4,59.3,81.6,2.9,13,0,0,48.6,0,81.0,Low,67.65,0,63.94,72.55
STU03512,21,Male,Computer Science,7,4.92,53.1,48.1,42.8,41.4,56.5,1.1,32,0,3,29.5,1,33.2,High,47.2,2,47.3,49.38
STU03513,20,Male,Management,4,7.28,86.1,57.0,64.2,58.7,80.5,4.1,8,0,2,78.7,0,71.4,Low,65.1,0,81.98,73.04
STU03514,20,Female,Electrical,4,8.62,75.7,69.1,70.3,63.1,83.2,2.2,17,0,3,65.7,1,73.7,Low,71.42,1,67.28,77.66
STU03515,18,Female,Computer Science,2,7.12,67.4,67.6,73.1,57.6,68.3,3.5,20,0,1,71.0,0,73.2,Low,66.65,1,75.9,68.43
STU03516,20,Male,Mechanical,5,5.32,38.1,50.7,54.8,44.0,46.5,0.3,41,1,5,34.8,2,37.2,High,49.0,2,42.42,47.74
STU03517,21,Male,Civil,5,7.46,89.5,72.8,69.9,55.7,62.6,3.3,6,0,0,58.0,0,73.0,Low,65.25,0,69.7,74.58
STU03518,22,Female,Computer Science,7,7.47,74.2,61.9,55.1,53.8,69.1,3.7,14,1,2,51.3,2,62.4,Medium,59.98,1,66.02,68.68
STU03519,22,Female,Civil,7,7.54,75.6,62.0,64.7,65.6,65.5,2.2,15,1,1,53.7,2,65.2,Low,64.45,1,59.48,71.07
STU03520,21,Female,Mechanical,7,7.55,81.9,65.4,61.6,62.6,65.3,3.0,11,3,2,54.9,0,74.4,Low,63.72,0,57.96,72.39
STU03521,21,Male,Mechanical,5,5.7,68.2,60.6,62.5,42.5,49.5,1.4,19,3,2,51.6,0,46.5,High,53.78,1,48.64,58.51
STU03522,21,Male,Mechanical,8,7.31,64.5,66.3,72.7,67.7,59.0,1.8,20,0,2,67.4,0,59.3,Medium,66.42,2,65.96,68.28
STU03523,21,Female,Mechanical,8,7.46,83.6,66.4,66.1,60.8,58.8,4.6,10,2,2,68.2,1,63.0,Medium,63.03,0,74.28,72.22
STU03524,22,Male,Civil,7,4.79,83.2,61.8,38.6,48.7,66.2,2.8,9,2,2,67.9,2,47.3,High,53.82,0,65.16,59.1
STU03525,19,Male,Electronics,4,5.75,73.0,57.0,46.9,41.6,67.3,3.0,16,2,1,55.9,0,51.4,Medium,53.2,1,61.36,59.66
STU03526,20,Female,Civil,3,9.39,88.8,75.7,80.8,80.5,80.5,4.3,7,0,1,74.7,0,95.3,Low,79.38,0,81.38,86.82
STU03527,19,Male,Mechanical,2,7.31,69.5,60.8,58.4,64.3,79.1,2.4,17,1,2,49.1,0,74.9,Low,65.65,1,58.64,69.22
STU03528,21,Female,Civil,8,5.12,59.9,56.1,42.7,43.7,55.5,0.2,24,2,3,52.9,1,38.5,High,49.5,2,46.16,52.7
STU03529,22,Male,Computer Science,7,6.89,71.2,45.2,48.1,60.3,67.4,2.1,19,2,4,51.8,5,32.4,High,55.25,1,55.22,64.02
STU03530,22,Female,Mechanical,8,6.49,72.6,53.3,58.0,54.1,63.5,0.6,19,3,2,53.5,1,53.6,Medium,57.22,1,45.4,63.76
STU03531,21,Female,Mechanical,7,8.12,76.7,79.4,89.2,88.6,85.9,4.1,10,0,2,66.2,0,77.4,Low,85.78,1,76.98,81.9
STU03532,20,Male,Electronics,5,6.23,58.1,47.0,52.0,70.1,59.4,0.7,27,1,2,58.9,1,58.5,Medium,57.12,2,54.06,59.18
STU03533,20,Female,Computer Science,3,8.1,80.8,58.0,67.9,85.8,67.3,3.1,12,2,1,72.8,0,74.2,Low,69.75,0,68.62,76.45
STU03534,18,Male,Mechanical,2,6.38,58.0,47.1,45.2,57.8,49.9,2.9,24,3,4,35.0,2,54.2,Medium,50.0,2,49.5,56.83
STU03535,21,Female,Computer Science,7,6.89,88.2,56.0,68.3,74.3,72.1,5.1,7,2,2,64.1,0,80.5,Low,67.68,0,75.14,73.24
STU03536,20,Male,Electronics,4,5.79,83.6,70.2,51.5,50.9,66.1,3.9,9,1,3,59.5,0,61.6,Medium,59.68,0,70.3,65.04
STU03537,20,Other,Electronics,4,7.41,88.0,75.6,69.1,70.7,92.8,3.4,7,0,1,57.1,0,81.2,Low,77.05,0,69.84,78.76
STU03538,21,Male,Civil,7,7.14,83.3,62.3,56.5,65.1,74.3,2.9,11,1,1,56.3,0,69.9,Low,64.55,0,64.02,71.63
STU03539,21,Female,Management,5,8.15,100.0,79.1,77.4,86.6,82.3,4.9,0,0,0,82.2,1,100.0,Low,81.35,0,87.38,86.06
STU03540,22,Male,Electrical,8,6.26,75.2,70.3,60.6,55.7,63.4,2.3,17,1,3,56.5,0,72.5,Low,62.5,1,61.1,65.71
STU03541,20,Male,Management,5,6.66,70.3,65.4,59.2,57.9,62.4,3.5,19,2,2,46.8,0,62.8,Medium,61.22,1,60.22,65.38
STU03542,21,Male,Management,7,6.74,75.7,60.3,74.7,58.0,66.9,2.4,13,1,2,57.5,0,75.7,Low,64.97,1,62.0,68.5
STU03543,19,Male,Computer Science,2,7.35,81.0,73.1,50.9,48.5,57.6,4.4,11,2,2,45.3,0,52.8,Medium,57.52,0,64.12,68.98
STU03544,19,Male,Electronics,4,7.06,76.6,66.0,72.7,63.8,73.9,2.0,16,1,2,65.3,1,63.5,Medium,69.1,1,63.12,71.5
STU03545,19,Male,Electronics,3,6.13,59.9,62.3,52.1,56.5,60.0,2.3,25,0,3,43.5,0,62.6,Medium,57.72,2,58.9,59.52
STU03546,18,Female,Computer Science,2,6.89,84.0,60.0,58.9,62.5,73.2,2.6,10,1,2,64.1,1,55.5,Medium,63.65,0,65.64,70.58
STU03547,22,Male,Electrical,8,9.09,90.9,75.2,87.2,71.8,82.2,5.1,6,0,4,75.6,1,100.0,Low,79.1,0,85.74,86.18
STU03548,21,Male,Management,5,7.83,64.4,52.5,72.8,67.3,64.0,2.0,23,1,2,59.8,2,73.5,Low,64.15,2,60.92,69.16
STU03549,19,Female,Mechanical,4,6.89,68.3,69.0,58.1,46.0,61.5,1.9,18,1,3,44.7,5,44.0,High,58.65,1,54.38,64.65
STU03550,20,Female,Management,4,7.27,86.0,61.7,73.6,64.7,55.3,2.7,9,0,2,72.1,0,85.7,Low,63.82,0,72.34,72.47
STU03551,20,Male,Civil,3,6.21,77.1,64.4,54.9,63.2,72.5,3.5,14,2,1,64.5,3,64.1,Medium,63.75,1,67.3,66.51
STU03552,18,Male,Electronics,2,6.09,92.9,67.3,69.0,60.2,75.6,3.8,5,2,4,55.4,4,60.1,Medium,68.03,0,65.16,71.75
STU03553,22,Male,Computer Science,8,8.97,100.0,92.3,90.1,91.0,100.0,6.4,0,0,1,90.1,0,100.0,Low,93.35,0,96.04,93.74
STU03554,18,Female,Management,2,4.6,71.1,48.0,17.8,38.2,47.1,1.1,17,1,1,44.9,1,36.6,High,37.78,1,50.46,48.98
STU03555,20,Female,Civil,4,8.4,80.8,69.5,69.7,68.2,75.0,3.3,13,1,5,68.2,0,76.3,Low,70.6,0,70.78,77.84
STU03556,20,Female,Electronics,3,6.84,82.2,71.2,58.8,68.8,66.3,3.0,11,1,1,65.6,0,62.7,Medium,66.28,0,68.24,71.0
STU03557,22,Female,Computer Science,8,6.69,78.0,52.5,53.7,68.5,52.0,3.2,13,2,1,50.2,0,60.1,Medium,56.68,1,60.08,65.59
STU03558,19,Female,Electrical,3,7.48,74.1,65.3,70.4,77.3,71.0,3.3,15,2,0,54.2,0,70.2,Low,71.0,1,62.18,73.1
STU03559,19,Other,Electrical,4,7.56,84.0,51.8,68.3,69.4,60.0,3.2,11,1,1,63.8,0,73.0,Low,62.38,0,68.52,72.41
STU03560,22,Female,Mechanical,7,4.7,47.6,28.8,35.1,40.2,50.7,0.2,31,3,2,26.9,0,34.2,High,38.7,2,32.76,43.83
STU03561,21,Female,Management,5,7.7,78.1,63.6,81.8,74.8,80.0,2.9,14,1,4,59.0,0,90.5,Low,75.05,1,65.1,76.5
STU03562,20,Female,Electronics,4,7.99,68.0,71.7,51.7,66.7,76.9,3.0,18,1,3,49.7,1,54.3,Medium,66.75,1,61.88,71.67
STU03563,20,Female,Management,5,6.71,91.3,62.4,43.7,46.3,69.1,4.3,6,0,2,73.8,0,52.8,Medium,55.37,0,81.02,68.46
STU03564,21,Male,Civil,5,6.79,83.0,69.5,51.2,56.4,63.8,2.4,11,0,2,45.7,0,60.0,Medium,60.22,0,60.28,68.6
STU03565,19,Male,Civil,4,7.77,70.2,71.5,73.8,96.4,70.3,3.6,17,1,3,60.6,0,74.2,Low,78.0,1,69.24,75.94
STU03566,20,Male,Management,6,7.58,86.9,79.7,81.0,76.3,80.5,4.0,7,0,2,67.8,1,83.0,Low,79.38,0,77.12,80.0
STU03567,19,Male,Electrical,4,6.73,62.6,51.2,52.7,67.6,71.9,0.2,23,4,6,39.4,0,45.8,High,60.85,2,34.76,63.55
STU03568,21,Female,Electronics,8,5.2,57.5,48.8,38.6,36.7,62.1,0.7,25,2,1,34.9,2,51.4,Medium,46.55,2,41.46,51.2
STU03569,20,Female,Management,5,7.49,91.2,76.0,69.8,67.4,74.9,5.4,6,0,0,69.2,0,84.5,Low,72.03,0,84.68,77.82
STU03570,21,Male,Mechanical,7,7.6,75.6,86.6,60.9,62.1,80.1,3.1,14,3,2,57.9,0,70.7,Low,72.42,1,59.66,74.47
STU03571,20,Male,Computer Science,3,8.25,76.1,75.6,80.1,65.0,75.3,3.5,16,1,2,68.0,1,73.4,Low,74.0,1,71.7,77.5
STU03572,20,Male,Civil,6,6.62,64.9,64.3,73.1,67.0,65.9,1.1,22,1,4,54.9,0,58.5,Medium,67.57,2,54.46,66.42
STU03573,20,Female,Mechanical,5,7.32,77.1,66.5,62.9,67.5,67.0,2.9,16,2,1,58.5,0,65.0,Low,65.97,1,61.9,71.28
STU03574,21,Female,Mechanical,7,6.62,68.7,57.3,61.4,72.0,66.4,3.2,19,2,1,55.1,0,64.1,Medium,64.28,1,62.04,66.06
STU03575,21,Male,Electronics,5,6.18,77.1,73.5,60.7,56.4,63.0,3.3,14,1,2,58.2,0,57.5,Medium,63.4,1,66.78,66.26
STU03576,22,Male,Computer Science,7,5.88,63.6,68.4,55.9,40.7,47.1,2.0,22,2,2,64.0,2,39.4,High,53.02,2,59.6,57.69
STU03577,19,Female,Computer Science,2,7.81,82.5,74.9,83.8,66.3,65.6,2.1,11,2,0,79.2,0,78.4,Low,72.65,0,66.18,77.02
STU03578,20,Female,Electrical,6,7.26,86.7,73.0,68.1,60.4,82.4,3.8,8,0,2,77.8,0,76.5,Low,70.97,0,80.12,75.47
STU03579,22,Female,Computer Science,7,7.6,82.4,71.3,66.0,70.1,62.4,2.5,12,1,3,72.7,0,74.7,Low,67.45,0,68.58,74.18
STU03580,20,Male,Civil,5,5.31,85.0,66.0,60.9,47.4,62.8,3.7,9,2,1,59.8,1,59.4,Medium,59.28,0,66.42,63.54
STU03581,18,Male,Mechanical,2,6.93,68.1,79.8,66.2,52.4,73.3,2.7,18,3,1,62.2,2,61.0,Medium,67.92,1,59.38,68.45
STU03582,20,Female,Computer Science,5,9.3,81.3,80.6,70.8,89.8,85.7,4.1,13,2,2,58.6,0,79.2,Low,81.72,0,67.94,85.56
STU03583,22,Male,Electronics,7,7.39,83.6,65.1,51.6,59.2,66.1,2.9,11,1,2,63.3,2,70.9,Low,60.5,0,66.82,70.96
STU03584,20,Female,Electronics,5,6.45,61.4,64.4,49.1,56.2,42.1,1.8,23,2,5,57.9,1,50.9,Medium,52.95,2,56.16,59.1
STU03585,19,Female,Management,2,7.86,83.5,77.8,70.3,68.9,68.1,3.8,11,1,1,64.1,0,59.4,Medium,71.28,0,71.64,76.9
STU03586,20,Male,Management,4,9.35,99.4,89.7,80.4,86.9,85.8,3.4,0,0,2,64.6,0,100.0,Low,85.7,0,72.84,91.85
STU03587,22,Male,Electronics,8,6.06,85.1,68.0,47.6,43.6,70.8,4.0,9,2,1,47.7,0,65.3,Low,57.5,0,63.08,65.48
STU03588,19,Female,Computer Science,3,7.52,75.8,74.3,58.9,73.4,61.0,4.2,17,0,0,60.7,0,61.4,Medium,66.9,1,75.28,72.03
STU03589,21,Female,Mechanical,5,5.32,78.6,63.0,68.2,44.6,49.7,2.6,15,0,3,59.5,0,57.7,Medium,56.38,1,66.8,60.82
STU03590,20,Male,Electronics,4,6.19,83.8,63.2,49.3,35.6,60.3,2.8,9,0,2,79.3,2,60.9,Medium,52.1,0,75.72,63.46
STU03591,21,Female,Mechanical,6,6.58,72.3,62.1,55.5,63.7,60.2,3.5,17,2,0,69.0,0,55.3,Medium,60.38,1,69.1,65.26
STU03592,20,Male,Electronics,4,8.33,75.8,71.4,68.3,80.3,89.1,3.4,16,0,3,34.4,0,82.5,Low,77.28,1,60.76,79.02
STU03593,19,Female,Civil,4,8.81,88.6,86.1,98.5,74.2,85.5,3.5,8,0,1,90.0,0,100.0,Low,86.08,0,83.5,87.42
STU03594,20,Female,Electronics,6,6.56,72.7,70.0,54.5,65.3,75.9,3.1,15,0,2,55.4,0,68.8,Low,66.43,1,67.66,67.7
STU03595,20,Male,Management,6,5.5,72.4,58.0,49.5,62.5,70.4,2.2,17,3,1,65.1,2,52.4,Medium,60.1,1,58.04,61.39
STU03596,21,Female,Electronics,5,9.47,85.9,84.4,88.0,100.0,83.8,3.6,10,3,3,83.7,0,87.2,Low,89.05,0,72.48,90.24
STU03597,19,Female,Electronics,3,6.77,86.5,73.2,66.2,65.8,74.5,3.6,8,0,3,84.7,1,58.4,Medium,69.92,0,81.88,73.29
STU03598,18,Female,Management,2,5.74,73.7,45.9,62.6,58.0,62.8,1.9,16,3,4,68.5,0,57.4,Medium,57.32,1,57.9,61.45
STU03599,21,Male,Electronics,6,4.39,73.3,55.6,49.0,42.3,55.7,2.2,15,1,3,34.4,1,54.8,Medium,50.65,1,51.76,53.95
STU03600,19,Female,Computer Science,4,7.86,71.2,68.3,62.6,69.4,68.2,2.1,17,2,1,42.7,0,68.4,Low,67.12,1,51.58,72.16
STU03601,21,Female,Computer Science,6,8.49,81.2,69.3,74.2,62.9,82.6,3.5,12,0,2,59.5,0,77.7,Low,72.25,0,71.3,78.92
STU03602,20,Male,Civil,4,9.73,95.8,94.1,88.8,89.9,98.3,5.5,2,0,2,81.8,0,100.0,Low,92.78,0,90.22,95.12
STU03603,21,Male,Mechanical,7,6.31,84.0,56.8,47.4,55.2,60.0,2.8,9,1,5,65.7,2,51.7,Medium,54.85,0,67.28,65.02
STU03604,21,Female,Mechanical,6,8.31,88.1,75.0,85.7,87.1,85.3,3.0,8,1,2,66.6,0,77.0,Low,83.28,0,68.64,84.42
STU03605,20,Female,Computer Science,4,7.49,87.2,75.6,69.0,66.1,76.7,4.5,7,1,1,77.5,0,92.6,Low,71.85,0,80.5,76.76
STU03606,19,Male,Computer Science,4,8.6,89.5,87.4,86.4,70.0,97.1,3.8,6,1,1,60.2,0,85.1,Low,85.22,0,70.08,86.56
STU03607,22,Female,Electronics,7,5.46,69.7,62.0,53.5,58.0,67.8,4.3,19,1,2,78.4,0,59.9,Medium,60.32,1,79.86,60.67
STU03608,18,Male,Electronics,2,8.79,96.1,79.0,89.2,82.7,87.8,5.3,3,0,2,100.0,0,100.0,Low,84.68,0,96.5,88.66
STU03609,18,Female,Electronics,2,8.09,90.2,80.4,55.7,80.7,79.1,5.1,6,0,3,63.5,1,89.4,Low,73.97,0,80.9,80.46
STU03610,18,Male,Mechanical,2,7.07,77.6,70.5,61.2,49.2,59.5,3.0,15,0,1,72.2,0,60.7,Medium,60.1,1,73.88,68.18
STU03611,20,Male,Civil,4,7.54,64.0,65.2,65.6,62.4,69.1,3.0,22,1,2,35.6,0,57.4,Medium,65.58,2,56.24,68.62
STU03612,21,Female,Civil,5,6.47,82.5,70.9,61.0,61.9,53.9,3.3,12,2,3,67.0,0,75.0,Low,61.92,0,67.3,68.04
STU03613,20,Female,Mechanical,4,6.45,80.1,69.3,71.7,45.0,79.3,1.8,12,0,1,55.4,2,67.9,Low,66.32,0,61.16,69.13
STU03614,20,Male,Mechanical,3,6.26,81.9,78.1,69.3,60.0,59.0,4.0,10,1,0,76.3,0,71.9,Low,66.6,0,77.52,69.03
STU03615,19,Female,Computer Science,4,5.35,77.0,73.6,38.7,45.6,53.7,3.5,16,3,0,49.9,3,46.5,High,52.9,1,58.46,59.14
STU03616,20,Female,Mechanical,5,8.37,100.0,76.5,84.4,89.4,92.9,4.4,0,0,0,87.4,0,90.5,Low,85.8,0,86.96,88.62
STU03617,19,Female,Computer Science,4,8.47,75.4,96.6,83.9,84.7,80.6,6.0,14,1,1,71.4,0,89.0,Low,86.45,1,85.56,83.07
STU03618,21,Male,Civil,6,6.29,76.3,68.4,50.6,65.9,65.1,2.7,14,1,0,55.6,2,69.9,Low,62.5,1,62.74,66.09
STU03619,19,Male,Electronics,4,7.51,60.2,77.9,55.5,65.6,58.0,2.4,23,2,6,52.1,0,58.6,Medium,64.25,2,56.84,67.04
STU03620,22,Female,Mechanical,8,6.41,86.6,59.0,66.7,65.1,66.8,3.9,8,0,2,46.0,0,63.1,Medium,64.4,0,67.9,69.84
STU03621,22,Female,Management,8,6.35,78.6,67.6,62.6,54.3,72.2,3.1,14,3,3,62.3,1,56.5,Medium,64.18,1,61.42,67.54
STU03622,20,Male,Electronics,6,5.79,76.7,63.4,64.9,45.3,58.5,2.8,13,2,2,55.4,2,62.1,Medium,58.03,1,60.16,62.65
STU03623,20,Male,Computer Science,5,5.7,78.3,65.4,54.2,62.9,59.6,2.9,15,2,4,41.3,1,62.7,Medium,60.52,1,55.02,63.74
STU03624,19,Male,Management,2,8.65,88.4,81.0,57.6,71.0,78.9,3.8,8,1,1,76.9,0,95.1,Low,72.12,0,76.76,81.22
STU03625,20,Male,Electronics,6,6.22,75.8,67.3,61.1,54.5,65.0,2.8,15,0,2,53.1,0,83.4,Low,61.98,1,65.24,65.51
STU03626,20,Female,Electronics,4,8.82,92.7,94.1,84.3,69.8,94.4,4.1,4,0,2,80.6,0,88.1,Low,85.65,0,82.74,88.3
STU03627,20,Male,Electronics,4,6.23,50.4,47.4,54.2,58.7,56.0,0.5,29,1,4,37.2,1,44.6,High,54.08,2,44.38,56.04
STU03628,21,Female,Electronics,7,6.37,71.0,56.2,56.4,40.5,61.1,1.8,19,3,1,55.6,1,50.5,Medium,53.55,1,52.24,61.46
STU03629,18,Female,Mechanical,2,7.9,94.5,87.1,72.9,73.0,72.5,3.0,3,1,0,78.5,1,88.7,Low,76.38,0,73.4,81.82
STU03630,20,Male,Electrical,3,7.39,86.0,80.0,78.9,83.6,91.9,4.6,8,0,0,86.9,0,82.7,Low,83.6,0,87.76,80.8
STU03631,22,Female,Civil,7,7.56,93.7,75.9,77.2,54.0,71.4,4.4,4,1,1,68.9,0,84.6,Low,69.62,0,76.56,77.74
STU03632,22,Male,Mechanical,8,9.01,100.0,76.8,85.9,91.8,99.4,4.0,0,0,0,92.4,0,85.8,Low,88.48,0,86.96,91.92
STU03633,21,Male,Electrical,5,6.33,72.4,62.2,63.6,46.0,58.0,2.2,18,1,2,68.0,0,62.2,Medium,57.45,1,65.2,63.24
STU03634,21,Male,Electrical,5,6.43,83.4,58.5,52.3,57.3,68.8,2.3,11,0,1,54.0,0,73.6,Low,59.22,0,63.1,67.04
STU03635,21,Female,Computer Science,8,7.23,80.1,67.9,61.3,53.7,74.1,3.4,13,3,2,59.0,0,63.7,Medium,64.25,0,61.6,71.03
STU03636,18,Male,Mechanical,2,5.59,66.5,47.9,30.4,33.6,56.5,2.2,19,1,2,57.9,1,56.8,Medium,42.1,1,61.16,53.03
STU03637,20,Female,Computer Science,5,6.31,66.2,58.5,64.7,47.7,63.6,3.0,21,2,1,66.0,2,56.1,Medium,58.62,1,65.4,62.08
STU03638,20,Male,Electronics,3,7.41,80.0,79.7,74.3,67.7,73.5,3.3,13,1,2,73.0,0,85.0,Low,73.8,0,72.7,75.46
STU03639,20,Male,Electrical,5,6.43,63.9,56.3,58.3,48.8,76.7,2.2,25,1,3,42.7,0,62.4,Medium,60.02,2,55.08,62.49
STU03640,22,Female,Electrical,8,6.54,78.2,52.1,49.4,57.9,61.9,2.0,13,1,2,54.3,0,48.1,High,55.32,1,58.72,64.57
STU03641,21,Female,Management,6,5.11,65.7,58.9,49.6,33.3,55.1,2.0,20,3,2,43.4,1,44.6,High,49.22,1,48.36,54.0
STU03642,22,Female,Mechanical,8,8.11,76.2,83.5,86.1,63.8,80.6,3.0,14,1,1,79.8,0,79.2,Low,78.5,1,73.92,78.83
STU03643,21,Male,Computer Science,5,6.44,71.3,64.5,56.0,40.2,72.0,2.8,17,2,3,57.9,0,66.2,Low,58.18,1,61.16,63.64
STU03644,21,Male,Computer Science,8,6.44,73.9,60.9,60.9,57.5,68.6,3.7,17,0,2,51.9,1,61.3,Medium,61.98,1,69.26,65.81
STU03645,20,Male,Computer Science,3,7.27,80.6,64.6,66.0,45.8,71.6,2.5,12,0,2,61.9,2,73.7,Low,62.0,0,67.26,70.39
STU03646,20,Male,Electronics,4,5.24,58.5,44.2,23.5,36.2,40.0,1.3,27,1,3,31.9,1,42.4,High,35.98,2,46.26,47.36
STU03647,20,Female,Mechanical,3,7.67,64.9,68.5,65.1,88.2,79.8,2.6,19,1,2,52.7,0,74.0,Low,75.4,2,61.08,73.23
STU03648,22,Male,Civil,7,7.38,92.3,57.1,65.9,60.3,72.8,4.5,5,0,2,71.8,0,73.9,Low,64.03,0,81.22,74.52
STU03649,21,Female,Computer Science,5,8.25,76.7,61.0,79.7,74.0,67.7,1.8,16,4,4,49.5,1,75.2,Low,70.6,1,46.8,76.29
STU03650,19,Female,Computer Science,3,6.94,78.5,78.8,76.0,58.5,73.8,3.0,14,2,0,66.4,0,74.1,Low,71.78,1,65.56,72.62
STU03651,20,Male,Computer Science,3,8.89,99.2,89.8,74.9,83.5,98.1,5.3,0,1,2,86.8,0,100.0,Low,86.57,0,88.22,90.54
STU03652,19,Male,Electrical,4,7.98,96.9,87.5,80.4,67.6,84.3,4.2,2,0,0,59.8,0,76.6,Low,79.95,0,74.92,84.14
STU03653,19,Female,Electronics,3,8.53,89.5,84.9,82.7,75.7,92.7,3.8,7,1,0,56.8,0,79.0,Low,84.0,0,68.72,85.83
STU03654,21,Male,Computer Science,6,7.21,98.5,74.4,76.2,84.7,83.8,3.7,1,2,2,66.8,2,79.1,Low,79.78,0,69.22,81.77
STU03655,22,Male,Electronics,7,8.34,99.3,84.0,63.1,72.8,72.2,5.6,0,0,0,77.2,1,90.2,Low,73.02,0,88.88,83.22
STU03656,22,Male,Computer Science,8,6.47,64.8,60.0,50.2,49.0,66.2,2.0,24,2,6,43.5,1,46.5,High,56.35,2,51.4,61.39
STU03657,19,Female,Electronics,3,6.24,63.5,66.3,58.2,54.8,51.3,2.4,24,0,2,51.1,1,67.2,Low,57.65,2,62.44,60.78
STU03658,21,Female,Electrical,5,6.89,87.9,94.1,84.3,94.3,97.3,4.5,8,1,1,86.0,0,88.0,Low,92.5,0,83.9,83.09
STU03659,21,Female,Electronics,5,6.31,79.2,56.3,61.8,44.9,65.2,2.7,14,2,1,55.8,0,60.4,Medium,57.05,1,59.82,64.7
STU03660,20,Male,Computer Science,5,7.56,85.7,75.3,65.9,66.9,86.9,4.2,9,2,1,79.6,0,87.1,Low,73.75,0,76.84,77.38
STU03661,21,Female,Computer Science,5,7.85,69.7,64.1,54.5,64.1,71.0,3.1,18,0,3,55.0,0,63.4,Medium,63.42,1,67.5,70.27
STU03662,20,Male,Computer Science,3,7.11,80.1,69.8,71.6,82.6,73.9,4.1,14,2,0,61.7,0,58.3,Medium,74.47,0,69.18,74.7
STU03663,19,Female,Management,2,6.42,79.8,55.9,60.0,61.1,71.7,1.8,13,1,2,72.9,0,56.3,Medium,62.18,1,65.16,67.29
STU03664,19,Other,Civil,4,7.2,69.4,64.5,67.0,54.9,59.2,2.5,21,0,5,47.5,0,61.4,Medium,61.4,1,61.5,67.11
STU03665,19,Female,Mechanical,2,6.89,70.9,59.9,54.7,38.3,63.8,1.8,19,3,2,59.8,0,48.8,High,54.18,1,53.92,63.51
STU03666,19,Male,Mechanical,2,5.93,59.9,51.8,46.8,42.9,55.6,2.0,26,0,2,62.2,0,51.5,Medium,49.28,2,64.88,55.44
STU03667,21,Female,Computer Science,5,6.69,67.2,66.4,57.7,51.5,60.6,1.4,21,2,3,56.9,0,61.4,Medium,59.05,1,53.76,63.84
STU03668,21,Male,Electronics,8,5.56,85.7,53.6,62.3,46.3,60.9,3.0,10,1,3,70.5,0,64.3,Medium,55.78,0,70.2,63.19
STU03669,20,Male,Electronics,5,4.97,68.9,58.7,42.6,33.4,59.3,2.9,18,3,1,55.8,1,42.0,High,48.5,1,57.82,54.02
STU03670,18,Female,Electrical,2,7.48,80.1,68.0,62.6,61.8,80.4,2.2,11,0,2,75.7,1,80.7,Low,68.2,0,71.28,73.48
STU03671,22,Male,Electrical,7,7.54,64.7,56.5,69.4,57.4,75.8,2.1,21,2,3,54.2,0,57.8,Medium,64.78,2,56.18,68.48
STU03672,21,Male,Electronics,6,6.24,60.8,53.6,66.0,59.0,60.4,1.8,23,3,3,34.3,0,50.8,Medium,59.75,2,43.72,60.94
STU03673,20,Female,Electrical,4,6.97,84.6,73.9,71.7,61.5,69.8,3.1,10,1,2,61.4,0,66.8,Low,69.23,0,67.06,73.24
STU03674,20,Female,Computer Science,3,6.17,95.2,53.9,68.2,41.7,49.8,3.3,3,2,1,62.4,1,58.3,Medium,53.4,0,65.46,66.76
STU03675,22,Female,Computer Science,8,5.3,84.6,64.6,70.5,52.5,74.9,4.0,10,0,2,69.6,0,62.9,Medium,65.62,0,77.84,65.95
STU03676,20,Male,Computer Science,5,8.29,82.7,78.6,89.9,81.9,70.7,4.2,10,0,0,68.6,0,80.9,Low,80.28,0,78.44,81.8
STU03677,19,Female,Computer Science,2,6.45,71.5,53.6,47.1,48.9,65.6,3.6,19,2,2,66.3,2,49.8,High,53.8,1,68.52,61.97
STU03678,19,Male,Computer Science,3,7.69,82.2,77.1,78.5,69.8,79.0,3.6,12,0,2,60.4,0,89.9,Low,76.1,0,72.16,77.9
STU03679,19,Female,Management,3,5.58,63.5,42.8,49.1,39.2,61.7,1.6,25,1,0,43.7,1,43.0,High,48.2,2,52.48,54.68
STU03680,20,Male,Electronics,4,8.06,99.4,75.5,64.9,77.7,70.3,3.7,0,1,1,74.7,1,83.7,Low,72.1,0,75.38,81.9
STU03681,20,Male,Electronics,4,5.7,66.5,51.0,48.6,67.9,66.1,1.8,19,2,1,72.7,1,54.9,Medium,58.4,1,62.08,59.94
STU03682,21,Female,Computer Science,5,6.89,73.1,84.3,69.6,76.4,83.3,2.4,16,2,1,60.8,0,76.5,Low,78.4,1,60.32,73.75
STU03683,19,Male,Computer Science,4,7.79,71.1,73.3,70.1,47.6,70.8,3.2,19,0,3,56.1,0,70.1,Low,65.45,1,68.44,71.22
STU03684,20,Female,Computer Science,6,6.91,90.0,71.7,73.8,53.6,64.9,4.3,6,2,2,68.5,0,70.8,Low,66.0,0,72.9,73.08
STU03685,20,Male,Computer Science,5,5.85,64.3,45.8,52.8,50.0,45.2,2.7,21,2,3,61.4,1,45.2,High,48.45,2,62.06,55.93
STU03686,22,Male,Electronics,8,6.47,66.3,54.8,61.3,50.8,70.7,1.6,19,3,1,53.0,0,50.1,Medium,59.4,1,50.2,62.98
STU03687,22,Male,Computer Science,7,5.68,70.4,56.7,49.2,40.8,57.3,2.2,17,2,3,61.7,0,54.5,Medium,51.0,1,59.68,57.88
STU03688,19,Male,Computer Science,4,6.35,64.5,57.5,58.5,46.4,58.0,1.4,24,4,4,41.0,0,50.2,Medium,55.1,2,41.4,60.39
STU03689,19,Male,Civil,2,9.71,86.6,88.1,76.2,88.0,100.0,4.8,9,1,0,70.9,1,83.0,Low,88.08,0,79.36,90.86
STU03690,21,Male,Management,6,9.09,85.7,86.4,86.4,74.4,91.8,5.9,10,1,1,92.8,0,94.8,Low,84.75,0,93.62,87.14
STU03691,19,Male,Computer Science,4,7.94,91.6,78.1,75.8,51.8,84.9,4.7,5,1,1,66.1,1,79.9,Low,72.65,0,76.94,79.75
STU03692,21,Female,Civil,8,7.64,85.8,71.1,81.4,72.1,84.8,4.6,8,0,2,64.9,0,78.0,Low,77.35,0,78.96,79.13
STU03693,20,Female,Civil,4,5.36,70.4,56.8,44.3,42.0,45.5,3.5,19,1,3,39.2,2,47.1,High,47.15,1,60.18,55.22
STU03694,19,Male,Mechanical,4,5.84,93.5,66.9,69.1,42.4,82.2,4.4,4,0,0,61.0,1,74.8,Low,65.15,0,76.4,69.88
STU03695,19,Male,Civil,4,7.99,69.9,65.0,68.9,80.3,86.3,3.4,19,1,1,72.3,1,78.7,Low,75.12,1,72.92,75.49
STU03696,22,Male,Mechanical,8,6.0,79.0,75.2,69.2,52.9,61.0,3.7,13,1,3,40.8,0,60.7,Medium,64.58,1,61.82,66.58
STU03697,18,Male,Management,2,6.89,65.7,60.3,64.2,59.1,65.3,2.6,20,0,2,66.1,1,57.2,Medium,62.22,1,69.44,65.43
STU03698,21,Male,Computer Science,8,7.25,83.8,83.7,73.9,67.5,79.0,4.3,10,0,2,65.8,0,82.2,Low,76.03,0,77.82,76.74
STU03699,20,Male,Mechanical,3,5.82,77.6,55.1,51.0,40.6,54.4,2.0,15,3,1,56.4,0,46.6,High,50.28,1,53.56,59.88
STU03700,22,Female,Civil,7,6.64,89.9,84.4,55.5,56.9,74.7,4.8,6,2,3,78.6,0,53.3,Medium,67.88,0,79.44,72.87
STU03701,21,Female,Management,5,5.83,70.9,62.6,56.0,63.0,60.1,2.2,17,0,2,49.2,0,68.4,Low,60.42,1,60.68,62.3
STU03702,20,Male,Mechanical,5,6.16,84.4,76.2,51.6,62.9,87.2,4.5,9,0,1,73.5,1,71.6,Low,69.48,0,81.9,70.45
STU03703,20,Male,Management,3,6.08,63.0,64.2,60.8,61.2,66.7,3.1,24,1,1,59.5,0,78.6,Low,63.22,2,66.3,62.32
STU03704,21,Male,Civil,7,6.18,67.6,60.6,51.7,67.0,65.7,2.2,18,2,3,49.2,1,54.9,Medium,61.25,1,54.68,63.03
STU03705,20,Male,Civil,6,7.88,85.7,73.0,73.1,76.1,63.8,2.3,9,1,2,72.2,1,73.0,Low,71.5,0,67.38,77.6
STU03706,21,Female,Electrical,5,6.74,76.7,62.4,62.2,51.9,70.5,3.0,17,4,3,64.8,1,64.8,Medium,61.75,1,58.92,67.46
STU03707,20,Male,Civil,5,6.24,71.3,73.8,53.2,60.6,77.2,2.3,17,1,1,65.6,0,71.0,Low,66.2,1,64.74,66.15
STU03708,21,Male,Mechanical,6,7.64,81.2,69.4,61.8,58.1,65.2,2.5,12,1,3,74.9,0,75.8,Low,63.62,0,69.46,72.49
STU03709,20,Male,Electrical,5,6.57,77.7,66.0,57.9,65.3,59.2,2.7,13,3,2,51.8,1,56.8,Medium,62.1,1,55.22,67.26
STU03710,21,Female,Computer Science,8,5.83,68.1,67.8,64.4,48.5,58.9,1.5,20,1,1,69.6,0,67.3,Low,59.9,1,62.34,61.39
STU03711,19,Male,Management,2,6.7,69.5,68.5,49.6,77.2,54.0,2.7,17,1,6,47.3,0,54.5,Medium,62.32,1,59.42,65.76
STU03712,20,Female,Electrical,3,8.05,92.6,80.0,66.9,69.0,69.0,5.8,5,0,1,77.5,0,80.5,Low,71.22,0,90.0,79.82
STU03713,22,Male,Civil,7,7.08,59.2,46.0,51.4,53.1,67.0,1.5,26,1,2,53.9,0,64.4,Medium,54.38,2,56.06,61.33
STU03714,21,Male,Computer Science,7,6.42,71.1,63.0,63.8,56.4,58.5,3.7,19,1,2,53.9,0,71.0,Low,60.42,1,67.06,64.41
STU03715,20,Male,Electronics,4,6.65,89.5,63.8,56.1,47.2,53.1,2.2,7,0,3,63.4,2,58.5,Medium,55.05,0,66.36,67.67
STU03716,21,Male,Computer Science,5,5.79,73.3,64.7,67.9,48.5,62.4,3.6,17,2,0,49.8,1,61.5,Medium,60.88,1,61.92,62.94
STU03717,19,Male,Computer Science,2,6.55,61.4,69.6,69.9,64.5,64.2,2.1,23,5,4,48.7,0,72.2,Low,67.05,2,44.98,65.1
STU03718,19,Male,Civil,3,6.79,76.7,76.9,60.4,65.2,75.0,5.3,6,3,5,62.4,0,72.4,Low,69.38,1,72.46,70.69
STU03719,21,Male,Management,8,7.81,80.2,71.7,92.5,63.9,68.0,3.4,12,1,2,72.0,0,70.6,Low,74.03,0,72.8,77.0
STU03720,21,Male,Civil,6,7.27,87.1,85.6,64.5,66.1,66.4,3.5,8,1,4,61.1,0,72.3,Low,70.65,0,68.94,75.48
STU03721,18,Male,Electronics,2,7.26,83.3,72.9,79.2,61.3,79.8,4.0,10,0,0,89.2,1,82.5,Low,73.3,0,85.68,75.56
STU03722,21,Female,Management,7,7.57,74.1,64.3,63.1,65.3,75.1,2.4,15,1,2,41.1,0,70.9,Low,66.95,1,55.44,71.8
STU03723,20,Female,Management,4,7.22,69.9,52.2,67.0,77.7,72.3,1.6,20,2,5,35.5,0,68.7,Low,67.3,1,46.2,69.66
STU03724,21,Female,Civil,5,8.18,86.4,67.9,83.0,69.6,83.1,4.0,7,1,1,64.6,0,78.1,Low,75.9,0,72.84,80.59
STU03725,22,Female,Electronics,7,6.48,72.2,53.3,46.3,54.3,52.5,2.0,19,0,4,53.9,0,54.0,Medium,51.6,1,61.56,61.37
STU03726,22,Male,Civil,7,7.31,73.0,72.6,82.2,61.0,62.6,2.4,18,1,3,44.5,0,77.6,Low,69.6,1,56.8,71.68
STU03727,18,Female,Electronics,2,7.85,71.4,72.0,57.4,59.5,77.7,2.4,16,1,1,49.3,0,59.4,Medium,66.65,1,58.72,71.99
STU03728,20,Male,Computer Science,4,8.61,100.0,73.2,61.8,75.4,92.4,4.1,0,0,3,59.5,0,78.0,Low,75.7,0,74.3,85.42
STU03729,19,Male,Mechanical,3,7.49,73.3,60.5,54.1,54.4,62.4,3.4,17,4,2,36.4,0,55.4,Medium,57.85,1,49.56,67.68
STU03730,21,Female,Civil,8,7.7,97.3,89.2,71.2,62.9,82.1,5.1,2,1,0,87.0,1,80.7,Low,76.35,0,87.3,81.82
STU03731,21,Male,Electronics,7,5.54,64.1,40.2,46.1,50.7,50.5,2.5,24,1,2,50.4,0,47.7,High,46.88,2,59.66,54.16
STU03732,20,Male,Management,6,7.48,93.0,84.7,60.2,72.6,83.9,3.4,4,0,3,53.6,0,66.8,Low,75.35,0,68.44,79.57
STU03733,19,Male,Electrical,2,9.98,79.0,88.3,92.2,95.0,75.8,4.0,14,1,3,73.3,0,100.0,Low,87.82,1,76.32,89.81
STU03734,21,Male,Mechanical,7,6.52,72.5,68.9,59.2,45.7,79.0,2.7,18,1,3,46.1,0,52.1,Medium,63.2,1,58.94,66.22
STU03735,21,Male,Computer Science,5,6.69,83.0,74.1,61.0,71.3,67.2,1.1,11,2,0,54.3,0,79.2,Low,68.4,0,51.22,71.53
STU03736,20,Female,Computer Science,3,6.1,52.7,38.1,58.3,45.0,50.0,1.5,28,3,4,45.1,0,52.4,Medium,47.85,2,46.54,53.66
STU03737,21,Male,Civil,5,7.0,99.5,79.4,84.5,56.8,67.9,4.5,0,0,0,84.6,1,99.7,Low,72.15,0,86.34,78.24
STU03738,20,Male,Electrical,5,7.75,81.3,84.0,63.4,85.1,75.3,3.2,11,3,1,50.5,0,75.1,Low,76.95,0,57.2,78.23
STU03739,20,Male,Mechanical,4,6.08,64.7,57.2,65.6,60.6,59.0,2.7,21,0,2,55.3,0,53.0,Medium,60.6,2,65.62,61.69
STU03740,22,Female,Computer Science,8,6.49,73.9,73.8,61.5,55.4,67.6,4.9,16,0,1,66.0,0,78.8,Low,64.58,1,80.9,67.02
STU03741,21,Female,Computer Science,8,5.82,85.4,75.4,43.2,40.9,66.0,2.7,10,1,2,84.8,0,54.3,Medium,56.38,0,74.42,64.27
STU03742,18,Female,Computer Science,2,5.27,87.3,72.3,62.7,58.6,78.2,3.4,8,1,1,71.6,1,71.2,Low,67.95,0,72.64,67.45
STU03743,21,Male,Civil,8,4.3,52.9,42.3,37.4,23.9,52.1,1.1,28,3,4,51.5,1,33.2,High,38.92,2,47.1,43.84
STU03744,20,Male,Mechanical,4,7.62,75.2,76.6,76.5,88.9,75.5,3.5,14,1,4,57.3,0,81.6,Low,79.38,1,67.42,77.22
STU03745,21,Male,Computer Science,7,8.54,82.5,64.4,83.6,78.7,87.1,2.9,11,2,2,44.7,0,95.1,Low,78.45,0,56.38,81.89
STU03746,22,Female,Mechanical,7,6.15,86.4,72.5,65.3,61.8,63.9,4.0,8,0,3,78.3,0,67.8,Low,65.88,0,81.32,69.47
STU03747,20,Female,Management,6,4.61,51.1,46.8,33.2,32.1,50.6,0.4,31,1,3,37.5,3,25.3,High,40.67,2,44.0,45.18
STU03748,22,Female,Electronics,7,7.9,80.1,69.0,59.4,60.6,75.3,2.6,12,2,2,74.2,0,62.7,Medium,66.08,0,66.68,74.1
STU03749,20,Male,Computer Science,6,5.73,74.5,68.2,60.3,43.6,72.8,2.9,16,1,1,65.7,1,48.1,High,61.22,1,67.78,63.17
STU03750,22,Female,Mechanical,7,8.3,98.7,81.4,73.6,86.6,71.1,3.6,1,1,2,81.7,0,83.2,Low,78.18,0,77.68,84.99
STU03751,19,Male,Management,4,6.41,77.1,63.0,61.0,58.5,58.2,2.2,13,1,3,59.9,2,59.4,Medium,60.18,1,61.96,65.78
STU03752,22,Male,Computer Science,7,6.04,79.0,83.9,74.5,52.5,66.1,3.9,12,1,0,63.0,0,66.5,Low,69.25,1,71.7,68.59
STU03753,21,Male,Computer Science,8,7.49,78.6,62.7,61.8,56.1,74.1,3.1,13,0,3,56.7,0,72.0,Low,63.68,1,68.18,71.34
STU03754,22,Female,Mechanical,8,7.83,83.2,86.2,78.6,65.2,79.2,3.3,11,0,1,52.5,0,85.4,Low,77.3,0,67.5,79.12
STU03755,20,Female,Electronics,3,6.17,66.5,65.1,53.5,59.6,63.2,1.1,23,0,3,42.2,1,50.0,Medium,60.35,1,52.38,62.36
STU03756,21,Male,Management,5,7.11,87.9,79.2,62.0,67.8,59.1,4.2,7,1,2,73.1,0,71.1,Low,67.03,0,77.24,73.67
STU03757,20,Female,Civil,5,5.72,61.9,56.2,43.6,58.7,72.2,3.2,25,2,2,50.2,0,65.6,Low,57.68,2,60.08,58.56
STU03758,21,Male,Computer Science,6,6.55,89.5,69.7,56.6,53.1,69.7,4.1,7,1,2,69.1,0,68.4,Low,62.28,0,75.14,70.21
STU03759,20,Male,Management,6,8.47,100.0,77.1,74.5,77.6,86.5,4.3,0,0,1,62.5,1,85.7,Low,78.92,0,76.5,86.22
STU03760,21,Male,Civil,7,5.25,71.5,51.0,38.7,27.0,59.6,3.6,17,0,2,56.0,1,46.1,High,44.08,1,70.4,53.88
STU03761,20,Male,Mechanical,5,6.98,85.2,70.2,46.0,60.7,66.0,3.3,8,0,1,80.9,1,74.9,Low,60.72,0,78.86,70.02
STU03762,20,Female,Computer Science,6,6.53,47.3,45.4,41.9,66.0,59.9,1.9,30,2,4,28.0,0,50.0,Medium,53.3,2,44.7,56.0
STU03763,22,Male,Civil,8,7.54,73.7,65.5,78.5,64.8,69.8,2.9,16,1,4,47.0,0,56.1,Medium,69.65,1,60.3,72.68
STU03764,19,Male,Management,2,7.52,87.3,70.4,73.8,71.8,79.4,4.4,7,1,4,59.9,1,68.3,Low,73.85,0,72.96,77.68
STU03765,21,Male,Computer Science,6,7.13,88.4,76.2,54.2,57.6,76.2,3.5,7,2,0,62.7,1,66.4,Low,66.05,0,66.58,73.47
STU03766,20,Female,Electronics,4,7.74,73.7,78.8,63.6,65.1,69.4,2.4,15,2,3,52.0,0,64.0,Medium,69.22,1,56.8,73.2
STU03767,22,Female,Management,8,7.76,77.3,86.9,70.4,66.0,64.0,4.2,13,1,4,64.4,0,76.9,Low,71.82,1,73.76,75.22
STU03768,20,Female,Electronics,5,7.0,54.2,45.4,58.2,57.5,55.7,0.9,31,0,2,45.4,0,40.6,High,54.2,2,52.66,59.73
STU03769,21,Male,Computer Science,6,9.0,73.9,70.3,71.8,69.0,89.0,4.5,16,3,1,60.8,0,79.3,Low,75.03,1,67.82,79.99
STU03770,21,Male,Computer Science,7,7.01,73.6,59.2,77.1,47.4,59.2,1.8,16,2,4,41.8,0,55.1,Medium,60.73,1,49.72,67.22
STU03771,19,Male,Civil,3,7.03,72.4,75.7,79.3,65.3,71.7,3.7,19,0,1,53.3,0,76.3,Low,73.0,1,69.82,71.9
STU03772,21,Female,Civil,5,5.52,83.1,62.4,56.6,52.3,70.1,3.8,11,3,0,68.3,1,53.1,Medium,60.35,0,67.32,64.23
STU03773,22,Male,Computer Science,7,7.65,75.2,73.8,61.2,66.2,83.4,2.7,14,0,1,54.4,1,73.6,Low,71.15,1,65.26,74.04
STU03774,21,Female,Computer Science,7,7.42,83.1,78.4,73.3,61.2,73.5,3.2,10,0,2,66.0,0,76.9,Low,71.6,0,72.4,75.38
STU03775,20,Female,Mechanical,3,9.39,80.8,61.8,61.8,68.5,66.7,2.8,12,1,5,76.1,0,74.4,Low,64.7,0,71.44,78.95
STU03776,22,Female,Civil,7,5.24,70.2,61.2,61.3,53.7,66.8,3.1,16,1,1,57.5,0,49.0,High,60.75,1,65.5,60.19
STU03777,19,Female,Computer Science,3,6.53,65.7,43.1,48.4,44.8,48.7,0.2,22,1,3,58.8,1,39.4,High,46.25,1,51.52,57.78
STU03778,20,Male,Electronics,3,8.04,77.2,70.7,60.1,62.4,77.2,4.0,13,0,0,59.5,0,86.2,Low,67.6,1,73.8,74.48
STU03779,22,Male,Mechanical,7,5.77,63.7,52.4,48.8,63.3,62.3,0.5,25,2,4,40.0,0,50.6,Medium,56.7,2,42.5,58.8
STU03780,20,Male,Computer Science,6,5.34,46.3,44.5,38.1,23.2,39.5,0.6,32,5,5,21.1,3,17.4,High,36.33,2,26.44,44.8
STU03781,20,Male,Computer Science,5,6.84,75.3,68.8,52.0,40.2,68.3,4.0,16,4,3,59.5,0,70.7,Low,57.32,1,61.8,65.7
STU03782,20,Female,Management,5,4.73,62.8,47.1,34.4,37.3,58.1,1.2,25,2,3,55.9,2,35.7,High,44.22,2,52.36,49.95
STU03783,22,Male,Management,8,5.41,73.4,75.6,49.6,50.5,69.8,3.1,17,2,3,44.3,0,52.3,Medium,61.38,1,57.22,61.84
STU03784,19,Female,Electronics,3,8.04,81.4,67.1,80.9,74.5,75.1,3.9,12,0,3,56.4,0,77.2,Low,74.4,0,72.06,78.25
STU03785,20,Female,Management,4,9.43,76.7,96.2,100.0,92.7,94.2,5.2,0,0,1,81.4,0,100.0,Low,95.78,1,88.56,90.49
STU03786,20,Male,Civil,5,6.04,77.5,62.7,53.0,41.3,51.6,2.1,15,1,3,50.3,0,53.2,Medium,52.15,1,57.62,61.38
STU03787,22,Male,Management,7,7.73,83.6,66.8,34.4,65.1,67.6,3.3,10,1,0,63.7,0,70.1,Low,58.47,0,68.98,71.34
STU03788,21,Male,Management,5,6.78,80.9,62.2,54.5,50.3,66.7,4.1,12,0,1,63.8,1,67.0,Low,58.42,0,76.02,67.32
STU03789,21,Male,Mechanical,7,7.88,99.7,81.3,100.0,85.4,88.2,6.4,0,0,1,81.8,0,95.2,Low,88.72,0,92.72,88.0
STU03790,22,Female,Mechanical,7,6.86,91.7,71.0,60.8,51.2,77.4,2.7,5,1,3,49.9,0,75.6,Low,65.1,0,60.46,72.97
STU03791,22,Female,Computer Science,8,6.3,70.0,73.2,38.2,63.9,58.9,3.6,17,1,1,67.7,0,57.0,Medium,58.55,1,72.08,62.97
STU03792,21,Female,Mechanical,5,9.6,98.4,83.9,100.0,75.3,92.5,4.1,1,0,1,85.2,0,90.2,Low,87.92,0,84.58,93.37
STU03793,21,Male,Electronics,5,5.88,67.7,42.3,38.7,49.0,56.0,0.4,21,2,3,38.1,1,53.5,Medium,46.5,1,41.24,56.1
STU03794,18,Female,Civil,2,6.72,67.3,60.8,65.6,62.7,63.2,3.0,21,0,5,39.2,0,59.3,Medium,63.08,1,60.68,65.58
STU03795,19,Female,Computer Science,2,4.86,79.8,64.9,37.0,43.3,50.0,2.0,12,1,2,57.7,1,60.5,Medium,48.8,1,60.08,56.48
STU03796,21,Other,Electrical,5,6.93,84.9,57.0,76.9,51.3,67.5,2.8,8,1,1,69.1,1,57.6,Medium,63.18,0,68.64,70.75
STU03797,21,Female,Management,7,5.22,71.4,55.0,36.0,44.9,73.6,2.9,16,2,3,59.0,1,53.6,Medium,52.38,1,62.1,57.07
STU03798,21,Female,Computer Science,7,6.45,70.0,58.8,46.3,47.4,42.0,2.6,19,0,2,47.3,0,66.0,Low,48.62,1,61.92,59.53
STU03799,19,Male,Civil,4,7.88,89.9,85.1,82.0,75.2,64.2,4.8,6,0,3,61.0,0,84.8,Low,76.62,0,78.4,80.71
STU03800,21,Female,Electrical,5,7.07,61.7,54.3,51.1,67.2,59.2,3.2,25,3,1,52.9,0,58.5,Medium,57.95,2,58.16,63.35
STU03801,22,Male,Mechanical,7,5.94,91.5,67.5,62.5,57.0,67.7,2.8,5,1,4,43.9,1,69.1,Low,63.68,0,58.56,69.13
STU03802,19,Male,Management,4,4.88,65.6,61.5,54.4,37.8,61.1,1.1,21,3,5,30.1,2,27.1,High,53.7,1,38.54,54.96
STU03803,20,Male,Mechanical,3,7.17,79.6,57.2,62.9,74.5,71.7,3.1,14,0,1,64.3,1,76.0,Low,66.58,1,71.22,71.62
STU03804,22,Male,Computer Science,8,6.38,53.1,47.5,47.3,64.3,48.1,1.4,28,2,1,58.0,0,55.8,Medium,51.8,2,54.2,56.32
STU03805,20,Male,Mechanical,5,7.93,86.9,76.4,67.7,78.6,82.0,3.4,8,1,1,79.6,0,81.4,Low,76.18,0,75.84,79.95
STU03806,20,Male,Mechanical,3,3.18,42.5,42.6,24.4,20.9,37.9,0.2,38,3,2,33.7,6,15.9,High,31.45,2,35.48,34.34
STU03807,20,Female,Computer Science,3,5.41,73.6,59.8,56.1,54.3,65.5,1.3,15,4,3,32.5,3,34.4,High,58.92,1,37.5,60.9
STU03808,19,Female,Electrical,4,7.65,70.9,81.5,74.4,48.9,69.3,4.3,17,0,0,47.4,0,81.1,Low,68.53,1,70.46,71.91
STU03809,20,Female,Mechanical,3,6.86,86.8,55.6,63.7,72.0,57.8,3.7,8,1,0,60.0,1,70.4,Low,62.28,0,69.5,70.62
STU03810,21,Female,Electronics,5,6.3,61.7,61.5,64.0,65.8,58.6,2.0,23,0,3,62.6,2,51.2,Medium,62.48,2,65.04,62.46
STU03811,21,Male,Electronics,7,7.31,62.2,44.5,48.9,59.3,69.7,2.4,26,1,4,47.2,0,65.9,Low,55.6,2,57.88,63.38
STU03812,21,Female,Electronics,7,6.61,61.7,63.6,54.0,57.5,59.7,1.2,25,1,1,51.6,0,54.4,Medium,58.7,2,53.64,62.04
STU03813,21,Female,Electronics,8,5.73,58.9,59.5,47.9,52.1,54.3,0.3,23,3,2,43.5,1,39.7,High,53.45,2,39.9,56.16
STU03814,21,Male,Mechanical,7,7.13,76.4,63.3,63.9,49.4,62.5,2.5,16,2,2,54.5,0,71.6,Low,59.78,1,58.3,67.96
STU03815,19,Female,Electronics,4,7.85,96.5,63.7,82.8,77.6,79.2,3.6,2,1,1,68.5,0,84.5,Low,75.82,0,72.4,81.93
STU03816,19,Female,Electrical,2,6.53,79.4,62.3,48.0,55.8,75.2,2.0,12,0,2,44.7,0,59.4,Medium,60.32,1,57.88,66.84
STU03817,19,Male,Management,3,7.11,86.9,78.1,63.3,60.5,88.8,3.6,9,1,2,69.3,0,75.8,Low,72.68,0,72.72,75.68
STU03818,22,Female,Mechanical,7,6.73,76.4,71.1,74.5,60.4,72.3,2.6,14,1,2,55.1,1,61.4,Medium,69.58,1,62.04,70.49
STU03819,20,Male,Civil,4,9.38,85.4,90.5,79.5,85.2,85.8,3.6,8,1,3,74.4,0,80.7,Low,85.25,0,74.76,88.28
STU03820,21,Female,Management,7,6.33,57.8,55.1,52.9,53.6,54.4,0.9,23,1,1,45.9,0,45.0,High,54.0,2,49.86,58.2
STU03821,21,Female,Computer Science,5,7.5,79.7,85.8,60.2,85.0,82.4,3.5,13,2,1,58.9,0,73.6,Low,78.35,1,65.06,77.52
STU03822,21,Male,Computer Science,8,7.77,67.1,53.8,73.0,64.8,67.6,2.8,20,2,1,35.8,0,68.1,Low,64.8,1,52.32,69.89
STU03823,21,Female,Computer Science,5,6.16,76.9,55.3,46.2,59.3,53.8,1.9,14,3,5,54.1,1,58.1,Medium,53.65,1,52.14,62.24
STU03824,21,Male,Electronics,8,6.19,77.1,56.6,58.8,50.4,74.9,3.9,13,1,1,64.2,0,72.7,Low,60.18,1,72.18,65.01
STU03825,19,Male,Electronics,3,6.31,78.1,68.5,54.1,61.0,65.4,3.0,13,2,2,68.2,3,62.8,Medium,62.25,1,66.28,66.51
STU03826,22,Female,Mechanical,7,7.48,100.0,76.7,77.1,59.7,93.3,5.6,0,0,0,80.1,0,89.0,Low,76.7,0,90.04,81.86
STU03827,21,Female,Electronics,5,6.99,80.2,71.7,59.8,67.6,72.7,1.2,12,1,3,54.7,0,74.8,Low,67.95,0,54.88,71.7
STU03828,20,Male,Computer Science,3,7.66,67.7,72.6,61.2,71.8,60.0,2.5,22,3,1,63.8,1,60.1,Medium,66.4,1,59.02,70.3
STU03829,20,Female,Electronics,3,6.33,64.7,60.4,50.4,57.9,63.0,1.4,22,2,3,36.3,1,59.2,Medium,57.92,2,45.52,61.5
STU03830,19,Male,Computer Science,4,5.16,61.7,54.3,46.3,36.9,50.7,2.6,21,2,1,43.9,0,55.2,Medium,47.05,2,54.56,52.3
STU03831,20,Male,Mechanical,3,5.23,56.4,49.2,51.9,54.4,67.3,2.9,27,6,4,40.2,0,59.9,Medium,55.7,2,42.58,54.68
STU03832,21,Female,Computer Science,8,8.87,90.0,94.0,85.8,92.3,90.2,4.4,7,0,3,71.0,1,98.7,Low,90.58,0,80.4,89.78
STU03833,19,Male,Computer Science,3,7.02,79.0,58.7,55.5,55.4,59.4,2.6,12,2,2,51.1,0,58.7,Medium,57.25,1,57.44,67.22
STU03834,21,Male,Computer Science,6,6.13,70.9,64.5,54.3,42.1,46.7,3.0,17,1,1,47.3,0,56.6,Medium,51.9,1,60.92,59.94
STU03835,20,Female,Civil,5,8.58,79.4,85.9,83.0,62.9,84.9,3.1,13,1,1,64.3,0,80.6,Low,79.18,1,68.22,81.55
STU03836,21,Female,Computer Science,5,7.19,70.5,57.5,64.2,76.1,59.8,0.9,17,1,1,54.0,0,54.1,Medium,64.4,1,53.1,68.55
STU03837,20,Female,Civil,6,7.14,74.9,76.3,54.6,60.0,66.9,3.2,16,2,4,62.6,0,68.6,Low,64.45,1,65.04,69.5
STU03838,21,Female,Electrical,8,7.29,76.5,64.4,64.9,48.9,68.1,2.9,16,1,5,62.6,0,74.4,Low,61.58,1,66.54,69.27
STU03839,21,Female,Mechanical,8,6.31,77.9,68.8,69.9,58.9,59.7,3.1,14,1,1,56.4,1,52.0,Medium,64.32,1,65.06,67.29
STU03840,22,Female,Computer Science,8,6.41,84.4,59.8,68.5,51.9,59.2,4.1,9,0,2,59.7,1,54.3,Medium,59.85,0,74.38,67.47
STU03841,21,Male,Mechanical,5,5.53,64.8,49.1,27.1,46.2,57.2,2.8,24,3,3,38.4,1,36.3,High,44.9,2,50.36,53.52
STU03842,21,Male,Computer Science,7,6.79,80.5,59.4,62.0,68.8,59.4,3.2,11,0,3,63.4,2,57.7,Medium,62.4,0,71.36,68.85
STU03843,19,Male,Electrical,3,6.7,55.7,67.0,68.0,48.6,59.9,0.9,29,2,1,54.1,0,46.4,High,60.88,2,50.14,61.72
STU03844,21,Male,Electrical,8,9.49,91.3,82.8,80.4,82.2,79.5,3.4,5,0,2,87.5,1,86.5,Low,81.22,0,82.0,88.53
STU03845,20,Male,Electronics,3,6.81,76.7,67.2,82.8,61.8,55.2,2.7,13,1,2,56.7,0,56.7,Medium,66.75,1,63.18,69.71
STU03846,19,Female,Computer Science,2,4.83,70.4,52.3,23.6,24.6,42.6,2.5,18,2,3,48.9,0,46.5,High,35.78,1,56.06,48.82
STU03847,21,Female,Civil,7,7.85,85.8,72.2,68.5,56.6,75.5,4.2,8,2,1,62.2,3,65.8,Low,68.2,0,69.88,76.2
STU03848,22,Female,Mechanical,7,9.85,100.0,77.3,95.7,91.8,96.0,5.4,0,0,3,62.6,0,94.2,Low,90.2,0,82.04,95.56
STU03849,18,Male,Computer Science,2,7.69,80.9,53.5,67.6,82.4,75.7,3.2,12,2,1,37.8,1,56.4,Medium,69.8,0,55.12,75.06
STU03850,21,Male,Electrical,8,5.4,73.4,57.7,54.6,43.2,61.8,2.4,15,0,1,64.2,1,63.0,Medium,54.32,1,67.68,58.98
STU03851,18,Male,Electronics,2,9.31,77.5,71.9,61.5,66.3,84.6,3.1,15,0,0,70.3,0,84.8,Low,71.07,1,73.62,80.39
STU03852,19,Male,Management,2,5.3,58.0,52.4,48.1,69.6,56.7,2.8,24,0,1,73.6,1,55.8,Medium,56.7,2,73.44,55.73
STU03853,22,Male,Electrical,8,5.04,68.9,53.0,49.7,47.7,59.9,2.1,21,4,2,45.4,3,42.3,High,52.58,1,46.66,55.9
STU03854,20,Female,Computer Science,3,6.46,87.8,81.4,44.1,44.3,65.1,3.2,8,2,3,63.8,0,71.1,Low,58.72,0,65.52,68.05
STU03855,19,Male,Computer Science,3,8.11,84.4,81.2,72.6,61.1,66.5,1.6,9,0,0,68.6,0,75.8,Low,70.35,0,65.44,77.62
STU03856,22,Female,Electronics,7,4.54,53.6,49.1,39.8,40.5,57.1,1.1,28,2,1,50.8,0,31.1,High,46.62,2,49.82,47.94
STU03857,21,Male,Electrical,6,5.33,56.8,46.5,46.5,51.2,52.6,1.6,28,1,3,31.2,1,38.1,High,49.2,2,47.48,52.54
STU03858,21,Female,Computer Science,5,6.81,78.3,74.0,71.1,73.0,75.1,2.5,15,2,3,64.0,0,74.5,Low,73.3,1,62.1,72.73
STU03859,22,Female,Electronics,8,5.75,68.8,59.7,83.9,56.6,50.0,2.5,20,6,3,57.2,0,48.8,High,62.55,1,47.38,62.34
STU03860,19,Female,Civil,2,7.64,92.7,75.6,78.4,71.4,79.5,3.7,4,3,3,78.7,0,74.3,Low,76.22,0,70.98,80.4
STU03861,22,Male,Computer Science,8,5.35,76.6,59.5,40.4,35.4,64.1,1.8,13,2,3,45.9,0,60.0,Medium,49.85,1,51.36,57.82
STU03862,20,Female,Computer Science,3,7.12,67.2,60.2,77.8,56.0,59.9,2.4,20,2,2,48.0,0,76.4,Low,63.48,1,55.2,67.11
STU03863,21,Male,Electrical,6,5.96,71.1,52.8,28.3,35.5,63.3,2.4,18,1,1,54.5,0,59.4,Medium,44.97,1,60.8,56.62
STU03864,19,Female,Mechanical,4,9.66,92.9,85.6,78.2,90.2,91.4,4.2,5,0,3,72.3,0,83.3,Low,86.35,0,79.92,91.57
STU03865,19,Male,Mechanical,4,4.73,69.3,40.9,48.4,44.5,53.1,1.9,19,0,3,64.9,2,43.8,High,46.72,1,65.46,52.57
STU03866,20,Female,Computer Science,4,5.72,75.5,60.1,61.8,48.0,55.0,3.4,17,1,5,75.1,0,63.8,Medium,56.22,1,74.04,61.38
STU03867,21,Female,Mechanical,5,6.63,60.2,42.0,59.2,69.9,57.9,0.7,25,2,6,46.9,1,48.4,High,57.25,2,46.26,61.16
STU03868,21,Female,Mechanical,8,9.08,76.7,90.2,84.2,89.5,72.7,4.1,4,0,0,75.1,0,100.0,Low,84.15,1,80.54,84.62
STU03869,18,Female,Electronics,2,8.53,87.3,64.8,77.5,74.5,75.1,3.6,7,1,2,53.0,1,84.6,Low,72.97,0,66.2,80.87
STU03870,21,Male,Management,6,7.01,55.7,71.8,58.3,68.3,71.9,1.6,29,2,4,51.2,1,66.8,Low,67.57,2,52.48,65.49
STU03871,22,Female,Computer Science,8,5.52,66.7,61.8,57.5,64.0,67.6,3.8,19,1,3,61.1,1,72.7,Low,62.72,1,70.44,61.08
STU03872,21,Male,Electronics,7,5.81,77.3,59.6,66.5,40.0,64.7,2.0,14,3,0,54.2,2,44.7,High,57.7,1,52.68,62.74
STU03873,21,Male,Electrical,8,6.56,87.9,69.7,67.8,64.4,75.2,3.9,8,2,2,65.9,3,51.3,Medium,69.28,0,69.86,72.65
STU03874,18,Male,Computer Science,2,5.35,68.9,47.2,45.6,47.1,55.1,3.1,18,0,2,65.7,1,44.7,High,48.75,1,71.78,55.45
STU03875,20,Male,Management,4,5.5,73.6,69.3,56.3,44.3,51.7,3.5,15,2,2,66.0,0,57.1,Medium,55.4,1,67.9,59.81
STU03876,20,Male,Electronics,4,6.13,62.6,62.5,72.6,63.5,61.8,1.1,21,3,4,45.8,0,49.3,High,65.1,2,44.82,63.14
STU03877,20,Female,Computer Science,5,6.34,63.3,46.4,34.2,52.6,62.4,1.8,22,1,1,31.2,0,40.4,High,48.9,2,48.48,57.58
STU03878,19,Male,Computer Science,4,6.69,69.4,47.7,46.8,55.2,61.2,2.3,19,2,3,49.5,0,54.9,Medium,52.72,1,55.3,61.86
STU03879,19,Female,Electronics,3,5.14,67.4,46.8,39.5,34.7,50.1,0.5,20,0,1,48.7,2,39.1,High,42.78,1,51.98,51.95
STU03880,21,Male,Management,7,8.67,97.8,77.7,74.0,63.7,84.4,5.2,1,0,1,83.6,0,89.9,Low,74.95,0,89.44,84.78
STU03881,19,Female,Management,3,6.68,93.4,68.2,74.4,50.7,78.7,4.9,4,2,0,65.4,0,76.7,Low,68.0,0,74.66,73.93
STU03882,21,Male,Mechanical,8,8.73,80.2,75.8,71.8,76.7,78.8,5.3,14,2,1,70.4,0,81.7,Low,75.78,0,78.66,80.92
STU03883,18,Male,Computer Science,2,6.47,64.5,60.2,54.8,66.2,67.7,2.9,21,2,3,61.1,0,70.3,Low,62.22,2,62.94,63.66
STU03884,20,Female,Electronics,4,8.47,79.8,73.1,61.8,88.1,74.1,3.0,12,0,0,52.1,0,99.2,Low,74.27,1,65.84,79.3
STU03885,21,Female,Electronics,6,5.75,81.4,61.7,48.8,46.1,69.1,3.5,10,0,1,61.2,0,66.2,Low,56.42,0,71.98,63.04
STU03886,21,Other,Computer Science,8,6.65,60.1,59.4,49.9,57.6,53.2,0.8,24,2,4,55.2,0,49.4,High,55.03,2,50.08,60.31
STU03887,21,Male,Computer Science,7,6.55,70.0,54.4,31.7,46.0,59.4,1.4,17,1,3,42.9,0,39.3,High,47.88,1,51.16,59.58
STU03888,18,Female,Electronics,2,6.98,83.0,75.0,60.0,60.4,79.1,4.1,11,1,2,80.7,0,70.7,Low,68.62,0,79.78,72.63
STU03889,21,Female,Electronics,7,5.29,62.3,58.6,45.9,40.6,61.6,1.6,24,0,3,48.7,2,45.5,High,51.68,2,57.48,54.76
STU03890,20,Female,Civil,4,5.9,74.8,53.8,49.5,40.2,59.8,1.6,16,5,3,49.4,0,52.6,Medium,50.82,1,42.76,59.68
STU03891,21,Male,Electronics,8,5.84,75.2,61.0,62.9,59.7,59.1,3.8,14,0,3,61.7,0,66.1,Low,60.68,1,73.68,63.51
STU03892,22,Male,Computer Science,7,5.91,70.2,37.2,35.8,51.9,62.3,3.8,18,1,2,48.1,0,47.5,High,46.8,1,65.24,56.96
STU03893,19,Male,Computer Science,3,4.89,53.8,40.4,42.6,31.3,43.7,0.2,29,1,2,28.4,2,25.9,High,39.5,2,39.36,46.36
STU03894,20,Female,Civil,4,6.5,77.7,54.0,64.6,51.1,59.3,2.5,14,1,1,52.0,1,58.9,Medium,57.25,1,60.3,65.08
STU03895,21,Male,Civil,7,7.71,91.1,76.0,79.2,75.9,70.1,3.0,6,0,3,72.5,1,73.7,Low,75.3,0,74.0,79.88
STU03896,21,Male,Computer Science,8,5.57,76.7,61.7,57.3,44.4,64.9,4.7,6,1,1,72.3,0,52.8,Medium,57.08,1,79.42,61.5
STU03897,20,Female,Management,6,4.91,67.5,57.9,57.5,39.6,42.6,2.3,22,3,3,53.4,1,54.4,Medium,49.4,1,53.86,53.82
STU03898,20,Female,Civil,3,8.53,79.6,85.3,85.7,76.8,81.9,4.9,13,1,1,63.7,0,79.3,Low,82.43,1,76.98,82.72
STU03899,19,Female,Computer Science,4,6.95,87.3,61.4,71.5,59.4,76.1,3.4,8,1,1,75.0,0,69.6,Low,67.1,0,74.0,72.99
STU03900,22,Female,Electronics,7,6.45,82.2,66.5,63.7,52.6,66.9,2.0,12,5,5,55.7,0,62.3,Medium,62.42,0,47.28,68.1
STU03901,21,Male,Management,6,6.72,63.0,53.4,53.9,57.5,71.9,2.0,22,0,1,65.0,0,61.1,Medium,59.18,2,66.0,62.94
STU03902,20,Female,Electronics,3,7.94,83.1,76.4,79.5,73.1,83.9,3.1,11,1,1,74.4,0,80.0,Low,78.22,0,72.26,79.85
STU03903,20,Male,Computer Science,3,5.36,88.4,57.6,72.0,42.7,62.2,3.1,7,0,1,65.8,3,45.6,High,58.62,0,71.82,64.31
STU03904,20,Male,Mechanical,3,6.94,77.2,60.9,61.8,44.6,61.3,4.0,14,1,3,60.4,1,68.7,Low,57.15,1,71.16,66.45
STU03905,21,Male,Computer Science,5,4.79,66.7,40.3,44.7,36.9,62.5,2.4,19,3,1,46.2,1,38.4,High,46.1,1,51.48,51.88
STU03906,20,Male,Electrical,5,9.13,68.9,75.5,81.7,88.7,85.0,2.8,21,1,4,58.8,0,83.8,Low,82.72,1,64.52,82.27
STU03907,21,Female,Electrical,5,4.85,71.7,44.6,33.2,41.2,58.4,2.2,19,0,1,52.4,4,38.8,High,44.35,1,61.96,52.64
STU03908,22,Female,Electrical,8,5.35,78.1,55.4,50.1,38.4,63.2,2.4,15,0,4,74.3,1,62.3,Medium,51.78,1,71.72,58.96
STU03909,20,Male,Mechanical,6,5.82,50.9,50.6,47.6,50.9,55.5,0.2,32,4,1,28.8,0,44.8,High,51.15,2,30.52,53.56
STU03910,21,Male,Civil,6,4.93,61.1,59.0,44.4,38.8,52.7,2.9,23,4,0,44.2,0,43.4,High,48.72,2,50.18,52.02
STU03911,20,Male,Electronics,4,8.09,82.0,77.1,74.5,77.7,71.2,2.8,12,1,4,75.6,0,77.3,Low,75.12,0,71.24,78.87
STU03912,20,Male,Management,6,8.91,74.2,70.9,84.3,95.2,85.4,4.7,18,0,4,62.7,0,86.0,Low,83.95,1,78.58,83.31
STU03913,21,Female,Computer Science,8,6.73,68.4,62.8,57.3,54.2,58.9,2.8,21,0,2,51.9,1,61.9,Medium,58.3,1,64.76,63.98
STU03914,18,Female,Computer Science,2,5.8,77.3,63.0,44.1,30.3,65.5,2.8,14,0,2,65.9,1,60.9,Medium,50.72,1,70.36,59.92
STU03915,19,Male,Management,4,4.93,68.5,49.8,44.1,48.4,55.0,2.8,20,2,1,55.2,2,40.3,High,49.32,1,60.08,54.11
STU03916,18,Male,Management,2,6.07,61.4,59.8,57.4,35.6,59.7,2.7,26,1,5,51.2,0,65.2,Low,53.12,2,60.98,57.85
STU03917,19,Female,Mechanical,3,5.99,58.5,49.4,43.8,47.2,55.8,1.1,25,1,4,47.9,0,47.5,High,49.05,2,51.66,55.21
STU03918,19,Female,Mechanical,2,6.49,86.3,59.8,59.7,63.4,56.9,2.9,9,2,4,56.0,0,73.7,Low,59.95,0,60.9,68.27
STU03919,20,Female,Computer Science,6,7.66,81.3,59.8,56.9,55.2,59.7,2.7,13,0,4,56.8,1,53.2,Medium,57.9,0,66.22,70.29
STU03920,21,Male,Civil,7,8.07,95.1,85.8,80.1,66.7,93.7,5.0,3,0,1,80.7,0,83.2,Low,81.57,0,87.28,84.65
STU03921,21,Female,Computer Science,8,7.42,100.0,85.9,74.0,69.4,80.2,4.9,0,0,0,77.0,0,81.4,Low,77.38,0,85.3,81.92
STU03922,20,Male,Electronics,3,7.35,94.1,72.8,71.3,62.3,67.0,4.0,3,1,4,74.1,0,77.2,Low,68.35,0,76.64,76.59
STU03923,21,Female,Electronics,6,5.35,51.9,56.1,47.4,36.1,60.5,1.7,32,1,2,36.5,1,47.6,High,50.02,2,50.1,51.71
STU03924,20,Male,Management,4,6.89,74.0,65.2,71.3,65.2,69.3,2.8,16,1,4,64.9,0,93.2,Low,67.75,1,66.96,69.72
STU03925,20,Female,Management,4,6.37,79.5,70.7,68.9,72.1,77.1,3.8,13,0,1,64.4,0,74.4,Low,72.2,1,74.76,71.05
STU03926,20,Male,Management,6,8.06,79.2,68.8,81.7,69.5,89.6,4.2,11,0,2,55.8,0,88.6,Low,77.4,1,73.32,78.97
STU03927,21,Female,Electrical,6,7.62,79.6,62.1,69.6,72.3,70.6,2.4,11,2,2,66.8,1,65.7,Low,68.65,1,62.72,74.03
STU03928,20,Male,Electronics,6,5.69,77.7,53.5,54.0,40.2,72.3,3.2,15,0,1,66.1,0,57.7,Medium,55.0,1,72.44,61.34
STU03929,18,Female,Computer Science,2,5.78,71.9,49.8,44.1,53.6,62.0,1.9,19,2,1,64.7,6,46.9,High,52.38,1,59.38,59.16
STU03930,19,Male,Electronics,4,5.72,76.8,65.1,40.1,58.8,73.9,2.4,14,0,3,44.8,0,49.4,High,59.48,1,59.92,63.01
STU03931,19,Female,Electronics,3,4.65,61.6,46.6,43.8,40.5,55.0,1.7,25,2,2,29.9,1,33.8,High,46.48,2,44.46,50.26
STU03932,18,Male,Civil,2,7.54,81.3,72.3,62.9,76.8,73.9,4.3,10,0,2,79.1,0,81.9,Low,71.47,0,83.14,75.31
STU03933,18,Female,Electronics,2,6.91,79.6,65.9,59.9,75.5,54.7,3.6,11,0,2,48.7,0,69.8,Low,64.0,1,67.48,69.68
STU03934,21,Female,Management,5,8.19,81.4,63.6,68.8,67.2,73.7,5.4,12,0,0,59.5,1,85.9,Low,68.32,0,80.8,76.34
STU03935,19,Male,Electronics,2,7.04,85.5,74.8,61.5,57.3,68.9,4.2,8,3,1,62.4,0,62.2,Medium,65.62,0,66.96,72.26
STU03936,22,Male,Electronics,7,6.22,87.1,53.2,59.8,66.2,77.6,2.2,8,0,1,76.8,0,68.8,Low,64.2,0,71.72,69.22
STU03937,18,Male,Electrical,2,6.99,87.3,70.5,78.3,64.1,85.6,3.1,8,1,1,66.3,0,79.1,Low,74.62,0,69.02,76.14
STU03938,20,Male,Mechanical,3,7.71,85.6,74.5,73.3,56.3,68.5,4.9,8,0,0,69.8,0,81.6,Low,68.15,0,82.42,75.65
STU03939,21,Female,Computer Science,8,6.4,79.0,68.3,62.7,47.2,76.0,2.6,14,2,0,60.5,1,69.7,Low,63.55,1,61.2,67.57
STU03940,21,Male,Civil,6,7.07,62.5,69.9,80.3,73.7,65.8,2.2,21,3,4,47.2,0,70.4,Low,72.42,2,50.88,69.34
STU03941,21,Male,Mechanical,5,7.49,72.2,70.4,90.4,47.3,66.3,3.8,17,1,1,61.5,2,62.4,Medium,68.6,1,70.6,71.7
STU03942,18,Male,Computer Science,2,7.0,70.8,68.3,59.0,50.0,51.3,1.9,19,3,4,40.5,1,56.3,Medium,57.15,1,46.7,65.06
STU03943,18,Male,Mechanical,2,5.53,68.4,64.5,54.2,17.3,56.2,2.6,20,4,0,48.2,1,33.8,High,48.05,1,50.28,55.68
STU03944,22,Male,Management,8,7.42,64.1,64.9,66.7,68.2,63.5,2.4,20,3,3,60.7,1,64.2,Medium,65.82,2,57.28,68.32
STU03945,22,Female,Computer Science,7,8.42,86.3,77.2,81.5,80.2,88.5,5.6,9,0,1,62.5,0,89.8,Low,81.85,0,83.0,83.78
STU03946,21,Male,Electronics,8,5.77,78.5,63.8,48.0,57.3,60.7,2.5,12,2,3,56.4,1,63.0,Medium,57.45,1,59.06,62.8
STU03947,21,Female,Computer Science,7,7.97,61.0,58.1,43.9,77.3,71.1,1.4,27,1,4,48.9,0,69.0,Low,62.6,2,53.56,68.18
STU03948,18,Female,Mechanical,2,5.25,60.9,50.1,22.6,40.9,42.0,1.1,27,1,1,32.0,1,29.4,High,38.9,2,45.3,49.16
STU03949,21,Male,Management,7,8.06,91.0,82.3,62.0,57.5,81.5,3.4,6,0,0,75.6,0,90.5,Low,70.82,0,77.24,79.29
STU03950,20,Female,Electronics,5,6.51,73.3,45.2,70.4,50.8,65.9,3.1,16,1,4,45.8,0,57.4,Medium,58.08,1,60.82,64.34
STU03951,21,Female,Electrical,6,5.57,72.3,57.8,55.6,57.6,63.4,1.5,15,2,1,38.8,0,37.8,High,58.6,1,47.02,61.01
STU03952,19,Female,Electrical,4,10.0,93.3,100.0,88.9,98.5,90.1,4.4,5,0,0,84.8,0,94.6,Low,94.38,0,85.92,96.08
STU03953,21,Male,Computer Science,7,7.32,83.7,73.5,69.7,60.1,69.1,4.0,11,0,2,72.6,0,92.4,Low,68.1,0,79.04,73.78
STU03954,22,Female,Electrical,7,7.2,81.7,72.4,65.4,44.8,74.1,2.1,11,0,1,75.4,0,75.6,Low,64.18,0,70.66,71.3
STU03955,22,Male,Management,8,5.71,49.9,36.5,38.2,57.2,65.0,0.2,29,4,4,37.9,1,32.9,High,49.22,2,34.16,52.15
STU03956,21,Female,Management,5,5.49,78.7,66.3,53.0,42.7,55.0,3.4,15,2,1,58.4,1,61.5,Medium,54.25,1,64.36,60.59
STU03957,20,Male,Mechanical,3,5.84,78.5,71.2,63.7,52.7,63.3,3.4,13,0,1,78.1,1,71.0,Low,62.73,1,78.24,65.16
STU03958,20,Male,Computer Science,6,8.76,99.4,91.8,100.0,58.7,85.5,5.4,0,0,0,89.9,0,88.3,Low,84.0,0,92.96,89.11
STU03959,20,Female,Computer Science,5,5.82,66.6,51.1,51.0,53.6,48.0,2.3,22,0,2,40.4,0,62.1,Medium,50.92,1,57.66,57.39
STU03960,19,Male,Computer Science,3,6.49,54.4,50.6,58.4,42.7,40.8,0.5,30,2,2,46.9,1,37.4,High,48.12,2,45.26,55.57
STU03961,21,Male,Mechanical,7,8.53,78.5,69.4,72.5,71.7,73.1,4.7,13,0,2,70.5,1,87.5,Low,71.68,1,81.7,78.15
STU03962,19,Female,Electronics,2,7.25,70.0,66.8,93.4,68.6,74.1,4.1,21,1,2,83.7,0,86.3,Low,75.72,1,80.98,73.16
STU03963,19,Male,Civil,4,7.66,91.4,80.2,65.8,69.7,85.7,3.3,5,1,3,83.3,1,83.2,Low,75.35,0,76.82,79.8
STU03964,21,Male,Electrical,6,6.94,88.8,77.2,67.5,62.3,77.5,3.6,7,1,0,64.0,0,68.7,Low,71.12,0,70.6,74.94
STU03965,22,Male,Computer Science,8,6.4,70.1,58.3,61.4,53.7,59.9,1.4,17,1,2,46.7,0,55.5,Medium,58.32,1,52.68,63.26
STU03966,21,Female,Management,6,5.48,74.6,49.7,64.3,53.7,65.8,3.0,14,2,1,48.4,0,59.0,Medium,58.38,1,58.36,61.18
STU03967,21,Female,Computer Science,8,6.32,70.3,55.3,64.9,40.6,57.6,2.0,17,0,2,38.2,1,62.1,Medium,54.6,1,55.28,61.54
STU03968,21,Female,Computer Science,7,5.28,67.2,57.2,41.5,41.1,57.8,1.9,20,2,1,51.6,1,52.6,Medium,49.4,1,54.14,55.04
STU03969,19,Female,Electrical,3,6.39,67.4,50.6,51.2,56.7,63.5,2.2,22,2,2,61.9,1,53.7,Medium,55.5,1,59.76,61.42
STU03970,21,Female,Computer Science,7,5.68,79.2,73.5,73.1,48.1,80.6,2.4,14,0,2,63.9,3,63.2,Medium,68.82,1,67.56,67.21
STU03971,19,Female,Computer Science,4,5.43,83.9,58.5,52.4,59.5,64.9,2.7,9,1,3,66.9,0,46.9,High,58.82,0,67.26,63.51
STU03972,21,Female,Management,6,7.92,85.6,77.6,76.0,69.0,65.6,4.3,9,0,1,78.6,0,83.4,Low,72.05,0,82.94,77.94
STU03973,19,Female,Management,3,7.31,74.7,61.6,55.1,52.9,74.1,2.6,15,3,1,73.2,0,64.6,Medium,60.92,1,63.28,68.63
STU03974,21,Female,Electrical,5,7.99,71.2,69.6,67.7,60.0,77.0,2.7,19,0,2,51.3,1,78.7,Low,68.58,1,64.02,73.2
STU03975,20,Male,Computer Science,6,6.13,72.5,64.3,48.6,57.6,68.2,3.0,16,0,2,52.6,1,59.0,Medium,59.68,1,66.04,63.45
STU03976,21,Male,Computer Science,8,7.0,68.2,51.6,68.9,55.9,59.0,1.9,19,0,2,49.4,2,65.9,Low,58.85,1,59.26,65.09
STU03977,21,Male,Computer Science,8,6.89,78.9,62.9,70.6,70.7,70.6,2.7,14,0,3,75.1,2,71.8,Low,68.7,1,73.54,71.32
STU03978,21,Male,Computer Science,7,5.73,75.5,58.4,65.9,50.0,62.1,2.0,14,2,5,46.8,1,54.5,Medium,59.1,1,52.72,62.57
STU03979,20,Female,Management,5,7.93,87.1,68.2,61.0,70.9,86.1,3.1,8,0,1,80.9,0,71.9,Low,71.55,0,77.86,78.15
STU03980,21,Female,Computer Science,8,8.06,63.8,71.4,61.8,62.8,72.4,3.5,21,0,4,51.8,1,74.1,Low,67.1,2,68.22,71.0
STU03981,19,Female,Electrical,2,7.09,59.5,55.9,59.5,61.2,75.2,2.2,25,3,3,42.2,0,60.4,Medium,62.95,2,48.88,64.87
STU03982,22,Female,Computer Science,8,7.15,92.7,77.1,45.6,67.4,68.0,2.8,4,0,1,74.0,3,72.1,Low,64.53,0,73.6,74.01
STU03983,20,Female,Mechanical,3,5.66,64.6,60.0,57.3,52.1,58.1,1.5,24,1,1,50.8,0,60.0,Medium,56.88,2,54.82,58.71
STU03984,19,Female,Computer Science,4,5.85,56.5,54.2,58.0,48.6,53.6,2.0,26,1,3,36.9,1,51.3,Medium,53.6,2,51.76,56.04
STU03985,21,Male,Computer Science,8,6.59,77.0,71.1,70.7,40.2,74.0,3.7,14,2,2,70.6,0,72.3,Low,64.0,1,70.74,67.92
STU03986,22,Male,Computer Science,7,6.89,79.3,56.3,59.5,59.2,76.4,4.7,12,2,3,48.4,0,64.5,Medium,62.85,1,66.86,69.08
STU03987,22,Male,Management,7,6.89,76.3,61.8,60.6,49.5,66.5,3.6,14,2,1,77.2,1,61.5,Medium,59.6,1,72.88,67.03
STU03988,21,Male,Civil,6,8.18,86.7,66.2,72.4,64.4,73.8,3.4,8,1,2,52.7,0,83.5,Low,69.2,0,65.08,77.98
STU03989,20,Male,Civil,6,7.9,84.4,79.8,71.9,58.2,84.4,3.6,10,0,2,76.7,0,82.2,Low,73.57,0,78.68,78.18
STU03990,19,Male,Electronics,3,5.82,90.2,64.5,51.8,40.8,59.1,4.7,5,1,2,72.5,0,62.1,Medium,54.05,0,79.5,64.54
STU03991,22,Male,Civil,8,7.41,84.1,71.6,66.6,66.9,69.8,3.3,9,3,3,74.4,0,71.2,Low,68.72,0,67.26,74.45
STU03992,20,Male,Civil,6,4.78,47.1,45.4,40.5,43.2,47.1,0.2,33,5,4,23.4,0,35.1,High,44.05,2,25.36,46.12
STU03993,21,Female,Mechanical,6,5.91,68.7,61.0,57.0,57.5,62.5,2.6,19,2,2,57.8,0,59.6,Medium,59.5,1,60.12,61.66
STU03994,19,Male,Civil,4,6.95,82.6,66.3,54.7,54.2,62.0,2.4,11,2,2,52.9,0,67.5,Low,59.3,0,57.16,68.69
STU03995,21,Female,Management,8,6.87,74.8,70.7,67.0,55.4,63.2,3.2,14,1,2,59.9,0,73.1,Low,64.08,1,66.96,68.38
STU03996,20,Male,Management,5,6.72,90.3,62.5,54.1,49.7,60.8,3.8,7,1,4,54.0,0,88.1,Low,56.78,0,67.6,68.81
STU03997,19,Other,Management,3,7.21,78.3,77.3,84.5,55.2,78.6,3.3,14,1,2,70.2,0,86.0,Low,73.9,1,71.58,74.37
STU03998,20,Female,Mechanical,3,6.7,79.8,54.0,45.3,58.3,57.0,1.0,12,1,0,71.1,0,58.6,Medium,53.65,1,60.44,64.86
STU03999,20,Female,Computer Science,6,7.12,81.3,48.7,59.9,71.6,76.4,4.4,12,1,2,64.3,0,74.1,Low,64.15,0,74.72,70.9
STU04000,22,Female,Computer Science,7,6.06,83.9,68.4,46.3,43.3,59.4,1.4,10,1,2,51.6,0,50.8,Medium,54.35,0,54.64,63.92
STU04001,20,Female,Computer Science,3,7.7,72.0,62.7,64.4,57.7,77.2,2.8,19,2,2,68.8,0,73.0,Low,65.5,1,65.52,71.15
STU04002,20,Male,Electronics,6,8.11,100.0,76.1,68.9,74.6,73.9,4.4,0,0,2,77.0,0,88.8,Low,73.38,0,82.8,82.74
STU04003,21,Male,Electronics,8,7.2,59.4,45.3,45.8,56.6,74.8,1.8,26,2,5,33.2,1,44.4,High,55.62,2,46.28,62.3
STU04004,21,Female,Civil,5,9.36,94.0,79.0,86.1,72.3,99.4,5.5,4,0,3,59.7,0,90.5,Low,84.2,0,81.38,89.94
STU04005,22,Male,Mechanical,8,8.49,97.1,84.6,79.3,82.6,84.1,3.2,2,0,0,72.8,0,91.4,Low,82.65,0,75.12,87.05
STU04006,19,Male,Civil,3,6.77,76.7,65.6,62.2,55.6,68.7,2.6,19,2,1,59.8,0,66.6,Low,63.03,1,60.92,68.08
STU04007,20,Female,Management,4,7.45,92.2,64.8,52.5,60.4,73.8,4.6,5,1,4,67.8,1,67.3,Low,62.88,0,77.12,74.28
STU04008,21,Male,Computer Science,5,6.27,62.3,56.2,73.1,75.6,69.7,1.6,22,3,2,48.7,1,65.7,Low,68.65,2,48.48,64.98
STU04009,20,Female,Computer Science,4,4.97,58.9,50.5,44.5,42.5,57.3,1.1,23,2,2,59.5,2,46.6,High,48.7,2,53.3,51.6
STU04010,19,Male,Civil,2,8.32,91.1,82.3,53.6,91.7,69.1,6.1,5,0,3,71.1,0,83.5,Low,74.18,0,88.44,81.56
STU04011,20,Male,Mechanical,5,7.02,84.7,75.6,71.4,61.1,70.0,3.0,9,0,1,60.5,0,78.4,Low,69.53,0,69.2,73.55
STU04012,19,Male,Mechanical,4,6.55,74.0,72.1,60.0,50.3,71.6,3.9,17,3,0,64.2,0,73.4,Low,63.5,1,66.18,66.82
STU04013,19,Male,Electrical,3,7.57,86.3,73.5,62.1,63.4,81.1,4.2,8,1,2,79.0,0,86.7,Low,70.03,0,79.6,76.08
STU04014,20,Female,Computer Science,4,9.41,87.5,94.7,93.5,93.2,86.7,5.1,8,0,1,80.0,0,85.3,Low,92.02,0,87.5,91.62
STU04015,20,Female,Mechanical,4,7.25,65.3,59.9,67.4,52.9,52.8,2.3,24,3,2,49.1,0,55.8,Medium,58.25,1,52.14,65.0
STU04016,22,Male,Management,8,6.69,75.7,65.2,60.2,44.5,67.0,1.2,14,2,3,51.0,1,64.1,Medium,59.22,1,50.4,66.03
STU04017,21,Male,Electronics,5,8.64,89.4,84.6,79.4,81.9,93.6,4.7,7,1,5,66.5,0,80.2,Low,84.88,0,77.1,86.54
STU04018,19,Female,Mechanical,4,9.16,82.5,68.4,80.5,72.2,64.6,4.7,11,0,0,77.0,0,89.7,Low,71.43,0,84.3,81.26
STU04019,20,Male,Computer Science,4,5.93,58.7,58.7,40.4,56.2,65.4,2.2,23,0,2,28.0,2,52.2,Medium,55.18,2,52.2,57.5
STU04020,21,Male,Electronics,6,6.95,62.4,60.2,62.6,53.9,79.7,2.7,21,1,3,59.0,0,62.2,Medium,64.1,2,64.1,65.56
STU04021,19,Male,Computer Science,3,6.76,81.3,58.9,72.8,54.1,74.7,2.4,12,0,1,57.3,1,51.8,Medium,65.12,0,64.92,70.04
STU04022,21,Female,Mechanical,8,6.84,86.9,68.8,76.1,79.3,72.6,4.5,9,1,4,74.3,0,82.9,Low,74.2,0,79.22,75.34
STU04023,20,Male,Mechanical,4,6.0,63.1,56.1,39.3,36.8,63.6,2.5,24,2,2,39.0,0,44.2,High,48.95,2,52.1,56.36
STU04024,19,Male,Management,4,4.95,67.7,38.9,44.7,32.4,52.2,0.4,22,1,3,35.2,3,35.9,High,42.05,1,43.08,51.07
STU04025,18,Female,Civil,2,6.69,95.5,67.3,49.7,57.6,72.0,3.6,3,1,0,69.8,0,70.3,Low,61.65,0,72.92,71.95
STU04026,22,Female,Computer Science,8,5.59,57.7,53.1,50.6,23.9,58.0,1.8,28,3,2,60.8,0,47.9,High,46.4,2,54.32,52.55
STU04027,20,Female,Electrical,5,6.68,67.2,66.1,47.8,56.9,62.1,0.6,22,2,2,52.1,3,50.2,Medium,58.22,1,47.84,63.47
STU04028,18,Female,Electronics,2,6.59,56.6,56.1,54.1,76.0,58.5,1.4,29,1,5,46.5,0,59.2,Medium,61.18,2,52.6,61.68
STU04029,19,Female,Civil,3,7.01,76.7,68.2,59.7,62.1,59.4,4.1,14,1,2,45.1,0,58.3,Medium,62.35,1,65.54,68.65
STU04030,19,Female,Computer Science,4,7.68,82.2,73.7,60.7,56.0,83.9,1.9,12,1,3,66.4,1,66.0,Low,68.58,0,63.06,74.86
STU04031,21,Female,Electrical,7,4.91,71.0,58.0,44.3,40.5,55.9,1.8,18,0,1,47.0,1,56.8,Medium,49.68,1,57.8,54.81
STU04032,18,Male,Management,2,6.38,81.3,75.2,62.8,57.2,54.1,1.6,11,1,0,51.0,0,57.8,Medium,62.32,0,55.4,67.58
STU04033,19,Male,Computer Science,2,8.16,81.8,87.9,58.9,72.2,100.0,2.7,12,0,3,73.6,0,72.9,Low,79.75,0,72.94,80.91
STU04034,20,Female,Mechanical,5,8.96,96.7,83.3,75.6,88.1,81.5,3.8,2,0,1,75.6,0,89.5,Low,82.12,0,79.24,88.38
STU04035,20,Female,Mechanical,5,6.21,68.0,50.0,38.5,60.9,56.2,1.2,19,1,1,54.5,1,54.3,Medium,51.4,1,54.8,59.3
STU04036,21,Male,Electronics,8,6.35,59.5,59.5,45.1,54.1,57.2,2.9,23,6,0,45.0,1,47.0,High,53.97,2,44.5,58.69
STU04037,22,Female,Electronics,7,8.43,76.4,66.8,89.4,78.6,79.2,3.9,16,1,3,72.0,0,80.1,Low,78.5,1,75.3,80.0
STU04038,20,Female,Civil,6,6.9,69.6,52.1,55.1,50.8,58.5,2.2,19,1,1,43.4,0,58.7,Medium,54.12,1,55.36,63.2
STU04039,19,Male,Electronics,4,5.65,65.0,63.0,44.3,53.0,67.4,3.0,22,1,3,53.7,2,44.3,High,56.92,1,63.48,58.8
STU04040,21,Female,Computer Science,6,6.58,80.5,69.2,67.4,66.9,65.8,2.7,11,1,3,59.9,0,64.6,Medium,67.32,0,64.46,70.09
STU04041,21,Male,Electrical,6,7.31,92.3,69.1,81.9,66.5,68.6,3.5,5,0,1,59.2,0,63.5,Medium,71.53,0,71.18,77.27
STU04042,19,Female,Civil,3,7.65,81.1,97.0,69.8,64.0,55.6,3.9,12,1,2,67.3,0,85.3,Low,71.6,0,73.42,75.69
STU04043,19,Other,Computer Science,4,7.85,89.9,59.4,72.2,78.4,78.3,2.3,6,1,0,58.4,0,69.5,Low,72.08,0,61.86,78.78
STU04044,22,Female,Management,8,6.89,89.0,72.9,52.6,56.0,65.9,2.8,6,2,1,75.3,0,52.1,Medium,61.85,0,68.12,71.1
STU04045,21,Female,Management,5,5.77,66.6,50.2,50.6,30.5,61.1,2.7,20,1,1,42.2,1,47.8,High,48.1,1,57.38,56.08
STU04046,21,Female,Management,5,5.79,56.0,66.4,52.7,51.7,51.0,1.8,29,1,3,32.4,0,52.1,Medium,55.45,2,48.96,56.44
STU04047,22,Male,Mechanical,7,7.38,97.6,68.0,67.9,63.6,73.4,2.9,2,2,2,65.4,0,71.7,Low,68.22,0,64.66,77.52
STU04048,19,Female,Computer Science,3,6.44,71.5,47.1,55.0,43.9,52.9,1.5,19,3,5,47.4,1,36.2,High,49.72,1,47.46,60.3
STU04049,19,Male,Computer Science,3,6.91,80.4,46.9,44.8,65.1,68.7,2.6,12,2,1,52.9,1,66.6,Low,56.38,0,58.16,66.84
STU04050,22,Female,Management,8,7.23,82.8,84.5,58.0,60.1,72.6,3.1,12,0,1,62.7,0,77.4,Low,68.8,0,70.58,73.53
STU04051,21,Female,Management,7,7.58,82.9,68.2,67.0,62.6,66.5,2.7,11,0,2,69.6,1,67.3,Low,66.07,0,71.34,73.68
STU04052,20,Female,Electrical,4,6.89,83.7,67.3,52.3,52.4,83.0,3.3,9,0,1,48.8,1,67.6,Low,63.75,0,66.02,70.54
STU04053,22,Male,Mechanical,8,7.45,67.0,61.4,62.4,65.8,67.4,2.5,20,1,1,67.2,0,56.4,Medium,64.25,1,66.38,68.53
STU04054,20,Male,Electronics,4,6.43,77.3,57.7,58.0,42.5,57.1,3.9,15,2,3,71.6,0,52.2,Medium,53.82,1,72.14,63.36
STU04055,20,Male,Civil,6,7.79,90.5,61.7,73.3,66.9,79.5,4.5,5,1,3,68.7,0,75.9,Low,70.35,0,76.98,78.03
STU04056,19,Male,Computer Science,2,6.99,90.7,67.6,62.8,71.4,73.8,2.0,5,3,0,63.2,0,74.3,Low,68.9,0,56.28,74.7
STU04057,21,Male,Mechanical,6,8.7,82.7,65.6,77.9,56.5,73.4,1.7,12,1,4,56.2,1,62.7,Medium,68.35,0,57.98,78.46
STU04058,19,Male,Civil,3,6.84,68.7,65.7,65.3,55.6,69.0,2.1,18,1,4,47.6,1,65.8,Low,63.9,1,56.54,66.68
STU04059,20,Female,Electrical,3,6.81,82.0,80.4,63.1,50.5,69.7,3.2,12,3,2,63.9,1,57.2,Medium,65.92,0,62.56,70.7
STU04060,21,Male,Electronics,7,7.0,80.0,72.3,63.4,53.1,75.9,3.5,13,1,2,49.9,0,73.1,Low,66.18,0,64.46,70.97
STU04061,20,Female,Electrical,3,7.18,78.1,76.3,72.2,60.1,77.0,3.0,13,1,2,61.3,0,69.3,Low,71.4,1,66.52,73.22
STU04062,21,Male,Computer Science,5,8.22,73.7,67.1,71.1,68.0,76.9,1.7,15,0,1,63.2,0,75.0,Low,70.78,1,63.78,75.5
STU04063,21,Female,Computer Science,8,5.95,54.4,36.8,37.7,36.3,37.8,1.8,26,0,2,48.9,2,33.4,High,37.15,2,58.56,49.28
STU04064,22,Female,Computer Science,8,5.83,72.7,61.8,71.5,50.9,53.4,4.0,19,0,2,72.3,1,76.5,Low,59.4,1,78.92,62.34
STU04065,20,Female,Electronics,5,6.45,66.7,56.3,63.3,66.6,58.7,1.3,19,1,0,46.2,0,72.6,Low,61.22,1,51.98,63.74
STU04066,19,Female,Electronics,2,7.17,76.8,73.6,60.4,70.4,73.4,4.3,16,1,2,61.8,0,59.9,Medium,69.45,1,73.22,72.08
STU04067,19,Female,Electronics,4,6.13,60.8,50.8,35.2,64.1,51.9,2.1,24,2,3,43.9,1,56.8,Medium,50.5,2,52.06,56.86
STU04068,21,Male,Mechanical,6,6.68,69.1,47.1,62.0,49.9,54.7,2.6,19,0,3,62.8,0,60.4,Medium,53.42,1,68.12,62.02
STU04069,19,Female,Electronics,4,6.68,84.1,75.1,72.1,55.8,69.8,4.1,10,0,2,64.3,1,71.6,Low,68.2,0,76.22,71.68
STU04070,21,Male,Mechanical,7,5.45,92.0,62.8,53.6,43.2,58.1,4.9,5,1,1,94.6,3,59.9,Medium,54.42,0,89.34,63.84
STU04071,22,Female,Electrical,8,6.41,85.2,66.9,68.2,56.1,53.7,3.9,10,1,3,71.3,0,76.5,Low,61.23,0,75.02,68.22
STU04072,20,Female,Computer Science,6,6.45,68.2,57.9,66.1,58.4,58.0,2.9,22,2,2,75.3,1,58.8,Medium,60.1,1,68.62,63.67
STU04073,21,Male,Electronics,6,6.27,74.2,63.8,62.1,44.1,64.5,3.0,16,0,1,61.4,1,56.6,Medium,58.62,1,69.56,63.94
STU04074,21,Female,Computer Science,5,7.87,67.5,59.7,55.1,67.6,67.2,2.1,21,2,4,44.2,0,64.5,Medium,62.4,1,52.18,69.38
STU04075,20,Male,Computer Science,3,5.31,66.1,40.3,38.3,47.9,58.4,3.3,22,2,2,63.4,3,37.2,High,46.22,1,65.86,53.6
STU04076,20,Female,Mechanical,6,4.75,46.5,43.7,47.7,55.6,50.2,0.4,29,0,5,19.0,1,36.5,High,49.3,2,39.6,47.97
STU04077,21,Female,Management,8,4.91,71.4,53.1,47.5,46.3,43.5,3.7,17,4,1,63.1,4,42.0,High,47.6,1,61.74,54.08
STU04078,21,Male,Electronics,6,7.38,97.0,77.5,62.7,61.0,83.2,4.4,2,2,0,72.6,0,70.1,Low,71.1,0,75.04,78.52
STU04079,22,Female,Electronics,7,6.15,74.0,62.9,55.3,60.5,65.8,2.4,15,1,0,55.9,0,59.1,Medium,61.12,1,61.36,64.47
STU04080,22,Male,Computer Science,8,6.26,68.7,63.6,58.7,56.9,65.3,3.2,19,1,1,61.3,0,65.5,Low,61.12,1,67.52,63.54
STU04081,20,Female,Computer Science,4,7.78,76.7,65.2,63.5,63.2,68.6,1.8,19,1,3,50.3,0,60.5,Medium,65.12,1,56.12,72.46
STU04082,19,Female,Management,4,7.73,79.3,74.2,69.4,62.0,67.5,2.6,14,2,0,55.1,0,78.6,Low,68.28,1,59.04,74.19
STU04083,22,Male,Mechanical,8,6.96,90.7,72.7,72.4,69.8,82.8,5.0,6,0,3,65.8,0,82.3,Low,74.43,0,81.32,76.81
STU04084,20,Male,Civil,5,6.35,76.2,70.2,52.5,55.1,52.2,2.0,16,0,2,62.8,0,59.3,Medium,57.5,1,65.12,64.27
STU04085,22,Male,Management,7,7.58,71.8,62.3,76.5,77.1,82.2,3.7,18,2,3,53.5,0,67.4,Low,74.53,1,63.9,74.29
STU04086,21,Female,Mechanical,6,6.22,57.9,54.4,52.1,34.0,59.1,1.9,27,1,1,38.2,0,61.8,Medium,49.9,2,51.78,56.2
STU04087,18,Female,Computer Science,2,6.44,84.9,60.2,63.9,53.9,72.1,4.6,10,3,1,60.6,1,54.7,Medium,62.52,0,68.24,68.78
STU04088,20,Male,Civil,4,5.77,55.0,50.8,44.2,48.5,57.9,2.4,25,3,2,41.6,3,42.6,High,50.35,2,49.64,54.08
STU04089,20,Male,Electrical,4,5.75,64.4,56.9,61.3,52.5,51.4,0.6,24,3,4,39.0,2,43.0,High,55.52,2,39.6,58.44
STU04090,20,Male,Electronics,3,6.61,64.4,69.8,69.9,57.8,77.5,3.4,23,0,2,44.3,2,65.6,Low,68.75,2,64.72,66.74
STU04091,22,Male,Mechanical,7,8.92,72.0,83.3,83.1,72.4,73.4,3.9,18,0,1,58.4,1,75.9,Low,78.05,1,72.86,80.44
STU04092,21,Male,Mechanical,8,7.71,82.1,63.5,65.0,59.9,60.7,3.5,11,2,3,64.1,1,61.1,Medium,62.28,0,67.14,72.42
STU04093,21,Female,Electronics,8,6.09,78.2,67.5,71.6,57.7,64.3,3.3,14,1,3,62.6,1,74.2,Low,65.28,1,68.54,66.97
STU04094,19,Male,Civil,3,5.28,66.6,48.2,46.8,47.8,46.2,0.9,20,3,2,43.4,0,52.8,Medium,47.25,1,42.86,54.03
STU04095,20,Female,Computer Science,5,7.6,76.7,72.5,72.8,70.6,72.8,4.6,16,1,3,63.9,0,85.5,Low,72.18,1,75.56,74.64
STU04096,19,Male,Electronics,3,5.33,64.6,53.1,44.7,43.9,56.5,1.3,24,3,1,60.6,0,47.6,High,49.55,2,51.74,54.62
STU04097,18,Female,Electronics,2,7.7,88.3,83.5,57.1,72.8,83.5,3.8,7,1,1,76.9,0,82.7,Low,74.22,0,76.76,78.72
STU04098,20,Male,Mechanical,6,6.96,77.3,66.4,69.6,73.4,72.1,2.5,16,1,3,65.9,0,82.4,Low,70.38,1,65.86,71.83
STU04099,22,Male,Electrical,8,8.07,100.0,94.7,89.2,84.4,82.5,4.7,0,0,0,100.0,0,96.0,Low,87.7,0,93.5,88.32
STU04100,18,Male,Mechanical,2,6.45,82.7,62.1,61.1,51.6,60.7,2.5,11,2,2,62.5,0,75.8,Low,58.88,0,61.5,66.8
STU04101,20,Female,Civil,6,7.44,75.5,66.9,75.7,56.4,62.6,2.5,15,1,1,62.5,1,74.2,Low,65.4,1,64.5,71.08
STU04102,19,Female,Electronics,2,6.48,65.4,54.5,65.2,64.0,62.8,3.1,24,2,0,35.1,0,63.0,Medium,61.62,1,53.54,63.68
STU04103,22,Male,Mechanical,7,5.88,78.2,55.6,56.8,45.6,56.4,3.3,14,3,3,48.0,0,60.3,Medium,53.6,1,56.7,61.57
STU04104,18,Female,Computer Science,2,8.3,67.8,68.9,80.3,60.4,65.8,2.6,19,2,2,59.5,0,74.2,Low,68.85,1,60.8,73.54
STU04105,20,Female,Mechanical,5,6.28,62.0,67.5,61.8,68.3,59.2,3.6,24,2,2,72.6,0,74.2,Low,64.2,2,71.04,63.16
STU04106,19,Male,Civil,2,7.04,56.4,53.9,58.8,64.2,50.3,1.7,25,2,2,43.1,0,55.6,Medium,56.8,2,49.74,61.46
STU04107,19,Female,Computer Science,4,4.61,51.3,38.4,36.3,32.8,57.6,1.8,29,1,1,40.0,6,35.4,High,41.28,2,52.0,45.47
STU04108,21,Male,Management,5,7.26,69.3,52.4,49.9,68.9,75.2,2.6,20,3,3,57.4,1,69.7,Low,61.6,1,56.96,67.38
STU04109,20,Male,Electronics,5,8.46,80.3,80.6,88.4,83.2,68.7,3.3,12,0,1,70.6,0,76.9,Low,80.22,0,74.74,81.77
STU04110,22,Female,Civil,7,6.64,73.1,76.9,63.6,52.4,76.2,3.7,17,0,0,70.0,1,73.5,Low,67.28,1,76.5,68.42
STU04111,21,Male,Mechanical,8,7.78,95.7,71.8,70.5,75.6,85.8,5.7,2,0,2,85.3,0,74.5,Low,75.92,0,92.62,81.52
STU04112,20,Female,Civil,4,6.83,61.7,63.9,59.8,65.0,57.1,1.5,25,2,2,63.7,0,68.1,Low,61.45,2,56.98,63.91
STU04113,22,Male,Mechanical,8,6.79,71.4,57.1,68.6,56.0,54.8,2.3,17,2,1,51.5,1,65.7,Low,59.12,1,56.1,65.27
STU04114,19,Female,Computer Science,4,6.46,68.2,74.1,64.9,50.2,67.1,3.2,18,1,3,42.6,1,63.4,Medium,64.07,1,60.04,65.29
STU04115,18,Female,Management,2,5.55,70.9,52.2,51.4,51.6,61.9,1.4,17,2,4,43.1,1,46.4,High,54.28,1,48.24,58.86
STU04116,21,Female,Civil,6,6.01,68.3,60.1,68.9,46.5,63.3,1.7,20,3,2,45.4,0,50.7,Medium,59.7,1,47.66,61.99
STU04117,21,Male,Mechanical,7,8.89,100.0,77.7,84.4,71.7,77.7,5.0,0,0,3,80.2,0,96.3,Low,77.88,0,87.08,87.26
STU04118,19,Male,Civil,4,8.64,75.1,65.8,67.6,57.5,76.0,2.6,16,2,2,69.4,0,83.0,Low,66.72,1,64.76,75.7
STU04119,21,Female,Computer Science,6,6.72,100.0,80.7,51.7,77.8,74.2,4.9,0,0,0,70.2,1,85.4,Low,71.1,0,82.58,76.96
STU04120,20,Female,Electrical,5,6.51,76.9,70.4,61.4,51.6,59.5,3.1,14,3,2,40.1,2,65.4,Low,60.72,1,52.54,66.3
STU04121,19,Female,Electronics,3,5.84,61.2,45.1,45.0,50.2,63.9,2.4,24,0,3,64.1,0,54.7,Medium,51.05,2,67.64,56.16
STU04122,20,Male,Electrical,4,7.51,92.0,77.5,73.2,59.1,72.7,3.0,5,0,4,62.6,2,60.1,Medium,70.62,0,70.04,77.54
STU04123,19,Female,Computer Science,4,5.7,53.4,45.7,47.3,32.5,59.2,1.2,29,1,4,27.7,0,45.2,High,46.18,2,44.08,51.77
STU04124,19,Female,Electrical,4,6.83,82.8,57.9,72.8,73.9,67.7,3.4,11,0,2,55.0,0,83.3,Low,68.08,0,69.0,71.84
STU04125,22,Female,Management,8,7.12,56.2,61.2,69.2,52.1,60.8,3.1,28,2,3,50.8,0,68.3,Low,60.82,2,59.82,63.3
STU04126,19,Male,Management,4,6.56,53.3,59.9,40.8,64.2,65.4,1.4,29,3,2,42.0,0,50.6,Medium,57.58,2,44.8,59.32
STU04127,20,Male,Electrical,6,7.38,64.6,59.6,70.8,84.5,70.5,2.6,21,1,3,71.5,0,60.2,Medium,71.35,2,68.6,70.52
STU04128,19,Male,Civil,2,7.01,85.3,54.2,61.9,52.7,68.0,3.1,9,2,3,60.0,2,71.5,Low,59.2,0,63.5,69.54
STU04129,19,Female,Mechanical,4,6.31,79.1,69.0,67.9,58.4,66.0,3.8,13,1,4,69.7,2,65.0,Low,65.32,1,73.88,67.99
STU04130,21,Female,Computer Science,8,6.37,82.8,62.9,62.4,33.0,69.7,3.4,11,1,0,61.8,1,58.6,Medium,57.0,0,68.72,65.8
STU04131,21,Female,Mechanical,8,6.89,92.6,87.4,76.4,60.5,71.4,4.4,5,0,2,69.9,0,91.8,Low,73.93,0,79.96,76.84
STU04132,21,Male,Mechanical,8,5.97,74.9,59.3,48.4,55.4,64.1,2.6,15,4,5,55.1,2,54.0,Medium,56.8,1,53.04,62.34
STU04133,19,Female,Computer Science,2,7.09,88.6,79.3,60.4,77.3,68.3,3.5,7,1,2,81.7,0,82.9,Low,71.32,0,77.18,75.5
STU04134,21,Female,Civil,8,5.8,73.5,59.2,43.1,48.5,59.4,2.5,16,4,2,51.3,1,46.1,High,52.55,1,51.02,59.7
STU04135,19,Male,Computer Science,3,5.35,64.3,56.1,43.1,35.1,60.3,1.1,24,2,1,36.8,2,37.6,High,48.65,2,44.22,54.26
STU04136,18,Male,Mechanical,2,6.82,70.2,57.7,61.9,41.6,68.3,4.0,17,1,5,67.2,0,52.3,Medium,57.38,1,73.88,64.37
STU04137,19,Male,Mechanical,2,8.0,78.2,69.9,69.0,64.0,70.6,3.1,15,2,3,70.5,0,82.0,Low,68.38,1,67.7,74.9
STU04138,22,Female,Management,7,6.88,75.9,56.2,70.5,72.8,75.2,3.0,13,2,3,48.6,0,72.9,Low,68.68,1,58.44,70.53
STU04139,20,Male,Computer Science,6,5.01,71.8,64.3,51.1,50.6,55.7,2.4,18,1,0,49.1,1,48.0,High,55.42,1,58.64,57.66
STU04140,21,Male,Computer Science,6,7.36,71.8,77.9,65.7,50.3,64.9,3.5,18,4,2,66.0,0,67.5,Low,64.7,1,61.9,69.59
STU04141,21,Female,Mechanical,8,6.75,81.5,77.2,53.4,66.3,69.7,4.0,12,0,3,68.0,1,76.0,Low,66.65,0,77.2,70.66
STU04142,18,Female,Mechanical,2,10.0,100.0,98.7,98.7,100.0,100.0,5.5,0,0,1,83.1,0,100.0,Low,99.35,0,90.74,99.74
STU04143,19,Female,Computer Science,2,7.99,88.9,59.2,73.3,61.1,78.6,3.0,7,0,1,45.9,0,62.0,Medium,68.05,0,63.36,77.41
STU04144,22,Female,Mechanical,8,5.54,64.0,59.4,67.1,48.3,59.0,2.9,24,2,2,50.9,2,55.3,Medium,58.45,2,58.86,58.77
STU04145,21,Female,Management,6,7.68,71.3,73.5,75.9,82.4,77.7,4.1,18,1,0,72.9,0,88.4,Low,77.38,1,76.66,75.66
STU04146,22,Female,Electrical,7,4.86,61.7,53.6,46.8,43.3,53.2,1.5,24,4,0,56.2,0,31.0,High,49.22,2,47.98,52.12
STU04147,21,Female,Computer Science,5,6.76,68.2,62.5,73.4,67.0,84.6,3.3,21,1,1,58.9,1,73.7,Low,71.88,1,67.06,69.46
STU04148,20,Male,Computer Science,3,9.64,100.0,96.5,87.9,91.8,96.9,6.2,0,0,0,97.0,0,100.0,Low,93.28,0,98.8,96.05
STU04149,21,Female,Mechanical,5,6.96,82.0,81.5,64.2,55.9,77.8,3.1,11,1,4,54.0,0,75.7,Low,69.85,0,64.1,72.8
STU04150,22,Female,Civil,8,5.34,71.2,60.6,47.5,26.8,58.8,2.9,20,1,5,53.9,1,42.0,High,48.42,1,63.06,55.86
STU04151,18,Female,Management,2,5.81,65.9,65.6,63.1,42.6,66.8,2.7,20,2,1,46.4,1,48.4,High,59.52,1,56.06,60.62
STU04152,19,Male,Computer Science,2,8.51,93.1,81.0,75.5,84.5,92.3,5.1,5,0,0,83.5,0,89.2,Low,83.32,0,88.9,86.39
STU04153,20,Male,Mechanical,4,7.57,91.0,66.4,72.1,63.2,76.5,3.3,6,1,0,73.6,0,86.7,Low,69.55,0,72.94,77.06
STU04154,21,Male,Management,5,6.89,72.5,71.8,54.8,54.7,65.7,3.5,19,1,1,75.0,1,61.5,Medium,61.75,1,74.5,66.94
STU04155,21,Male,Computer Science,6,6.47,79.7,72.3,59.2,50.6,62.4,2.9,12,2,2,60.5,0,58.6,Medium,61.12,1,62.7,67.02
STU04156,20,Male,Management,3,6.39,77.4,59.4,70.8,57.6,72.0,3.9,12,0,1,71.4,1,76.4,Low,64.95,1,78.06,67.69
STU04157,21,Male,Mechanical,8,7.86,94.1,73.8,83.7,69.4,86.4,5.6,4,0,2,62.0,0,75.9,Low,78.32,0,82.8,82.36
STU04158,19,Male,Civil,3,8.83,77.5,72.3,87.2,83.4,89.3,3.8,14,0,0,73.8,0,86.3,Low,83.05,1,78.52,83.5
STU04159,19,Female,Electronics,3,7.99,84.8,77.1,64.6,79.2,84.0,3.5,10,1,2,71.9,0,78.3,Low,76.22,0,73.26,79.66
STU04160,21,Female,Electrical,8,7.63,86.9,83.3,67.3,68.8,73.4,3.6,9,0,5,72.3,1,88.9,Low,73.2,0,76.92,77.71
STU04161,20,Female,Management,4,5.09,62.3,46.6,51.8,38.7,48.5,1.4,22,2,1,43.0,2,46.8,High,46.4,2,48.2,51.95
STU04162,20,Male,Computer Science,6,4.98,76.7,47.9,49.5,40.8,47.7,1.2,17,1,5,43.6,1,41.0,High,46.47,1,50.44,55.19
STU04163,21,Male,Electrical,5,7.02,74.4,56.3,65.2,60.0,72.9,2.5,16,1,3,77.5,0,82.3,Low,63.6,1,70.5,68.61
STU04164,20,Male,Computer Science,3,4.76,53.9,36.8,32.2,45.6,54.1,0.2,28,3,3,20.7,2,33.7,High,42.18,2,30.28,47.0
STU04165,20,Female,Computer Science,5,7.14,76.7,80.3,32.3,55.9,67.0,3.1,9,0,1,77.8,0,74.7,Low,58.88,1,76.62,67.71
STU04166,21,Male,Mechanical,7,6.5,68.1,65.5,47.8,58.8,63.6,1.9,18,2,1,56.3,0,63.9,Medium,58.92,1,56.02,63.34
STU04167,19,Female,Mechanical,2,5.51,70.9,60.1,45.4,45.7,61.0,2.0,18,1,3,44.3,1,59.9,Medium,53.05,1,54.72,58.23
STU04168,22,Male,Electronics,8,5.66,71.6,53.7,47.9,49.2,56.5,3.0,17,3,2,56.7,1,34.2,High,51.82,1,58.68,58.44
STU04169,19,Male,Computer Science,3,7.61,73.4,63.6,64.5,61.2,66.2,3.7,15,2,1,63.5,0,69.0,Low,63.88,1,67.9,70.54
STU04170,21,Male,Computer Science,8,7.64,84.1,67.9,70.5,63.7,77.8,3.1,10,2,2,50.8,0,85.1,Low,69.98,0,59.82,75.76
STU04171,22,Male,Computer Science,8,8.32,85.4,76.4,90.9,85.9,76.1,4.0,8,0,4,75.3,0,72.6,Low,82.32,0,80.12,83.4
STU04172,22,Male,Computer Science,8,7.93,74.7,80.2,61.9,67.8,67.4,4.0,14,2,4,64.9,0,66.6,Low,69.32,1,69.96,74.16
STU04173,21,Female,Computer Science,6,6.89,68.2,58.9,45.0,57.2,66.7,3.6,20,2,3,49.2,0,65.4,Low,56.95,1,61.68,63.94
STU04174,21,Male,Electrical,8,6.47,64.7,53.8,43.0,62.3,60.8,2.6,22,4,1,62.0,1,57.1,Medium,54.97,2,55.8,60.81
STU04175,21,Male,Electronics,8,6.2,83.8,59.0,69.3,44.8,83.4,2.8,9,1,1,69.4,2,62.0,Medium,64.12,0,68.76,68.3
STU04176,20,Male,Management,6,5.64,41.9,34.0,46.7,60.1,62.6,1.5,33,1,4,40.4,0,41.8,High,50.85,2,50.66,50.56
STU04177,21,Other,Computer Science,8,6.72,72.5,74.4,73.4,48.3,92.4,3.3,15,1,1,69.9,1,68.7,Low,72.12,1,71.46,70.5
STU04178,19,Female,Mechanical,4,6.92,71.1,77.8,58.8,59.1,60.5,3.7,20,2,4,57.8,1,63.6,Medium,64.05,1,65.62,67.62
STU04179,22,Female,Computer Science,7,4.03,60.9,57.1,37.9,22.6,63.8,2.3,24,3,3,59.2,4,35.0,High,45.35,2,56.18,47.47
STU04180,22,Male,Computer Science,8,5.47,53.5,51.5,33.1,34.0,64.4,2.1,27,1,2,48.7,2,35.2,High,45.75,2,56.98,50.82
STU04181,21,Female,Civil,6,7.74,79.7,85.4,69.6,76.4,74.7,3.3,12,1,4,57.6,0,91.3,Low,76.53,1,66.54,77.62
STU04182,18,Male,Electronics,2,6.77,73.6,69.2,62.4,62.9,65.3,3.1,16,2,3,58.1,0,67.0,Low,64.95,1,62.74,68.07
STU04183,20,Female,Electronics,3,5.14,76.7,67.3,59.2,41.9,68.2,3.6,13,1,3,57.6,0,51.7,Medium,59.15,1,68.04,60.82
STU04184,19,Female,Electronics,3,6.89,84.3,88.3,92.8,100.0,86.0,4.3,9,0,2,89.9,0,100.0,Low,91.78,0,87.46,81.9
STU04185,21,Male,Electrical,5,6.74,64.8,59.9,71.9,64.2,53.0,2.4,21,2,5,35.3,0,41.4,High,62.25,2,50.12,64.69
STU04186,21,Male,Electronics,5,7.9,65.6,64.9,62.5,62.4,58.3,1.7,21,0,4,60.9,0,57.6,Medium,62.03,1,62.86,68.86
STU04187,22,Female,Computer Science,7,8.36,95.9,81.0,72.4,53.8,65.7,4.3,3,0,3,83.2,0,82.7,Low,68.22,0,84.78,80.53
STU04188,20,Male,Computer Science,3,6.18,74.6,47.4,52.3,58.6,59.9,0.9,15,2,5,35.4,0,51.9,Medium,54.55,1,42.66,62.1
STU04189,19,Male,Mechanical,3,6.57,69.6,62.5,48.4,47.0,66.6,2.9,17,0,2,55.5,0,61.9,Medium,56.12,1,66.7,62.85
STU04190,21,Male,Management,6,9.25,81.5,77.2,87.5,88.2,77.7,1.9,13,2,3,83.6,0,82.1,Low,82.65,0,66.94,85.81
STU04191,19,Male,Computer Science,2,7.64,84.0,75.1,68.5,77.1,77.0,1.9,11,3,2,59.1,0,70.5,Low,74.42,0,54.14,77.51
STU04192,22,Female,Electronics,8,8.54,100.0,100.0,96.8,77.1,93.2,5.8,0,0,0,92.0,0,96.6,Low,91.78,0,95.8,91.6
STU04193,18,Male,Mechanical,2,7.66,87.6,72.8,59.8,75.7,72.6,3.0,8,1,2,57.6,0,66.5,Low,70.22,0,65.04,76.8
STU04194,20,Female,Management,5,7.83,88.6,69.1,50.9,46.4,67.5,2.7,6,2,1,49.8,3,48.4,High,58.48,0,57.42,72.94
STU04195,22,Male,Computer Science,8,8.52,64.7,77.5,61.8,77.0,75.1,3.5,22,3,1,57.0,0,83.8,Low,72.85,2,61.3,75.13
STU04196,21,Male,Electrical,5,6.3,84.2,46.4,58.4,57.8,73.8,3.7,11,2,2,54.2,1,53.6,Medium,59.1,0,64.18,66.74
STU04197,21,Male,Civil,7,7.71,85.1,73.2,58.5,74.1,79.6,5.7,8,0,1,56.2,0,78.0,Low,71.35,0,80.98,76.8
STU04198,19,Female,Electronics,4,5.19,66.2,51.9,41.9,51.7,43.1,1.7,21,3,0,57.6,0,34.8,High,47.15,1,52.54,53.58
STU04199,22,Male,Electrical,7,4.69,70.3,34.5,31.0,28.3,64.6,2.6,17,1,2,51.3,0,39.1,High,39.6,1,60.52,49.83
STU04200,21,Female,Mechanical,6,7.28,75.0,60.6,53.2,51.4,58.6,1.8,14,2,3,49.9,1,52.1,Medium,55.95,1,52.96,66.61
STU04201,20,Female,Computer Science,5,5.59,68.3,51.2,41.9,43.2,55.0,1.2,20,1,3,40.0,1,38.8,High,47.82,1,49.0,55.77
STU04202,19,Female,Electronics,2,4.69,72.4,48.2,51.9,64.0,76.3,2.3,17,2,1,54.2,0,46.6,High,60.1,1,57.18,58.56
STU04203,22,Male,Electronics,8,7.5,69.2,59.9,64.3,75.3,72.5,2.7,19,2,3,51.2,0,65.1,Low,68.0,1,57.98,70.75
STU04204,18,Male,Electronics,2,8.61,73.6,76.4,71.8,72.3,65.0,2.2,15,0,2,46.2,0,76.9,Low,71.38,1,59.48,77.08
STU04205,19,Female,Electrical,4,8.89,95.2,64.0,89.5,80.9,91.3,6.0,3,0,1,77.0,1,100.0,Low,81.42,0,90.8,87.48
STU04206,20,Female,Civil,6,6.5,79.5,60.5,50.2,53.7,65.1,3.0,13,1,1,59.5,1,59.4,Medium,57.38,1,65.8,65.58
STU04207,21,Female,Electrical,7,7.26,70.2,72.6,45.2,61.4,68.1,3.7,18,3,0,40.9,1,59.5,Medium,61.82,1,55.86,67.69
STU04208,21,Female,Mechanical,5,8.36,94.3,84.0,70.4,82.2,80.8,5.8,3,0,0,82.8,0,76.5,Low,79.35,0,92.12,84.58
STU04209,19,Male,Electronics,4,7.84,80.6,84.0,70.8,78.6,67.0,3.5,13,0,3,57.4,0,71.3,Low,75.1,0,70.46,77.63
STU04210,20,Female,Computer Science,4,6.16,64.4,59.1,57.2,64.8,56.2,2.6,20,2,3,64.6,0,70.7,Low,59.32,2,62.84,61.39
STU04211,21,Female,Electrical,8,6.41,56.8,51.7,61.0,71.8,55.8,0.9,26,3,3,46.9,1,57.2,Medium,60.08,2,44.26,60.66
STU04212,20,Other,Computer Science,4,7.36,69.3,57.5,56.2,56.4,70.1,1.4,20,2,1,49.4,0,58.9,Medium,60.05,1,50.76,67.1
STU04213,22,Female,Electronics,7,7.34,68.1,66.7,75.2,64.4,62.8,2.6,20,2,1,56.1,0,72.9,Low,67.28,1,59.44,69.62
STU04214,19,Male,Civil,2,7.04,94.7,63.3,65.2,56.8,70.1,2.7,3,0,2,74.4,1,61.3,Medium,63.85,0,73.26,73.86
STU04215,20,Female,Electrical,6,6.73,78.6,65.8,50.9,57.5,78.6,2.9,14,0,2,51.0,0,70.3,Low,63.2,1,64.9,68.49
STU04216,21,Female,Computer Science,6,8.01,73.8,68.4,53.8,77.9,80.6,3.7,17,2,2,57.7,1,75.9,Low,70.18,1,65.58,74.56
STU04217,20,Male,Mechanical,6,7.79,86.2,70.1,66.7,79.9,87.5,3.8,9,0,4,58.6,0,90.0,Low,76.05,0,72.44,79.24
STU04218,19,Female,Computer Science,4,6.84,48.1,49.7,59.4,72.6,57.1,2.4,35,5,6,44.7,1,51.9,Medium,59.7,2,44.88,59.84
STU04219,21,Male,Electrical,6,8.63,88.4,85.9,85.2,77.1,88.4,4.6,8,1,0,75.5,0,85.8,Low,84.15,0,80.2,85.96
STU04220,21,Male,Civil,5,7.12,75.2,57.0,57.9,58.8,74.0,2.5,14,1,1,47.9,1,63.6,Medium,61.92,1,58.66,68.49
STU04221,21,Female,Electrical,6,9.22,96.0,83.6,89.4,80.6,98.5,6.1,3,0,2,79.1,0,99.3,Low,88.02,0,91.64,91.48
STU04222,21,Male,Computer Science,8,7.45,76.2,62.9,78.3,69.9,78.5,2.3,14,2,3,53.3,0,74.7,Low,72.4,1,56.82,74.09
STU04223,20,Female,Mechanical,6,6.89,95.1,87.6,92.0,100.0,79.8,4.6,3,0,1,57.4,1,100.0,Low,89.85,0,75.96,83.83
STU04224,22,Male,Computer Science,7,5.79,71.3,60.7,52.0,44.2,63.1,1.8,16,1,4,46.2,4,53.7,Medium,55.0,1,54.48,60.09
STU04225,22,Female,Mechanical,8,6.73,72.7,63.5,66.0,70.0,64.2,0.8,18,3,3,68.4,1,45.4,High,65.92,1,52.36,68.1
STU04226,20,Female,Management,3,7.02,78.5,73.8,54.0,60.1,72.7,4.0,13,1,2,67.9,0,85.2,Low,65.15,1,74.16,70.26
STU04227,21,Female,Computer Science,6,7.45,71.4,73.1,80.0,61.3,67.0,3.0,19,0,3,56.7,0,73.8,Low,70.35,1,67.68,72.06
STU04228,20,Male,Mechanical,6,7.83,74.6,73.0,56.0,76.2,79.2,3.8,17,0,1,57.3,0,82.1,Low,71.1,1,71.92,74.5
STU04229,20,Female,Computer Science,6,6.2,43.9,52.9,40.6,47.0,46.5,1.9,33,2,3,26.4,0,50.5,Medium,46.75,2,44.06,51.38
STU04230,19,Male,Mechanical,2,7.89,77.6,78.2,68.3,70.8,73.5,3.0,13,0,1,54.4,0,83.4,Low,72.7,1,66.76,76.1
STU04231,22,Female,Mechanical,7,7.92,88.2,79.5,67.7,85.6,91.6,5.9,8,0,1,72.5,0,97.0,Low,81.1,0,88.5,82.21
STU04232,20,Male,Electronics,3,7.1,69.3,64.7,68.5,46.9,81.2,2.1,18,1,0,53.6,0,75.7,Low,65.32,1,58.94,68.31
STU04233,19,Male,Civil,4,6.52,83.1,73.1,55.4,43.5,68.5,3.5,11,3,1,69.7,0,65.4,Low,60.12,0,66.38,67.64
STU04234,20,Female,Management,6,7.97,92.9,85.0,87.5,96.2,81.6,3.0,5,0,0,95.1,1,90.9,Low,87.57,0,83.04,86.15
STU04235,19,Male,Electrical,3,8.41,82.3,85.1,81.8,64.8,71.3,3.2,12,1,2,77.7,0,86.2,Low,75.75,0,74.08,80.31
STU04236,19,Male,Management,2,7.07,76.9,57.7,65.8,61.4,62.6,4.1,15,2,4,48.7,0,65.5,Low,61.88,1,63.98,68.72
STU04237,20,Male,Computer Science,6,7.09,70.0,66.1,74.0,68.1,79.7,3.4,17,2,3,63.2,0,63.7,Medium,71.97,1,66.28,71.1
STU04238,20,Male,Management,3,7.24,81.1,66.3,75.3,67.0,78.0,4.4,11,0,1,77.5,0,75.7,Low,71.65,0,83.0,74.28
STU04239,21,Other,Electronics,7,6.57,88.1,73.4,61.1,54.3,69.7,4.2,8,1,2,68.2,1,59.5,Medium,64.62,0,75.28,70.87
STU04240,21,Female,Computer Science,8,7.61,100.0,71.9,73.2,74.2,78.4,4.3,0,0,2,84.4,0,75.0,Low,74.43,0,85.26,81.4
STU04241,20,Male,Electronics,4,7.04,77.1,59.3,55.0,65.3,70.4,1.7,14,2,5,45.0,1,58.9,Medium,62.5,1,50.5,68.91
STU04242,21,Female,Computer Science,7,5.81,73.5,71.5,61.8,44.1,53.0,0.2,15,1,5,54.3,2,40.1,High,57.6,1,49.72,61.75
STU04243,19,Female,Electrical,3,5.94,66.8,61.4,53.8,50.0,55.7,1.7,19,1,3,52.1,0,49.3,High,55.22,1,56.34,59.58
STU04244,21,Female,Computer Science,8,5.98,69.2,64.1,41.9,57.5,66.4,1.9,17,1,2,51.9,1,60.5,Medium,57.48,1,57.26,61.22
STU04245,19,Female,Mechanical,3,7.8,90.1,67.2,68.4,75.8,78.1,3.5,6,1,0,58.4,0,75.8,Low,72.38,0,67.86,78.78
STU04246,22,Male,Electronics,8,6.27,63.8,37.1,32.1,53.7,62.1,0.5,22,3,2,24.3,0,44.3,High,46.25,2,33.22,56.4
STU04247,21,Male,Computer Science,7,6.89,81.0,74.7,65.0,76.4,75.1,1.1,11,1,0,59.5,0,66.3,Low,72.8,0,56.3,73.48
STU04248,19,Female,Management,4,6.97,84.7,53.8,61.1,66.2,66.0,2.4,9,0,1,69.9,0,55.5,Medium,61.78,0,69.96,70.28
STU04249,22,Female,Mechanical,7,6.21,55.7,48.2,53.4,39.2,31.9,1.9,29,0,1,32.9,0,49.6,High,43.18,2,52.66,52.93
STU04250,20,Female,Electronics,6,8.3,94.6,76.7,78.8,78.7,84.7,5.1,3,0,2,58.9,0,96.3,Low,79.72,0,79.06,84.59
STU04251,21,Male,Electrical,6,6.89,65.0,52.5,54.7,63.7,54.4,1.7,21,0,1,51.7,0,63.6,Medium,56.32,1,59.18,62.9
STU04252,20,Female,Electrical,4,6.34,72.3,57.0,56.2,46.2,66.1,3.0,19,1,3,53.3,1,55.1,Medium,56.38,1,63.32,62.82
STU04253,20,Male,Electronics,3,7.82,100.0,74.9,71.0,55.0,93.5,3.0,0,1,0,66.0,0,94.8,Low,73.6,0,68.4,81.81
STU04254,21,Female,Computer Science,6,5.49,73.1,49.4,43.0,45.1,52.2,3.1,15,0,3,77.1,1,53.7,Medium,47.42,1,76.34,56.46
STU04255,19,Male,Management,2,6.87,71.9,65.2,51.9,49.0,69.6,3.9,17,2,0,71.9,0,67.5,Low,58.92,1,72.26,65.59
STU04256,20,Female,Electronics,4,8.34,87.9,84.0,73.1,91.4,83.9,4.2,8,1,0,59.8,1,79.1,Low,83.1,0,71.92,84.4
STU04257,18,Other,Computer Science,2,5.07,65.4,38.7,38.5,40.3,55.9,1.9,24,1,3,59.8,2,51.7,Medium,43.35,1,60.42,51.44
STU04258,19,Male,Computer Science,2,9.48,100.0,89.8,86.9,91.2,90.5,3.5,0,0,1,87.8,0,91.1,Low,89.6,0,82.62,94.02
STU04259,19,Female,Computer Science,2,8.01,96.3,87.4,67.5,77.6,69.8,5.8,2,0,0,83.2,0,96.4,Low,75.58,0,92.28,82.34
STU04260,18,Female,Management,2,5.76,76.1,61.1,42.6,57.4,61.3,3.5,15,0,4,43.0,0,59.9,Medium,55.6,1,64.7,61.42
STU04261,22,Male,Management,8,6.53,69.9,57.5,73.5,61.2,62.2,2.4,19,3,3,54.0,0,50.6,Medium,63.6,1,54.6,65.77
STU04262,21,Male,Mechanical,7,8.91,91.3,74.7,73.0,86.9,87.3,5.0,6,2,1,92.1,0,95.4,Low,80.47,0,85.84,86.2
STU04263,22,Female,Civil,8,6.81,71.0,67.2,48.7,55.6,70.8,2.7,17,3,3,67.3,1,55.4,Medium,60.58,1,61.42,65.82
STU04264,19,Male,Electrical,2,6.57,66.6,65.8,61.8,60.9,63.0,2.8,21,1,3,58.2,1,57.5,Medium,62.88,1,64.28,64.8
STU04265,21,Male,Mechanical,8,6.14,80.0,50.2,63.1,61.8,51.9,3.6,14,0,0,43.4,0,58.3,Medium,56.75,0,65.36,64.19
STU04266,20,Female,Civil,6,5.71,69.8,58.8,60.8,47.4,51.6,2.5,17,2,4,62.3,0,62.9,Medium,54.65,1,61.42,59.3
STU04267,21,Female,Management,7,6.89,80.2,63.5,50.2,45.7,74.7,2.5,13,1,3,64.4,1,70.4,Low,58.53,0,65.26,67.58
STU04268,21,Female,Computer Science,8,7.81,77.9,64.1,63.6,65.5,72.7,4.2,15,0,2,58.9,0,69.4,Low,66.47,1,74.56,73.4
STU04269,19,Female,Computer Science,3,8.36,89.3,69.6,68.6,69.2,63.4,4.4,6,1,2,58.2,0,81.8,Low,67.7,0,72.28,78.66
STU04270,22,Male,Electrical,7,7.04,82.9,72.2,65.6,60.3,60.9,4.3,11,0,3,64.1,0,68.2,Low,64.75,0,77.14,71.27
STU04271,20,Female,Civil,6,5.2,66.5,46.6,46.6,37.2,56.9,2.2,22,0,1,52.4,0,33.4,High,46.82,1,61.96,53.56
STU04272,19,Male,Computer Science,4,5.57,64.4,56.0,41.2,54.1,57.9,2.3,24,2,5,36.4,0,53.9,Medium,52.3,2,50.06,56.52
STU04273,21,Male,Electronics,5,7.45,85.8,58.7,59.5,71.6,79.6,3.0,9,2,4,57.8,0,61.4,Medium,67.35,0,62.12,74.46
STU04274,20,Female,Civil,3,10.0,89.6,79.8,84.6,93.5,88.3,3.3,6,0,1,95.8,0,100.0,Low,86.55,0,84.82,92.02
STU04275,19,Female,Mechanical,3,6.69,72.3,71.6,76.7,69.6,72.2,2.9,16,0,2,64.5,1,72.0,Low,72.53,1,70.3,70.5
STU04276,22,Male,Management,8,7.67,92.5,80.2,63.1,45.7,72.5,3.8,4,0,2,61.1,0,71.2,Low,65.38,0,73.44,76.12
STU04277,21,Female,Electrical,7,8.41,98.7,75.8,100.0,77.1,89.9,4.1,1,0,1,84.0,0,92.3,Low,85.7,0,84.1,88.39
STU04278,21,Female,Mechanical,5,6.77,65.6,65.8,53.8,61.1,74.2,3.0,23,1,4,55.9,1,63.0,Medium,63.72,1,64.36,65.58
STU04279,21,Male,Civil,6,5.61,45.2,43.3,30.6,55.0,54.9,0.5,34,4,5,11.3,0,25.6,High,45.95,2,25.02,49.32
STU04280,19,Male,Civil,4,6.89,79.6,49.7,59.7,50.7,80.3,1.6,12,0,3,67.0,0,63.8,Medium,60.1,1,64.8,68.06
STU04281,20,Male,Computer Science,3,8.42,82.0,65.1,83.5,86.3,80.8,3.6,12,0,1,65.3,1,84.2,Low,78.92,0,74.12,81.54
STU04282,21,Female,Electronics,8,3.64,64.9,43.9,35.0,28.2,32.1,1.8,22,3,3,22.4,3,25.5,High,34.8,2,38.96,42.89
STU04283,21,Male,Electronics,8,7.75,79.6,57.2,69.1,46.8,65.1,2.5,13,1,4,76.4,0,81.9,Low,59.55,1,70.06,70.84
STU04284,20,Male,Management,3,6.78,76.9,55.1,52.1,52.0,67.8,1.7,15,1,3,56.1,1,58.1,Medium,56.75,1,57.94,65.66
STU04285,21,Male,Management,7,6.9,84.0,70.8,61.6,53.2,70.5,3.0,11,0,2,68.1,1,84.8,Low,64.03,0,72.24,70.76
STU04286,21,Female,Computer Science,5,7.81,90.6,83.9,61.9,76.4,82.1,4.1,6,0,1,63.9,0,99.2,Low,76.08,0,76.06,80.41
STU04287,20,Male,Electrical,6,6.52,75.5,70.1,61.8,64.6,64.1,3.2,15,0,1,69.0,0,79.2,Low,65.15,1,73.6,67.76
STU04288,18,Male,Mechanical,2,6.39,78.9,74.8,54.2,56.0,75.6,2.0,14,3,1,64.4,0,64.6,Medium,65.15,1,56.76,68.15
STU04289,20,Male,Computer Science,5,6.64,74.2,57.2,68.3,53.1,75.9,3.8,14,1,3,68.2,1,70.8,Low,63.62,1,73.28,67.24
STU04290,18,Male,Electronics,2,6.98,86.6,67.4,60.2,58.1,67.4,3.0,8,0,2,57.7,2,67.3,Low,63.28,0,68.08,71.39
STU04291,21,Male,Management,7,7.22,76.7,69.3,59.6,60.3,66.2,2.9,6,2,4,50.6,0,79.4,Low,63.85,1,58.74,69.98
STU04292,20,Female,Electronics,4,4.45,74.5,63.7,59.4,42.5,69.3,4.1,17,3,2,57.7,2,44.7,High,58.72,1,64.58,57.69
STU04293,20,Female,Civil,3,6.36,76.5,73.0,68.4,58.8,74.3,3.6,16,0,1,63.5,0,76.4,Low,68.62,1,73.4,68.84
STU04294,20,Male,Mechanical,6,8.21,76.7,71.6,80.9,68.0,65.1,3.3,13,1,2,80.0,0,78.5,Low,71.4,1,75.5,76.47
STU04295,21,Female,Mechanical,8,7.98,77.2,72.3,48.7,58.5,74.3,3.3,13,1,3,64.7,2,58.2,Medium,63.45,1,69.38,72.61
STU04296,19,Male,Mechanical,4,7.56,92.5,67.1,59.3,58.8,78.3,3.4,5,1,2,71.7,0,81.3,Low,65.88,0,72.68,75.94
STU04297,22,Female,Mechanical,7,6.7,74.6,60.8,63.0,50.9,65.1,2.4,18,0,2,49.8,0,61.1,Medium,59.95,1,61.92,66.08
STU04298,20,Male,Management,6,5.88,66.3,56.6,44.1,65.0,50.2,2.1,23,1,2,48.4,0,55.0,Medium,53.97,1,56.86,58.74
STU04299,21,Female,Electronics,5,8.44,83.5,81.0,61.8,71.5,70.5,4.4,10,1,7,54.8,0,95.5,Low,71.2,0,70.92,78.9
STU04300,21,Female,Computer Science,7,7.41,67.8,66.9,60.5,53.0,43.5,2.3,21,1,3,58.0,0,53.9,Medium,55.98,1,61.7,65.27
STU04301,19,Female,Electronics,2,6.15,76.4,67.5,62.6,50.5,63.7,3.8,14,1,0,70.8,1,75.8,Low,61.08,1,74.32,65.06
STU04302,21,Male,Civil,8,8.18,97.4,82.7,71.1,76.7,70.0,3.6,2,0,0,78.5,0,94.8,Low,75.12,0,79.4,83.03
STU04303,20,Female,Mechanical,4,6.02,56.2,54.9,56.1,45.4,50.8,1.8,30,3,3,52.7,1,50.3,Medium,51.8,2,51.08,55.84
STU04304,18,Female,Civil,2,6.19,59.2,72.5,48.7,60.2,62.8,3.4,28,2,3,63.3,1,42.0,High,61.05,2,66.32,60.89
STU04305,22,Female,Computer Science,8,6.66,67.3,69.7,65.1,55.5,57.9,2.7,21,3,2,66.9,1,64.2,Medium,62.05,1,61.26,64.96
STU04306,22,Male,Mechanical,7,7.13,90.5,74.0,64.1,63.9,81.9,3.3,5,1,0,68.1,0,80.6,Low,70.97,0,70.74,75.97
STU04307,21,Male,Management,7,7.41,71.4,55.0,77.6,46.2,80.7,2.3,17,2,3,48.1,1,76.5,Low,64.88,1,54.74,69.74
STU04308,19,Male,Mechanical,3,9.18,85.7,74.2,93.5,77.0,83.5,4.1,9,2,1,59.5,0,78.4,Low,82.05,0,68.3,86.37
STU04309,21,Male,Civil,7,6.46,59.8,57.0,75.8,67.4,66.8,2.0,24,2,3,53.4,0,56.3,Medium,66.75,2,55.36,64.26
STU04310,20,Male,Civil,6,4.66,70.9,56.3,52.6,26.0,40.9,1.9,20,0,4,52.8,1,59.7,Medium,43.95,1,60.62,51.62
STU04311,21,Female,Civil,8,7.17,75.7,61.0,63.6,69.5,70.9,3.5,15,2,2,59.9,0,55.6,Medium,66.25,1,65.46,70.52
STU04312,19,Male,Electronics,4,6.93,74.0,66.4,55.0,50.6,54.7,1.8,17,0,1,49.2,0,70.2,Low,56.68,1,58.68,65.42
STU04313,21,Male,Civil,8,6.89,72.0,65.5,52.1,58.2,54.8,3.4,18,1,2,57.9,2,65.7,Low,57.65,1,67.16,65.18
STU04314,21,Male,Electronics,6,6.99,91.6,78.0,72.1,81.0,67.5,3.9,5,1,0,59.8,0,74.6,Low,74.65,0,70.42,77.22
STU04315,20,Female,Electronics,3,6.84,64.6,57.5,57.1,61.8,60.9,2.6,24,1,4,44.4,1,55.4,Medium,59.32,2,57.76,63.82
STU04316,19,Female,Mechanical,3,6.81,68.6,55.8,57.1,40.5,62.5,2.8,22,1,2,49.8,0,77.0,Low,53.98,1,60.92,62.58
STU04317,22,Female,Electronics,8,8.6,90.0,72.5,67.8,98.0,79.4,3.0,6,1,1,81.9,0,88.1,Low,79.43,0,74.76,84.37
STU04318,20,Female,Computer Science,6,5.76,74.9,66.4,59.6,45.4,56.1,2.7,17,1,2,66.2,0,60.1,Medium,56.88,1,66.98,61.64
STU04319,19,Female,Electrical,2,6.09,79.7,62.3,52.2,65.9,65.2,2.0,13,1,1,43.2,0,54.7,Medium,61.4,1,54.28,65.8
STU04320,19,Male,Mechanical,2,10.0,93.8,85.6,91.8,94.9,89.0,3.7,4,0,1,67.7,0,100.0,Low,90.32,0,75.58,94.58
STU04321,22,Female,Computer Science,7,5.95,72.1,61.5,55.6,41.3,63.1,2.4,18,1,2,61.8,1,54.8,Medium,55.37,1,63.72,61.0
STU04322,20,Male,Computer Science,3,6.2,75.5,88.4,60.8,56.3,65.1,3.0,15,2,3,59.5,0,59.3,Medium,67.65,1,62.8,67.64
STU04323,20,Female,Mechanical,3,5.12,79.6,58.0,38.9,39.7,48.5,1.9,14,2,2,64.6,0,52.4,Medium,46.28,1,59.34,56.33
STU04324,21,Male,Mechanical,6,7.53,87.7,86.3,62.5,61.5,70.8,4.2,7,0,0,66.2,0,81.4,Low,70.28,0,77.48,76.39
STU04325,22,Female,Civil,8,6.05,76.5,47.6,61.6,53.2,70.7,2.8,16,1,3,59.6,1,60.7,Medium,58.28,1,64.84,63.61
STU04326,19,Male,Mechanical,4,5.67,64.4,52.6,51.3,53.9,63.6,1.8,25,2,2,39.4,1,62.4,Medium,55.35,2,48.76,58.08
STU04327,20,Male,Electrical,6,9.08,98.4,89.9,63.7,89.1,75.0,6.4,1,0,2,54.6,0,98.6,Low,79.43,0,81.84,88.15
STU04328,20,Female,Computer Science,6,8.35,68.3,67.5,70.8,66.1,64.3,2.7,21,2,2,49.3,0,65.9,Low,67.18,1,57.22,73.17
STU04329,20,Male,Mechanical,6,7.22,76.7,61.1,64.0,64.7,65.0,1.9,21,3,2,46.6,0,69.6,Low,63.7,1,49.14,69.92
STU04330,20,Male,Electronics,6,4.3,62.0,50.3,34.1,32.0,61.4,1.9,24,1,2,39.4,1,40.8,High,44.45,2,52.26,48.33
STU04331,19,Female,Electronics,3,9.29,93.2,93.3,79.9,83.3,90.4,4.5,4,0,2,70.2,0,95.0,Low,86.72,0,80.58,90.5
STU04332,21,Female,Management,6,4.88,62.3,75.0,53.4,43.5,52.8,2.6,21,0,1,49.7,0,55.8,Medium,56.18,2,62.88,55.12
STU04333,18,Female,Management,2,7.82,86.3,84.1,59.2,66.7,81.9,3.6,8,0,2,64.6,1,80.5,Low,72.97,0,73.84,78.14
STU04334,21,Male,Computer Science,7,6.89,89.0,76.3,80.1,96.1,89.6,4.1,8,0,1,79.1,0,93.7,Low,85.52,0,82.14,80.57
STU04335,22,Male,Computer Science,7,6.93,67.2,70.0,76.6,69.5,74.8,2.6,21,0,3,38.9,0,80.0,Low,72.72,1,58.56,70.14
STU04336,21,Male,Management,7,5.67,60.6,53.7,57.4,49.4,52.6,2.6,25,1,3,40.9,0,45.7,High,53.28,2,56.36,56.3
STU04337,18,Female,Computer Science,2,6.16,69.6,56.4,69.4,68.9,71.1,3.4,21,1,3,46.0,0,75.2,Low,66.45,1,62.4,65.54
STU04338,21,Female,Management,8,6.57,67.6,63.8,52.8,35.2,68.0,2.8,18,2,3,47.3,0,65.3,Low,54.95,1,56.92,61.88
STU04339,21,Male,Computer Science,5,7.41,82.2,63.8,70.2,77.9,66.0,3.2,10,1,2,69.4,1,52.8,Medium,69.47,0,70.76,74.27
STU04340,19,Male,Electronics,2,5.9,64.3,46.4,55.0,44.8,64.4,0.3,22,2,2,35.4,1,51.1,Medium,52.65,2,39.66,57.78
STU04341,21,Male,Computer Science,5,5.02,77.8,61.0,38.0,31.3,56.9,2.7,13,2,0,59.6,2,50.6,Medium,46.8,1,61.34,55.74
STU04342,20,Male,Mechanical,6,7.56,72.5,74.8,75.2,67.5,74.6,4.5,19,0,1,55.0,0,73.7,Low,73.03,1,74.5,73.8
STU04343,20,Male,Computer Science,4,7.01,93.5,71.5,72.2,73.0,82.5,4.9,4,0,1,86.1,1,94.7,Low,74.8,0,88.94,77.83
STU04344,21,Male,Electronics,7,5.55,57.7,53.7,62.5,65.9,52.7,1.7,27,2,4,36.1,4,39.0,High,58.7,2,46.94,57.33
STU04345,20,Male,Management,5,6.6,71.2,53.5,64.8,65.6,54.5,2.5,16,1,3,46.6,0,62.0,Medium,59.6,1,58.14,64.74
STU04346,20,Male,Computer Science,3,6.41,74.7,60.4,56.9,57.8,69.1,2.4,16,3,1,53.8,0,59.5,Medium,61.05,1,54.52,65.53
STU04347,21,Male,Civil,6,5.48,63.0,57.1,50.7,31.0,66.3,2.0,26,0,3,58.8,1,44.3,High,51.28,2,63.52,55.44
STU04348,20,Female,Computer Science,3,4.54,65.4,47.8,38.6,27.3,31.7,2.1,22,2,4,46.2,2,35.1,High,36.35,1,52.98,46.78
STU04349,19,Female,Mechanical,2,8.33,96.1,77.5,76.7,66.6,86.4,4.4,2,0,2,73.3,0,80.7,Low,76.8,0,81.32,83.9
STU04350,20,Male,Electronics,3,7.69,78.3,73.3,65.7,53.7,73.1,3.9,13,0,2,66.0,0,72.9,Low,66.45,1,75.9,73.07
STU04351,22,Male,Civil,8,6.39,73.8,58.6,70.2,59.2,58.2,1.7,16,0,1,46.0,1,53.5,Medium,61.55,1,56.9,65.44
STU04352,21,Female,Electrical,6,4.82,60.6,37.5,36.2,39.1,44.1,0.5,26,2,3,49.0,2,25.7,High,39.22,2,46.1,47.71
STU04353,20,Male,Management,4,6.84,62.4,54.1,68.1,58.5,65.2,0.8,21,1,0,51.1,0,51.3,Medium,61.47,2,51.44,64.13
STU04354,19,Male,Management,4,4.79,72.3,53.6,32.7,45.9,58.3,1.9,16,2,3,45.7,1,57.7,Medium,47.62,1,51.78,53.89
STU04355,22,Male,Computer Science,8,5.22,64.3,55.6,45.1,50.5,49.1,2.0,22,1,2,49.5,1,44.5,High,50.08,2,56.8,54.38
STU04356,21,Male,Computer Science,6,6.64,70.2,46.6,59.2,49.5,63.0,2.7,18,0,1,47.6,0,56.5,Medium,54.58,1,62.54,62.62
STU04357,21,Female,Computer Science,7,7.19,60.9,58.8,51.6,74.7,71.2,1.7,27,2,2,43.4,0,59.2,Medium,64.08,2,49.86,66.02
STU04358,20,Female,Civil,6,6.89,73.5,62.6,51.9,51.3,69.5,3.2,18,1,0,62.1,0,73.5,Low,58.82,1,67.84,66.02
STU04359,22,Male,Computer Science,8,7.04,82.1,55.9,66.5,53.3,58.7,5.1,12,1,3,75.1,0,73.8,Low,58.6,0,82.54,68.6
STU04360,21,Male,Electrical,6,9.46,97.9,87.0,76.4,88.2,97.1,5.9,1,0,0,83.3,0,98.1,Low,87.18,0,92.82,92.46
STU04361,19,Female,Management,4,5.99,55.8,59.6,65.5,61.4,51.2,0.2,26,4,2,24.7,1,39.3,High,59.42,2,28.88,58.68
STU04362,19,Male,Computer Science,3,7.1,72.2,73.1,73.6,66.5,67.6,2.3,17,3,3,60.6,1,55.7,Medium,70.2,1,56.74,70.98
STU04363,19,Other,Electronics,2,6.22,74.5,45.8,66.2,49.5,55.0,2.0,17,1,4,44.0,0,57.2,Medium,54.12,1,54.6,62.04
STU04364,22,Female,Mechanical,7,5.93,80.0,69.0,59.0,50.7,67.0,1.7,11,0,4,65.4,1,52.0,Medium,61.42,0,64.66,65.32
STU04365,22,Male,Electronics,8,3.7,56.6,27.0,29.8,39.1,39.3,1.4,28,3,2,21.5,4,34.8,High,33.8,2,36.6,40.62
STU04366,21,Male,Electronics,6,8.46,100.0,94.9,77.3,67.8,77.9,6.2,0,0,0,84.8,0,92.0,Low,79.47,0,93.92,86.4
STU04367,21,Male,Computer Science,5,6.78,79.9,68.3,69.2,87.6,74.0,2.7,14,2,3,61.2,0,79.7,Low,74.78,1,61.98,73.62
STU04368,18,Female,Management,2,6.61,69.0,58.7,60.6,54.9,66.7,3.7,18,1,2,53.7,0,61.4,Medium,60.23,1,66.98,64.48
STU04369,21,Male,Civil,6,7.17,88.6,78.0,65.1,62.8,81.8,5.0,7,1,1,87.4,1,71.7,Low,71.92,0,86.96,76.01
STU04370,19,Female,Computer Science,3,7.62,80.4,65.1,82.3,71.9,69.9,3.6,12,0,2,57.7,0,70.1,Low,72.3,0,71.08,75.69
STU04371,20,Female,Computer Science,6,5.57,69.2,59.7,45.6,46.8,47.6,3.1,18,0,6,66.7,2,53.5,Medium,49.92,1,72.18,56.76
STU04372,20,Female,Electrical,4,6.31,70.7,55.3,63.7,44.7,63.8,1.5,18,3,1,68.8,1,59.2,Medium,56.88,1,56.02,62.51
STU04373,21,Female,Computer Science,8,4.92,64.1,21.0,44.3,43.6,61.4,2.0,22,5,3,28.7,2,41.6,High,42.58,2,36.48,50.28
STU04374,21,Male,Management,8,8.96,70.6,70.6,78.0,71.8,74.3,4.3,18,1,2,56.6,0,75.3,Low,73.68,1,71.14,78.48
STU04375,20,Male,Mechanical,3,8.46,100.0,89.0,85.8,74.2,90.8,5.7,0,0,1,84.7,0,96.0,Low,84.95,0,92.38,88.59
STU04376,20,Female,Management,4,5.58,53.5,59.9,45.9,22.7,52.3,2.6,26,0,2,50.8,3,39.9,High,45.2,2,63.32,50.98
STU04377,21,Female,Electrical,8,5.13,70.8,57.9,46.3,43.7,71.3,1.9,18,0,5,63.5,2,34.6,High,54.8,1,64.9,57.58
STU04378,18,Female,Management,2,5.71,66.8,65.8,60.5,53.2,57.7,2.8,23,0,2,59.8,0,59.2,Medium,59.3,1,67.92,60.4
STU04379,20,Female,Electrical,5,7.08,93.4,62.0,66.9,41.6,69.2,3.5,4,0,3,61.4,0,76.0,Low,59.92,0,72.06,72.1
STU04380,19,Female,Mechanical,2,5.24,66.5,51.3,54.8,33.2,35.7,1.1,20,1,4,32.0,2,49.6,High,43.75,1,45.3,52.46
STU04381,21,Male,Computer Science,5,8.97,78.8,76.5,61.8,77.5,85.2,3.3,12,1,4,53.7,0,84.7,Low,75.25,1,64.98,81.2
STU04382,19,Male,Civil,2,7.18,67.8,53.4,56.4,68.6,63.5,2.5,19,3,3,58.5,1,52.2,Medium,60.47,1,56.9,66.27
STU04383,19,Female,Mechanical,2,9.11,91.1,90.6,70.9,63.0,92.0,4.4,5,0,1,71.2,1,80.6,Low,79.12,0,80.48,86.31
STU04384,19,Female,Electronics,4,6.72,83.9,75.4,82.7,56.4,68.8,5.0,9,0,0,62.6,0,80.3,Low,70.82,0,80.04,72.82
STU04385,19,Female,Mechanical,2,7.98,85.9,66.9,52.4,58.3,70.5,1.9,8,1,2,53.2,1,63.3,Medium,62.03,0,57.78,74.22
STU04386,22,Male,Computer Science,7,6.04,63.4,56.3,45.3,58.6,55.7,2.7,23,3,1,47.2,0,59.1,Medium,53.97,2,53.38,58.58
STU04387,21,Female,Electronics,6,6.27,58.3,45.5,51.4,44.9,49.9,0.6,25,2,2,39.3,0,45.1,High,47.92,2,42.72,55.69
STU04388,21,Male,Computer Science,5,7.88,75.6,75.9,63.9,71.9,71.2,2.1,14,1,1,46.3,0,72.1,Low,70.73,1,56.02,74.77
STU04389,20,Male,Electronics,5,5.61,62.2,56.0,52.2,37.9,55.3,2.8,24,2,4,47.9,2,37.9,High,50.35,2,57.16,55.32
STU04390,22,Male,Mechanical,7,9.2,94.7,88.3,88.4,68.9,82.4,4.7,3,0,3,65.3,0,95.7,Low,82.0,0,79.62,88.68
STU04391,22,Female,Electrical,7,5.94,87.1,74.1,64.0,65.1,64.0,3.4,8,1,2,70.4,0,72.9,Low,66.8,0,72.16,69.28
STU04392,19,Male,Mechanical,2,8.15,68.7,76.5,86.5,65.4,78.8,2.7,19,0,1,54.4,0,90.4,Low,76.8,1,65.26,76.42
STU04393,21,Male,Management,6,5.69,68.5,58.9,44.5,58.0,49.1,3.2,18,2,1,61.8,0,53.7,Medium,52.62,1,64.72,58.09
STU04394,21,Male,Management,5,5.52,67.2,61.4,43.1,60.6,54.4,1.6,21,4,0,46.2,1,61.8,Medium,54.88,1,44.48,58.07
STU04395,22,Male,Computer Science,7,5.73,75.2,64.4,64.9,53.0,50.9,3.4,17,0,3,70.9,0,61.6,Medium,58.3,1,75.36,62.18
STU04396,21,Female,Mechanical,7,7.43,71.3,65.9,51.8,56.0,73.4,2.3,16,0,1,59.2,0,64.5,Medium,61.78,1,65.18,68.54
STU04397,21,Female,Electronics,6,7.21,85.2,68.7,67.7,62.7,79.8,3.1,10,3,2,63.0,0,65.1,Low,69.73,0,61.7,74.42
STU04398,20,Female,Electrical,6,6.31,69.3,52.4,71.5,58.1,70.7,3.9,20,3,2,60.3,0,61.1,Medium,63.18,1,64.62,64.68
STU04399,20,Male,Mechanical,3,5.19,68.6,44.4,30.9,56.6,57.2,1.8,19,1,1,55.0,1,49.9,High,47.28,1,58.0,54.22
STU04400,21,Male,Computer Science,7,6.52,80.5,58.5,49.8,46.1,57.5,2.0,11,0,2,54.6,1,56.6,Medium,52.98,0,61.84,64.13
STU04401,20,Male,Computer Science,6,6.03,58.6,64.0,61.6,56.7,56.9,1.0,26,2,2,42.4,0,50.2,Medium,59.8,2,45.96,59.68
STU04402,20,Female,Civil,3,5.99,66.7,50.2,49.9,36.8,57.9,2.0,23,2,2,42.4,0,62.6,Medium,48.7,1,50.96,57.12
STU04403,20,Female,Computer Science,3,7.05,64.0,54.0,54.0,52.5,64.5,3.7,24,1,1,50.1,1,60.8,Medium,56.25,2,65.54,63.18
STU04404,21,Male,Electronics,5,7.77,67.3,62.1,72.9,66.5,74.6,2.7,22,2,3,51.4,0,79.3,Low,69.03,1,58.06,71.63
STU04405,19,Female,Management,4,6.55,62.2,53.6,61.7,57.8,50.8,2.0,23,1,4,52.3,1,67.2,Low,55.98,2,57.92,60.86
STU04406,20,Male,Computer Science,6,8.22,68.1,67.4,67.1,65.8,80.4,2.8,18,2,1,63.6,0,73.3,Low,70.18,1,63.44,73.87
STU04407,19,Female,Civil,4,6.05,83.2,72.4,68.8,61.8,74.0,4.1,11,1,1,74.2,0,62.5,Medium,69.25,0,77.18,69.68
STU04408,20,Female,Civil,3,6.43,82.3,65.5,67.3,68.6,65.3,2.0,11,0,1,71.0,0,73.0,Low,66.68,0,68.4,69.75
STU04409,19,Female,Electronics,4,6.97,85.3,68.7,57.2,61.4,66.7,2.5,9,0,1,63.8,1,72.4,Low,63.5,0,68.02,71.12
STU04410,21,Female,Computer Science,7,5.01,77.6,49.9,41.9,33.5,56.9,2.5,15,2,2,39.9,0,47.9,High,45.55,1,52.46,55.15
STU04411,22,Male,Computer Science,7,8.29,77.4,75.7,63.1,80.0,77.3,3.9,15,1,1,70.5,0,95.6,Low,74.03,1,74.7,77.97
STU04412,20,Female,Management,4,6.36,64.8,68.5,62.9,71.3,60.0,3.7,20,1,2,79.8,0,69.3,Low,65.68,2,77.42,64.73
STU04413,22,Male,Civil,7,8.13,89.7,63.8,77.2,87.3,78.4,4.3,7,1,3,76.1,0,75.3,Low,76.68,0,78.94,81.55
STU04414,19,Female,Electronics,2,5.53,77.3,62.6,61.5,58.5,70.3,4.5,13,1,1,63.8,0,69.1,Low,63.22,1,75.02,63.97
STU04415,21,Male,Electrical,8,6.65,75.7,63.2,64.0,59.7,72.0,2.7,15,0,3,59.7,0,67.5,Low,64.72,1,67.38,68.09
STU04416,22,Male,Computer Science,7,5.6,43.7,51.0,46.1,32.6,51.0,3.0,34,2,2,40.4,0,36.0,High,45.18,2,55.16,48.6
STU04417,19,Female,Computer Science,2,7.78,66.4,65.4,72.9,79.0,53.6,2.1,20,1,3,50.6,0,73.1,Low,67.73,1,57.74,70.92
STU04418,21,Male,Computer Science,6,7.05,79.9,72.1,62.7,44.0,70.3,3.1,11,0,2,50.6,0,62.1,Medium,62.28,1,65.74,69.56
STU04419,20,Male,Electrical,5,6.21,61.3,43.5,60.3,65.1,45.6,3.9,23,6,5,48.7,0,47.3,High,53.62,2,50.98,58.51
STU04420,22,Male,Electronics,8,8.85,99.0,91.9,74.5,83.6,82.9,5.1,1,0,1,78.1,0,95.7,Low,83.22,0,86.74,89.02
STU04421,19,Female,Civil,3,8.87,88.3,93.7,61.8,56.9,71.0,4.2,6,0,1,81.2,0,83.6,Low,70.85,0,83.48,81.46
STU04422,21,Female,Computer Science,8,7.23,72.4,68.3,67.7,69.6,73.8,4.1,19,1,3,63.3,1,71.8,Low,69.85,1,72.82,71.34
STU04423,21,Female,Electrical,8,5.47,57.5,47.7,47.3,37.2,43.0,1.7,28,2,4,53.6,2,33.4,High,43.8,2,53.94,51.04
STU04424,20,Female,Electrical,3,7.02,86.4,70.9,57.4,51.8,75.5,2.3,8,2,2,72.1,0,67.2,Low,63.9,0,64.34,71.73
STU04425,20,Male,Electronics,5,4.69,57.0,46.6,51.3,41.3,45.7,2.7,24,3,3,22.4,0,47.3,High,46.22,2,43.46,49.16
STU04426,20,Male,Computer Science,6,7.27,67.8,58.5,67.3,64.8,53.8,2.7,22,1,3,41.9,0,46.4,High,61.1,1,57.26,66.83
STU04427,19,Male,Civil,3,6.38,61.5,62.7,43.7,59.0,62.5,0.4,27,3,2,54.2,0,66.3,Low,56.98,2,44.68,60.5
STU04428,22,Female,Computer Science,8,4.8,74.5,43.9,66.5,31.7,48.5,2.1,15,2,2,67.8,0,53.4,Medium,47.65,1,61.62,54.48
STU04429,19,Female,Computer Science,3,7.26,79.7,71.4,52.9,63.3,79.3,2.9,14,2,2,61.2,0,66.5,Low,66.73,1,62.98,72.03
STU04430,20,Male,Mechanical,3,5.93,72.2,65.8,44.4,43.3,58.4,2.9,19,2,1,50.0,2,48.5,High,52.98,1,58.5,60.0
STU04431,20,Male,Mechanical,5,7.31,91.1,61.3,75.6,76.0,81.6,3.8,6,1,0,76.7,0,79.3,Low,73.62,0,76.68,77.81
STU04432,20,Female,Electrical,5,4.67,67.5,53.7,44.8,46.7,53.0,2.6,19,1,2,64.7,2,41.2,High,49.55,1,65.88,53.04
STU04433,18,Female,Electronics,2,7.89,84.3,75.6,66.3,78.1,80.5,5.0,10,1,1,65.7,0,78.8,Low,75.12,0,78.28,78.74
STU04434,21,Female,Computer Science,8,6.49,78.0,74.9,59.0,76.9,63.4,3.5,15,2,4,51.0,2,62.9,Medium,68.55,1,61.9,69.64
STU04435,20,Male,Civil,3,8.34,68.3,78.5,66.3,82.2,89.1,3.6,20,1,5,68.7,1,73.0,Low,79.03,1,72.48,77.88
STU04436,18,Male,Civil,2,7.27,65.7,74.3,61.3,66.6,62.7,2.7,23,2,3,47.1,0,67.8,Low,66.22,1,56.34,68.36
STU04437,21,Male,Electronics,5,6.66,72.9,65.7,60.0,31.3,38.7,0.6,15,2,1,40.1,2,40.6,High,48.92,1,43.04,61.1
STU04438,22,Male,Electronics,8,7.39,70.3,65.8,63.6,69.5,72.6,1.1,18,0,1,49.1,1,71.4,Low,67.88,1,55.14,70.59
STU04439,18,Female,Computer Science,2,5.21,78.6,50.1,34.2,53.1,44.4,2.0,15,3,0,43.9,2,36.1,High,45.45,1,48.56,56.07
STU04440,20,Male,Mechanical,5,5.84,64.7,53.4,43.6,53.7,59.3,2.1,19,1,2,47.2,0,50.1,Medium,52.5,2,56.38,57.61
STU04441,22,Male,Management,8,7.42,72.0,65.9,67.2,62.4,73.7,4.8,19,3,2,62.4,0,70.5,Low,67.3,1,69.96,70.89
STU04442,22,Female,Computer Science,8,5.24,91.2,60.6,41.5,40.7,57.3,3.7,5,0,3,71.2,1,55.4,Medium,50.03,0,76.98,61.15
STU04443,20,Female,Mechanical,3,6.42,60.5,53.6,50.9,48.5,55.0,0.3,23,3,2,50.7,0,48.4,High,52.0,2,42.78,58.4
STU04444,20,Male,Computer Science,6,4.99,61.1,47.7,47.9,45.1,55.5,0.9,24,1,1,54.6,3,38.2,High,49.05,2,53.34,52.36
STU04445,22,Female,Electronics,7,6.92,72.3,61.1,55.4,54.1,61.7,2.7,17,0,2,53.5,0,64.0,Medium,58.08,1,64.9,65.53
STU04446,21,Male,Electrical,6,6.41,69.7,62.8,47.5,61.3,62.9,2.3,21,1,2,67.7,0,63.5,Medium,58.62,1,65.58,63.31
STU04447,20,Female,Mechanical,6,7.46,64.1,74.3,59.9,65.4,66.7,4.1,22,0,0,50.2,1,71.7,Low,66.58,2,70.58,68.76
STU04448,22,Male,Computer Science,7,6.52,81.9,57.2,69.9,59.5,75.4,2.1,12,2,4,59.6,0,68.3,Low,65.5,0,58.34,69.5
STU04449,20,Female,Electronics,5,8.7,81.3,73.2,97.5,73.2,92.2,4.1,11,0,2,82.1,0,96.6,Low,84.02,0,83.34,84.38
STU04450,18,Male,Computer Science,2,7.06,95.2,77.2,67.0,60.4,63.2,2.7,3,2,2,62.0,0,70.3,Low,66.95,0,62.3,75.29
STU04451,20,Male,Electronics,6,6.03,75.6,65.6,59.6,41.3,61.9,4.0,16,3,4,60.6,1,67.3,Low,57.1,1,65.24,62.85
STU04452,21,Female,Electrical,6,5.83,69.0,61.1,48.0,65.2,55.7,2.0,20,1,3,52.9,0,54.7,Medium,57.5,1,58.16,60.66
STU04453,22,Female,Computer Science,7,6.19,69.1,48.9,44.5,40.5,50.3,2.7,20,2,3,58.6,2,41.3,High,46.05,1,60.94,57.36
STU04454,21,Male,Electronics,8,8.12,90.6,66.8,68.8,65.3,47.4,2.5,6,3,2,68.7,1,69.6,Low,62.08,0,60.98,75.9
STU04455,20,Male,Mechanical,4,7.13,73.5,71.2,48.1,53.9,68.9,2.8,17,1,1,62.8,0,74.7,Low,60.53,1,66.12,67.54
STU04456,22,Male,Electrical,8,9.69,81.3,75.1,91.7,78.3,82.6,4.1,12,0,1,80.3,0,100.0,Low,81.93,0,82.62,87.01
STU04457,18,Male,Computer Science,2,7.21,85.8,61.8,55.4,53.9,77.9,3.8,8,0,4,55.0,0,73.6,Low,62.25,0,71.0,71.58
STU04458,21,Female,Mechanical,8,6.27,73.5,64.5,51.8,55.2,74.7,3.5,16,4,2,53.0,1,70.3,Low,61.55,1,56.7,64.94
STU04459,18,Male,Computer Science,2,5.67,76.9,76.5,64.0,58.9,72.9,4.3,13,3,1,65.0,0,74.5,Low,68.08,1,68.5,66.3
STU04460,21,Male,Computer Science,6,8.25,89.6,78.2,82.1,83.8,82.5,4.7,7,1,0,67.1,0,76.5,Low,81.65,0,77.34,83.94
STU04461,21,Female,Computer Science,6,7.45,87.0,68.1,65.7,50.3,79.6,4.0,7,0,0,69.0,0,80.1,Low,65.93,0,77.6,74.2
STU04462,20,Female,Civil,6,6.44,83.1,60.8,61.4,65.2,68.1,2.1,11,1,2,51.8,0,58.8,Medium,63.87,0,58.22,68.86
STU04463,21,Male,Computer Science,8,8.41,100.0,77.1,82.0,81.2,92.1,4.3,0,1,1,73.7,1,88.4,Low,83.1,0,77.98,87.68
STU04464,21,Male,Management,5,6.24,66.9,61.2,59.7,49.3,57.0,2.2,22,0,3,57.8,1,60.8,Medium,56.8,1,64.12,61.28
STU04465,19,Female,Electronics,2,10.0,100.0,96.4,76.8,78.5,87.2,5.4,0,0,0,92.9,0,100.0,Low,84.72,0,94.16,93.89
STU04466,20,Male,Electrical,6,7.33,76.5,59.0,70.9,76.7,69.6,3.8,13,0,1,66.1,0,86.7,Low,69.05,1,75.44,72.4
STU04467,20,Male,Computer Science,4,7.27,77.3,79.8,66.7,62.0,68.0,3.9,15,2,3,69.9,0,79.6,Low,69.12,1,71.46,72.42
STU04468,21,Female,Electronics,6,7.25,74.4,80.7,38.2,54.7,66.1,3.5,16,1,2,57.4,1,64.4,Medium,59.92,1,67.46,67.94
STU04469,20,Female,Civil,4,10.0,85.2,86.1,93.9,80.8,97.8,5.2,10,0,1,57.0,0,94.5,Low,89.65,0,78.8,92.16
STU04470,18,Male,Electronics,2,6.44,63.6,51.8,40.2,42.4,66.4,1.4,21,1,4,59.3,1,59.8,Medium,50.2,2,57.72,58.52
STU04471,20,Male,Mechanical,6,7.12,67.0,78.5,67.6,55.0,80.6,2.1,18,1,0,57.6,0,70.9,Low,70.42,1,60.54,69.84
STU04472,18,Male,Electrical,2,6.21,86.1,65.3,68.8,59.9,64.6,2.9,8,2,2,63.0,1,69.4,Low,64.65,0,63.7,69.12
STU04473,20,Female,Civil,4,8.19,100.0,84.5,84.3,79.9,87.7,6.0,0,0,3,81.7,0,84.5,Low,84.1,0,92.68,87.3
STU04474,21,Male,Electrical,6,7.91,84.1,68.4,64.4,62.4,80.7,4.7,10,1,0,88.2,0,81.2,Low,68.98,0,85.78,76.3
STU04475,22,Female,Computer Science,8,6.04,63.1,54.6,57.1,51.4,63.1,2.4,23,2,2,27.4,1,60.9,Medium,56.55,2,46.96,59.54
STU04476,19,Female,Mechanical,4,7.67,83.9,69.3,77.0,58.5,73.1,2.8,10,1,2,54.0,1,62.1,Medium,69.47,0,62.6,75.61
STU04477,19,Male,Mechanical,4,7.54,65.7,65.5,49.5,70.5,78.7,2.2,24,2,2,52.3,0,49.2,High,66.05,1,55.92,69.24
STU04478,19,Female,Mechanical,4,7.23,85.5,74.9,45.6,60.4,77.6,4.9,8,0,0,58.3,0,65.5,Low,64.62,0,77.82,72.53
STU04479,21,Female,Mechanical,6,8.0,66.0,71.7,76.8,68.8,65.3,2.4,22,1,4,59.0,1,69.6,Low,70.65,1,62.6,72.76
STU04480,20,Female,Civil,3,7.63,90.8,73.3,77.5,70.1,71.6,3.6,6,1,0,56.5,0,74.4,Low,73.12,0,67.6,78.66
STU04481,21,Male,Electrical,5,7.8,78.3,75.6,68.7,68.3,77.2,3.4,12,0,0,63.8,0,74.7,Low,72.45,1,72.52,75.86
STU04482,21,Male,Computer Science,7,6.96,80.8,66.2,48.6,66.3,74.8,4.0,11,0,0,63.0,0,76.8,Low,63.98,0,75.2,70.15
STU04483,19,Female,Computer Science,2,7.83,78.9,81.6,70.7,65.0,77.5,3.7,12,1,0,67.8,0,67.6,Low,73.7,1,72.62,76.61
STU04484,22,Male,Computer Science,8,7.24,74.6,58.0,68.9,51.7,68.9,1.1,16,3,3,56.3,0,63.9,Medium,61.88,1,49.02,68.74
STU04485,21,Female,Computer Science,5,6.82,69.5,62.8,75.3,55.8,55.6,2.8,19,2,2,42.4,0,60.4,Medium,62.37,1,54.96,66.19
STU04486,20,Male,Civil,6,6.11,87.1,87.7,61.3,59.2,83.6,4.1,8,1,2,73.1,1,58.2,Medium,72.95,0,76.74,72.34
STU04487,21,Female,Electronics,6,9.22,90.1,87.8,81.6,68.0,91.3,4.4,7,2,2,74.1,0,81.9,Low,82.18,0,75.64,87.66
STU04488,22,Male,Electronics,8,6.34,87.0,70.2,39.1,34.6,63.5,3.3,8,1,2,56.2,0,66.7,Low,51.85,0,65.98,64.68
STU04489,21,Male,Management,6,8.13,100.0,80.8,80.8,60.8,81.8,4.8,0,0,0,84.5,1,87.9,Low,76.05,0,87.8,83.88
STU04490,22,Male,Management,8,6.57,64.5,61.0,64.2,38.9,64.5,2.5,20,3,5,59.2,1,47.1,High,57.15,2,57.18,61.98
STU04491,19,Male,Mechanical,4,9.12,96.6,81.9,85.7,79.2,81.5,3.9,2,2,0,59.9,0,89.9,Low,82.08,0,67.46,88.9
STU04492,19,Male,Electronics,3,6.55,62.7,55.0,62.2,43.0,53.1,2.0,22,4,4,55.1,1,37.0,High,53.32,2,50.04,59.93
STU04493,20,Male,Computer Science,6,5.52,68.4,41.6,42.5,47.3,59.7,1.5,18,1,2,35.2,2,47.1,High,47.77,1,48.58,55.53
STU04494,19,Female,Electronics,3,6.03,66.3,61.4,49.2,53.1,48.9,1.4,19,2,3,34.5,0,55.1,Medium,53.15,1,44.8,58.94
STU04495,19,Female,Electronics,2,7.09,88.8,61.8,66.8,68.5,69.7,3.4,6,0,2,62.3,1,65.0,Low,66.7,0,71.92,73.7
STU04496,20,Male,Computer Science,3,5.54,73.8,56.1,54.0,44.8,66.4,1.6,15,2,3,43.5,1,38.6,High,55.32,1,49.4,59.97
STU04497,19,Female,Electrical,3,6.4,72.6,57.8,64.4,60.5,65.3,3.2,17,1,2,73.1,0,50.6,Medium,62.0,1,72.24,65.35
STU04498,19,Male,Electronics,2,4.29,63.6,40.7,41.1,30.5,52.9,2.2,20,0,2,40.5,3,38.9,High,41.3,2,57.2,47.44
STU04499,21,Male,Computer Science,7,7.9,96.8,91.9,76.7,50.1,79.9,6.3,2,0,0,81.9,0,93.6,Low,74.65,0,92.76,81.71
STU04500,20,Female,Civil,6,5.5,54.9,39.6,52.4,32.9,42.7,0.2,30,1,5,42.2,1,54.6,Medium,41.9,2,44.88,49.74
STU04501,20,Male,Electronics,3,5.33,80.3,52.6,46.1,47.7,62.2,2.5,12,1,1,52.5,0,43.4,High,52.15,0,60.5,59.59
STU04502,19,Male,Electronics,3,8.12,79.9,69.1,83.1,73.8,78.5,4.2,11,0,2,66.4,0,79.3,Low,76.12,1,77.56,78.84
STU04503,22,Female,Computer Science,8,5.43,51.1,52.2,41.6,47.2,59.7,2.0,30,2,1,39.5,2,48.3,High,50.18,2,49.8,51.85
STU04504,21,Male,Computer Science,8,6.78,84.1,66.3,72.5,91.4,69.9,3.0,9,0,1,52.1,0,77.3,Low,75.03,0,65.84,74.76
STU04505,18,Male,Mechanical,2,6.55,84.3,75.0,53.1,55.7,63.5,2.6,11,1,0,56.8,1,53.3,Medium,61.82,0,62.72,68.73
STU04506,21,Female,Electronics,6,8.7,92.4,74.2,89.8,81.5,88.6,4.9,5,1,3,64.8,0,91.1,Low,83.52,0,77.42,86.96
STU04507,19,Female,Computer Science,4,7.57,78.0,100.0,70.0,72.6,66.1,3.7,13,1,2,71.5,2,81.4,Low,77.18,1,74.1,76.87
STU04508,20,Male,Electrical,4,5.69,74.5,57.7,73.2,42.3,72.1,3.2,14,0,2,63.5,1,61.9,Medium,61.32,1,71.4,63.07
STU04509,21,Female,Electrical,6,6.34,78.9,87.7,57.4,59.7,67.0,4.3,13,0,2,61.9,0,71.1,Low,67.95,1,76.26,69.1
STU04510,21,Male,Mechanical,8,7.58,88.8,84.0,79.8,69.1,79.4,5.6,7,1,0,76.4,0,88.6,Low,78.08,0,85.56,79.96
STU04511,21,Male,Electrical,6,7.01,59.6,59.5,51.6,68.2,79.0,1.8,22,1,2,47.6,1,47.0,High,64.58,2,55.04,65.26
STU04512,22,Male,Mechanical,8,6.1,83.1,69.5,60.1,47.0,67.6,3.7,10,1,3,36.5,2,62.0,Medium,61.05,0,60.1,66.54
STU04513,21,Male,Computer Science,7,7.98,88.8,77.0,77.4,77.5,81.8,4.2,7,1,2,67.3,0,81.5,Low,78.42,0,74.92,81.5
STU04514,22,Female,Mechanical,7,5.37,73.3,56.9,61.8,42.7,57.7,2.4,18,1,3,54.2,2,50.0,Medium,54.77,1,60.68,59.03
STU04515,22,Female,Electronics,7,6.59,67.5,51.1,49.5,46.6,45.9,2.6,21,1,3,54.3,0,56.6,Medium,48.28,1,61.72,59.25
STU04516,22,Male,Electronics,7,7.76,59.4,65.2,57.8,68.9,68.1,2.8,23,2,2,35.1,0,68.0,Low,65.0,2,52.04,68.01
STU04517,19,Male,Management,3,8.0,71.8,74.3,71.5,67.6,58.3,3.1,17,0,1,59.9,0,71.2,Low,67.92,1,69.46,73.12
STU04518,21,Male,Electronics,8,6.34,73.9,59.8,64.9,69.8,73.8,2.0,14,1,0,68.1,1,73.7,Low,67.08,1,64.24,67.5
STU04519,22,Female,Computer Science,8,6.01,73.0,58.8,53.0,47.7,54.1,1.8,17,1,3,33.2,3,61.1,Medium,53.4,1,49.28,60.64
STU04520,20,Male,Computer Science,6,5.05,76.7,61.5,47.3,39.6,55.3,2.9,12,1,1,56.4,0,59.9,Medium,50.92,1,64.06,57.22
STU04521,21,Female,Management,6,6.06,76.3,53.4,41.0,63.8,60.4,0.7,13,1,2,57.6,1,63.4,Medium,54.65,1,53.54,62.14
STU04522,21,Male,Computer Science,8,7.48,87.2,74.6,75.8,58.2,68.9,5.0,8,0,0,87.0,0,81.1,Low,69.38,0,89.8,75.73
STU04523,19,Male,Management,3,6.24,82.5,70.9,69.1,53.5,68.3,2.9,11,1,3,58.2,0,58.2,Medium,65.45,0,64.78,68.65
STU04524,19,Female,Computer Science,2,6.89,58.6,67.1,65.4,32.1,54.8,2.1,23,1,1,37.2,0,49.7,High,54.85,2,52.38,60.7
STU04525,21,Female,Electrical,8,8.72,92.3,76.5,76.3,70.9,69.7,3.5,4,0,1,63.2,0,85.1,Low,73.35,0,72.78,82.94
STU04526,20,Male,Electronics,5,5.79,69.8,67.4,47.9,53.6,61.0,2.8,19,1,1,80.4,2,52.1,Medium,57.48,1,73.16,60.7
STU04527,22,Male,Computer Science,7,6.52,58.9,68.6,54.3,58.3,71.6,3.3,26,1,1,55.8,1,53.5,Medium,63.2,2,65.82,62.82
STU04528,20,Female,Computer Science,5,5.94,78.5,67.0,58.3,58.0,66.3,1.9,14,2,4,58.0,0,63.8,Medium,62.4,1,56.7,65.38
STU04529,20,Female,Computer Science,5,5.26,75.0,63.9,54.9,44.8,59.3,4.2,14,1,1,56.2,0,60.0,Medium,55.72,1,70.48,59.45
STU04530,19,Female,Computer Science,2,7.24,76.2,64.6,65.5,72.1,72.3,3.0,15,1,2,51.5,1,67.1,Low,68.62,1,62.6,71.84
STU04531,20,Female,Computer Science,4,8.21,80.8,87.1,63.4,72.2,77.7,4.9,12,0,2,66.1,1,77.8,Low,75.1,0,80.94,78.97
STU04532,19,Female,Mechanical,2,6.93,78.6,64.3,58.7,61.9,59.6,2.7,13,2,2,53.3,0,73.0,Low,61.12,1,58.82,68.35
STU04533,20,Male,Mechanical,5,9.61,100.0,95.6,86.9,89.9,84.5,5.4,0,0,1,93.3,0,93.0,Low,89.22,0,94.32,94.32
STU04534,18,Male,Electronics,2,4.52,48.5,35.3,38.6,30.8,46.0,1.1,31,1,5,18.6,2,22.1,High,37.67,2,39.94,43.02
STU04535,21,Male,Civil,7,7.38,83.5,62.6,59.3,60.6,63.6,3.9,11,0,1,67.4,0,77.6,Low,61.52,0,76.46,71.32
STU04536,19,Female,Electrical,4,8.16,98.9,73.6,70.7,69.1,78.6,4.6,1,0,1,65.0,1,88.1,Low,73.0,0,79.0,82.48
STU04537,21,Male,Management,7,5.49,67.2,43.4,49.0,40.0,48.6,2.1,22,0,2,42.9,1,58.9,Medium,45.25,1,57.66,54.11
STU04538,18,Male,Electronics,2,6.71,64.2,63.3,76.9,63.7,75.0,2.9,24,0,0,59.3,0,73.6,Low,69.72,2,68.22,67.42
STU04539,19,Female,Electronics,2,4.74,60.5,47.1,47.1,34.7,61.5,2.2,27,0,3,54.6,1,53.3,Medium,47.6,2,62.84,50.76
STU04540,19,Male,Management,4,8.05,76.7,71.0,53.6,67.3,80.4,2.8,9,2,2,54.6,0,71.8,Low,68.07,1,59.84,74.58
STU04541,22,Female,Management,7,7.67,85.4,68.7,68.8,65.0,87.2,3.8,9,0,0,73.0,0,84.0,Low,72.42,0,78.2,77.16
STU04542,21,Male,Management,7,6.08,67.2,54.9,73.1,58.2,56.3,2.7,22,3,5,46.0,0,66.2,Low,60.62,1,52.9,62.33
STU04543,20,Female,Mechanical,5,4.97,61.1,50.3,53.5,40.7,46.9,1.9,25,1,2,50.9,3,34.2,High,47.85,2,56.86,51.81
STU04544,20,Female,Mechanical,6,5.38,72.7,74.3,61.8,42.8,65.9,2.5,19,2,0,58.5,2,53.6,Medium,61.2,1,59.9,61.48
STU04545,21,Male,Management,6,7.48,85.2,64.3,72.5,74.3,65.0,2.9,9,1,1,62.7,0,65.5,Low,69.03,0,66.58,75.09
STU04546,20,Male,Mechanical,6,6.44,77.0,49.8,63.2,70.7,64.1,2.0,13,1,3,51.8,0,61.4,Medium,61.95,1,57.72,66.57
STU04547,22,Male,Computer Science,7,4.82,76.7,41.9,36.7,25.9,50.5,2.8,15,3,1,52.3,2,44.1,High,38.75,1,55.92,51.54
STU04548,19,Female,Management,2,8.83,93.6,74.9,85.5,76.8,88.3,3.9,4,1,0,84.5,0,90.5,Low,81.38,0,80.3,86.85
STU04549,20,Female,Electrical,5,7.19,72.1,55.6,65.7,67.4,69.7,3.0,19,2,6,55.8,1,53.3,Medium,64.6,1,61.32,69.03
STU04550,22,Male,Computer Science,7,5.7,60.5,66.9,54.0,30.7,52.1,1.3,26,3,3,43.9,0,52.1,Medium,50.92,2,45.06,55.44
STU04551,21,Male,Computer Science,5,7.25,66.5,74.5,63.1,68.8,57.5,3.8,23,1,2,51.6,0,67.6,Low,65.97,1,66.64,68.39
STU04552,19,Female,Management,3,5.9,76.7,61.9,54.9,51.4,72.9,3.1,19,0,3,82.5,1,59.9,Medium,60.28,1,78.5,63.94
STU04553,20,Male,Electronics,6,6.03,83.7,75.2,51.0,59.9,59.9,3.2,9,1,1,71.9,0,68.3,Low,61.5,0,71.76,66.63
STU04554,20,Female,Civil,4,8.44,85.9,69.9,77.5,65.4,75.2,4.6,9,1,2,60.3,0,78.4,Low,72.0,0,74.12,79.82
STU04555,21,Male,Computer Science,5,8.56,86.4,75.4,81.6,84.1,79.1,4.5,8,1,0,72.6,0,85.5,Low,80.05,0,78.54,83.58
STU04556,20,Male,Computer Science,5,8.38,78.6,69.7,77.8,69.7,78.1,3.5,13,3,1,71.8,0,94.5,Low,73.82,1,67.22,78.51
STU04557,21,Female,Electrical,6,8.27,88.8,82.2,74.8,75.5,71.7,5.8,7,1,0,75.0,0,82.7,Low,76.05,0,86.0,81.56
STU04558,22,Male,Management,8,7.32,76.5,65.6,52.9,54.6,60.6,2.8,15,0,1,57.1,0,69.2,Low,58.42,1,66.84,68.12
STU04559,20,Female,Mechanical,6,7.46,87.1,84.2,78.3,77.3,76.3,2.5,8,0,3,60.6,0,76.1,Low,79.03,0,66.74,79.5
STU04560,22,Female,Computer Science,8,5.38,51.6,48.5,37.1,39.4,55.1,1.0,30,1,3,41.6,2,34.3,High,45.02,2,48.64,49.74
STU04561,19,Female,Computer Science,2,7.2,82.4,73.8,62.4,46.8,68.9,3.4,10,1,1,49.9,1,70.9,Low,62.98,0,63.96,70.99
STU04562,22,Female,Computer Science,7,6.59,77.8,54.1,52.4,55.4,67.2,3.8,15,3,4,61.5,1,58.0,Medium,57.28,1,64.6,65.43
STU04563,19,Female,Management,4,7.23,73.6,51.9,62.6,66.0,58.1,1.8,17,4,2,50.0,0,56.6,Medium,59.65,1,47.0,67.56
STU04564,22,Female,Electronics,7,6.71,76.1,57.9,63.0,50.5,74.5,3.3,15,1,1,70.7,0,66.6,Low,61.48,1,71.78,67.1
STU04565,18,Female,Management,2,6.73,57.6,51.5,45.0,50.4,62.7,0.7,25,1,3,52.7,0,58.2,Medium,52.4,2,51.58,58.92
STU04566,20,Female,Electrical,5,7.56,68.6,52.4,46.3,60.0,65.0,2.1,18,5,0,50.7,1,65.1,Low,55.92,1,45.78,65.98
STU04567,19,Female,Electronics,2,3.32,59.2,48.6,27.3,17.8,36.2,1.2,26,5,2,36.1,3,10.5,High,32.48,2,35.44,39.41
STU04568,20,Male,Computer Science,6,8.26,98.2,77.7,78.7,71.5,79.9,4.9,1,0,1,89.0,1,85.1,Low,76.95,0,90.1,84.24
STU04569,19,Male,Management,3,6.92,70.3,67.7,68.9,61.7,67.5,1.8,20,0,5,47.5,3,61.4,Medium,66.45,1,58.0,68.38
STU04570,19,Male,Computer Science,3,8.41,97.2,70.6,77.9,57.4,75.0,3.0,2,0,2,43.3,0,95.6,Low,70.22,0,62.32,81.82
STU04571,19,Male,Electrical,2,6.76,90.8,78.0,64.4,81.4,65.7,4.4,6,1,2,85.8,0,73.3,Low,72.38,0,83.32,75.31
STU04572,19,Male,Electronics,3,8.21,77.9,60.7,73.0,74.6,78.5,2.6,15,0,4,71.7,0,73.4,Low,71.7,1,71.68,76.89
STU04573,22,Male,Electronics,8,7.78,74.8,65.7,62.6,63.4,69.4,2.2,16,1,1,65.2,2,69.7,Low,65.28,1,64.08,72.04
STU04574,22,Male,Electronics,8,8.11,82.9,74.0,73.7,80.1,75.2,4.9,9,1,2,67.0,0,80.0,Low,75.75,0,78.3,79.41
STU04575,19,Female,Electronics,2,7.88,73.4,68.7,78.8,74.0,66.7,1.9,15,4,3,59.5,0,63.9,Medium,72.05,1,51.3,74.75
STU04576,21,Female,Civil,8,6.64,67.4,63.7,60.0,67.1,77.2,1.5,22,1,2,40.7,1,67.0,Low,67.0,1,50.78,66.89
STU04577,20,Male,Mechanical,6,6.42,87.6,55.3,56.5,62.4,68.3,2.8,8,0,0,64.5,0,73.4,Low,60.62,0,69.8,68.62
STU04578,19,Female,Computer Science,4,4.5,61.4,56.8,39.1,36.7,61.7,0.8,24,0,1,47.9,2,46.1,High,48.58,2,53.16,50.53
STU04579,22,Female,Mechanical,8,5.96,76.3,58.3,54.1,58.0,64.9,3.8,16,0,0,54.1,2,63.9,Medium,58.82,1,70.64,63.46
STU04580,20,Female,Electronics,3,8.05,88.7,70.8,65.9,74.3,66.5,3.4,7,0,1,70.5,0,74.1,Low,69.38,0,75.2,78.1
STU04581,20,Male,Management,3,6.89,82.2,82.6,60.1,56.6,74.4,2.6,12,1,2,76.6,1,57.0,Medium,68.42,0,70.64,72.04
STU04582,20,Male,Management,3,7.42,74.3,78.3,67.8,81.3,76.1,4.5,16,1,2,71.1,0,77.0,Low,75.88,1,77.94,74.9
STU04583,20,Male,Mechanical,3,6.14,62.1,59.9,66.7,65.1,62.9,3.8,25,3,3,53.4,0,69.0,Low,63.65,2,61.36,62.48
STU04584,21,Female,Management,5,9.54,100.0,82.6,94.6,63.2,94.1,4.9,0,0,2,95.5,0,98.8,Low,83.62,0,92.7,91.84
STU04585,18,Female,Electronics,2,6.8,72.6,76.9,62.9,68.2,64.5,5.1,19,1,4,63.3,1,60.2,Medium,68.12,1,77.82,69.2
STU04586,20,Female,Computer Science,3,7.4,89.3,68.6,83.4,61.9,63.3,3.6,6,1,1,68.6,0,65.1,Low,69.3,0,72.44,75.94
STU04587,20,Female,Computer Science,4,6.69,78.0,68.1,62.4,64.9,65.6,1.7,12,1,3,54.9,0,49.2,High,65.25,1,57.46,69.02
STU04588,21,Female,Electrical,6,8.76,82.6,79.1,67.3,61.0,76.0,4.2,10,1,3,51.8,0,82.2,Low,70.85,0,68.72,79.65
STU04589,22,Female,Electronics,8,4.37,63.5,49.4,48.0,33.3,58.9,1.3,21,1,0,59.5,0,40.5,High,47.4,2,57.3,50.13
STU04590,18,Female,Management,2,5.89,77.7,69.6,50.1,51.7,65.8,2.4,14,0,2,54.5,1,58.9,Medium,59.3,1,63.8,63.76
STU04591,20,Female,Electronics,6,7.06,66.8,60.6,67.5,67.9,48.7,2.7,22,2,4,54.8,0,63.0,Medium,61.18,1,59.42,65.88
STU04592,19,Male,Computer Science,2,8.69,80.9,77.0,82.6,76.0,76.1,4.3,10,0,1,71.0,0,86.2,Low,77.92,0,79.9,81.81
STU04593,21,Female,Mechanical,8,7.88,94.4,64.9,67.4,50.5,68.4,4.2,3,0,1,71.0,0,77.4,Low,62.8,0,79.4,76.3
STU04594,19,Male,Mechanical,3,6.48,89.0,69.4,57.6,54.7,55.8,3.2,7,2,2,67.6,0,77.0,Low,59.38,0,67.04,68.68
STU04595,21,Male,Electronics,7,8.17,79.1,69.7,59.7,63.6,68.8,2.3,13,0,1,53.3,0,76.6,Low,65.45,1,62.82,74.55
STU04596,21,Other,Electrical,7,7.25,71.4,74.6,75.6,72.6,73.8,2.9,17,1,1,49.1,0,76.9,Low,74.15,1,61.14,72.88
STU04597,19,Male,Civil,4,6.17,82.2,71.3,57.9,57.9,73.7,3.4,11,1,0,84.2,0,75.7,Low,65.2,0,77.68,68.22
STU04598,20,Male,Electronics,4,6.7,85.2,82.1,67.2,57.3,73.2,2.9,8,1,2,59.5,0,77.5,Low,69.95,0,65.3,72.73
STU04599,20,Female,Civil,4,7.95,94.3,74.5,76.4,78.3,75.8,4.4,3,1,1,73.0,0,79.2,Low,76.25,0,78.2,81.9
STU04600,20,Male,Electronics,5,8.57,98.7,87.8,83.0,100.0,93.8,4.8,1,0,3,74.3,0,99.9,Low,91.15,0,83.72,91.13
STU04601,20,Male,Electrical,5,8.39,81.3,74.5,77.6,82.6,78.6,4.6,12,1,3,61.0,0,71.5,Low,78.32,0,74.4,81.02
STU04602,20,Male,Electronics,6,6.12,69.4,65.3,61.2,40.9,62.3,1.9,17,3,2,44.5,1,50.8,Medium,57.42,1,48.3,61.74
STU04603,20,Female,Civil,5,6.86,82.6,60.6,63.6,80.0,64.2,3.0,12,2,4,51.4,0,73.5,Low,67.1,0,59.56,71.5
STU04604,21,Male,Electronics,7,6.9,82.9,74.5,64.6,74.9,68.6,3.2,9,1,1,64.4,0,67.6,Low,70.65,0,68.76,73.14
STU04605,21,Male,Computer Science,5,6.22,78.6,59.2,51.6,70.9,63.6,2.0,12,0,1,61.8,0,67.6,Low,61.32,1,64.72,65.95
STU04606,20,Female,Civil,4,7.89,95.2,78.7,63.3,53.5,64.8,5.9,3,0,1,74.3,0,90.8,Low,65.08,0,89.22,77.44
STU04607,20,Male,Electronics,4,6.83,69.2,72.4,53.1,47.5,69.8,1.5,17,2,1,53.7,0,56.9,Medium,60.7,1,52.98,65.48
STU04608,22,Female,Civil,7,9.31,100.0,75.0,82.4,85.9,87.3,4.5,0,2,1,62.8,0,90.7,Low,82.65,0,71.62,90.65
STU04609,19,Male,Mechanical,2,5.18,77.6,50.2,38.1,38.7,67.1,3.1,15,0,0,36.4,0,56.0,Medium,48.53,1,60.06,56.94
STU04610,19,Male,Computer Science,4,5.81,79.1,63.4,61.9,58.5,59.1,3.2,12,1,3,59.6,0,59.4,Medium,60.72,1,66.84,64.4
STU04611,20,Female,Computer Science,4,6.89,84.5,66.0,64.4,73.3,72.3,2.2,10,0,1,54.3,1,63.1,Medium,69.0,0,62.72,72.84
STU04612,21,Male,Civil,6,8.31,66.6,68.5,70.0,75.0,62.6,2.1,22,0,2,43.5,0,76.0,Low,69.03,1,57.9,73.34
STU04613,18,Male,Mechanical,2,6.28,95.9,68.2,56.6,73.6,76.2,4.0,3,1,3,74.8,0,75.5,Low,68.65,0,76.92,73.42
STU04614,20,Male,Mechanical,5,6.58,75.4,52.5,48.0,56.3,65.7,1.4,15,3,4,60.4,1,51.3,Medium,55.62,1,52.16,64.13
STU04615,21,Male,Computer Science,6,6.52,77.5,67.2,48.0,40.3,59.3,2.3,12,1,1,60.6,0,61.1,Medium,53.7,1,62.74,63.68
STU04616,22,Male,Electronics,8,9.13,86.6,77.2,79.9,75.9,92.6,5.1,8,1,1,70.8,0,92.6,Low,81.4,0,80.82,86.16
STU04617,20,Male,Civil,5,2.51,51.8,37.5,25.1,29.8,49.8,1.0,33,4,4,28.9,3,11.1,High,35.55,2,34.56,35.96
STU04618,21,Male,Management,8,5.39,65.0,47.7,54.4,36.0,50.9,1.7,22,3,4,55.3,5,39.7,High,47.25,1,51.62,54.02
STU04619,20,Male,Mechanical,6,10.0,100.0,95.5,100.0,100.0,100.0,6.3,0,0,0,100.0,0,100.0,Low,98.88,0,100.0,99.55
STU04620,21,Male,Mechanical,7,7.33,79.0,81.2,79.6,73.2,62.4,3.6,14,0,1,63.9,0,68.9,Low,74.1,1,73.56,75.04
STU04621,20,Female,Mechanical,3,6.1,69.5,59.8,48.5,46.8,55.1,1.4,20,3,2,48.7,5,45.2,High,52.55,1,47.48,59.74
STU04622,22,Male,Civil,8,6.22,73.2,57.8,53.7,54.4,48.7,2.1,18,0,2,99.1,1,68.3,Low,53.65,1,80.14,61.53
STU04623,20,Female,Electrical,3,7.28,94.5,67.7,81.8,67.4,81.3,4.4,3,1,0,89.4,0,89.2,Low,74.55,0,84.76,78.92
STU04624,19,Female,Computer Science,2,8.84,100.0,84.5,72.8,87.3,69.2,3.8,0,2,2,59.5,0,86.2,Low,78.45,0,66.8,87.32
STU04625,18,Male,Civil,2,7.83,68.7,61.1,62.0,73.7,60.3,3.3,21,1,3,69.6,0,72.7,Low,64.28,1,71.34,70.29
STU04626,20,Male,Computer Science,6,7.98,94.2,90.2,75.6,75.9,82.2,4.4,4,0,2,81.0,0,84.5,Low,80.98,0,84.4,83.87
STU04627,21,Male,Computer Science,6,6.92,88.7,69.0,48.2,73.2,76.6,4.5,7,1,2,79.0,0,66.2,Low,66.75,0,81.1,73.1
STU04628,19,Female,Computer Science,3,7.72,81.5,67.3,68.9,71.1,70.4,2.6,11,0,0,56.5,0,74.0,Low,69.42,0,65.6,75.16
STU04629,22,Male,Computer Science,8,5.65,54.3,52.5,45.2,43.0,56.7,0.8,26,0,2,50.8,0,39.3,High,49.35,2,54.32,53.09
STU04630,20,Male,Electronics,3,5.77,86.2,74.2,60.4,47.4,78.3,3.5,8,2,2,72.7,1,61.0,Medium,65.08,0,70.58,67.77
STU04631,20,Female,Computer Science,6,5.29,68.3,40.0,53.4,23.7,50.3,2.3,17,3,2,53.5,2,53.2,Medium,41.85,1,53.9,52.33
STU04632,20,Female,Computer Science,5,4.72,56.6,50.8,36.0,25.7,40.6,1.0,27,2,3,32.6,4,40.5,High,38.28,2,42.04,45.98
STU04633,21,Male,Computer Science,6,5.23,64.1,65.6,48.3,50.9,67.3,2.3,24,2,0,54.1,0,56.9,Medium,58.02,2,57.14,57.54
STU04634,21,Female,Computer Science,7,7.2,100.0,75.1,70.6,65.3,78.3,4.7,0,0,0,70.3,0,72.4,Low,72.32,0,81.62,79.13
STU04635,22,Male,Electronics,8,6.83,76.3,68.1,59.2,60.5,80.5,3.0,15,1,1,58.2,1,72.5,Low,67.08,1,65.28,69.81
STU04636,22,Male,Electrical,7,4.75,69.3,52.3,46.4,50.2,45.3,0.2,19,1,3,40.5,2,42.1,High,48.55,1,44.2,53.37
STU04637,22,Male,Mechanical,8,2.98,49.8,38.9,28.5,25.0,25.2,1.5,28,4,1,38.9,5,12.7,High,29.4,2,41.06,34.64
STU04638,21,Female,Computer Science,8,5.99,84.6,64.3,53.2,47.9,60.0,3.5,10,0,1,75.0,0,75.7,Low,56.35,0,77.5,64.66
STU04639,19,Male,Electronics,4,6.57,84.6,67.7,58.7,52.7,74.1,3.8,9,4,3,70.8,0,63.9,Medium,63.3,0,65.32,69.46
STU04640,20,Female,Electronics,5,6.17,80.1,69.8,63.2,47.2,79.7,2.4,11,1,2,80.1,0,65.7,Low,64.97,0,71.04,67.61
STU04641,19,Female,Computer Science,3,8.79,98.2,84.7,89.8,85.4,88.8,3.4,1,1,1,61.1,0,90.7,Low,87.18,0,68.44,90.18
STU04642,21,Male,Electronics,8,7.29,86.2,88.1,51.9,57.3,74.3,3.9,8,0,1,82.6,0,61.5,Medium,67.9,0,82.54,74.23
STU04643,22,Male,Electronics,8,7.59,70.6,62.3,66.0,74.6,78.8,4.0,16,1,0,65.1,1,69.7,Low,70.42,1,73.04,72.38
STU04644,21,Male,Mechanical,8,6.28,76.0,67.5,73.4,59.9,64.5,3.4,17,0,3,48.8,1,76.0,Low,66.32,1,66.52,67.51
STU04645,22,Female,Civil,7,6.54,79.5,62.2,70.7,53.1,55.4,3.6,14,1,1,69.2,0,78.7,Low,60.35,1,72.68,66.9
STU04646,22,Male,Mechanical,7,6.58,91.0,65.0,57.6,61.3,58.1,3.4,5,4,1,73.0,0,59.7,Medium,60.5,0,64.2,69.98
STU04647,21,Female,Computer Science,7,6.06,74.2,60.1,62.3,44.6,59.2,3.2,18,1,1,66.1,0,61.5,Medium,56.55,1,69.44,62.38
STU04648,20,Male,Computer Science,3,5.33,65.0,44.9,54.7,45.6,44.9,1.9,23,1,1,40.8,2,46.4,High,47.52,1,52.82,53.92
STU04649,20,Female,Management,3,6.36,76.7,76.1,67.9,56.1,60.2,3.4,13,0,3,61.3,0,49.1,High,65.08,1,71.52,67.46
STU04650,20,Female,Civil,5,6.14,69.8,55.4,62.5,62.9,50.1,2.3,17,1,1,48.3,0,64.0,Medium,57.72,1,57.82,62.03
STU04651,19,Female,Civil,4,6.1,56.9,43.5,50.1,53.6,51.6,0.3,30,1,3,32.3,0,42.2,High,49.7,2,41.42,55.46
STU04652,22,Male,Management,7,7.66,99.4,73.5,65.3,78.7,82.6,4.2,0,0,2,61.8,0,80.0,Low,75.03,0,75.72,81.67
STU04653,22,Male,Mechanical,7,7.59,76.1,66.4,51.9,59.1,79.7,2.6,16,1,0,55.5,0,59.8,Medium,64.28,1,62.2,71.3
STU04654,21,Male,Computer Science,8,6.09,80.8,52.5,51.7,67.3,54.3,2.4,11,1,2,57.8,1,59.2,Medium,56.45,0,62.12,64.1
STU04655,21,Male,Civil,7,6.74,92.9,72.5,52.7,59.4,76.5,4.6,5,0,1,66.9,0,80.1,Low,65.28,0,79.76,72.93
STU04656,18,Female,Computer Science,2,7.98,93.4,77.0,78.3,53.2,84.6,4.5,4,0,2,89.5,0,91.8,Low,73.28,0,88.3,80.59
STU04657,19,Male,Civil,4,7.14,81.9,58.7,43.5,35.6,60.7,3.2,12,1,3,66.5,0,58.1,Medium,49.62,0,69.6,65.32
STU04658,20,Male,Electronics,4,7.8,91.3,74.1,69.5,69.0,76.5,4.6,5,0,0,85.0,0,84.5,Low,72.28,0,87.0,79.04
STU04659,20,Male,Computer Science,6,6.58,89.2,60.9,50.9,40.6,75.7,2.5,7,0,1,62.5,0,61.5,Medium,57.03,0,67.5,68.14
STU04660,19,Male,Computer Science,4,6.03,73.2,66.1,40.8,61.0,59.9,3.2,17,0,2,53.1,3,54.8,Medium,56.95,1,67.24,62.18
STU04661,21,Female,Electronics,8,5.2,73.9,55.9,55.6,36.5,66.8,2.9,18,3,5,67.7,1,59.8,Medium,53.7,1,62.58,58.16
STU04662,20,Female,Mechanical,4,6.25,67.5,43.3,47.5,40.4,47.5,2.3,19,1,5,42.1,0,71.4,Low,44.68,1,55.34,56.62
STU04663,20,Male,Computer Science,5,8.12,80.5,82.0,87.8,79.5,89.2,4.1,12,0,5,73.1,0,85.5,Low,84.62,0,79.74,82.4
STU04664,21,Male,Computer Science,7,6.1,50.8,47.8,54.3,49.2,57.4,0.2,28,1,5,31.7,0,30.2,High,52.18,2,40.68,54.92
STU04665,19,Female,Electronics,4,9.13,86.4,83.8,85.6,100.0,77.6,4.3,9,0,0,57.0,0,100.0,Low,86.75,0,74.3,88.26
STU04666,19,Female,Electrical,2,7.9,81.3,84.8,54.6,57.3,72.9,4.2,12,2,3,69.4,0,77.9,Low,67.4,0,72.76,74.94
STU04667,19,Female,Electrical,4,7.97,76.6,71.5,69.2,57.6,65.0,3.6,13,3,1,69.0,1,76.2,Low,65.82,1,66.6,73.38
STU04668,20,Female,Civil,4,8.05,86.1,72.4,86.5,80.5,68.2,2.5,9,1,2,55.2,0,72.3,Low,76.9,0,61.58,80.46
STU04669,21,Female,Electronics,6,10.0,98.6,96.6,93.7,67.2,82.0,5.8,1,0,1,85.9,0,100.0,Low,84.88,0,93.36,93.6
STU04670,20,Female,Electronics,6,6.91,75.2,73.1,57.7,44.9,55.7,2.2,17,1,2,58.4,1,65.8,Low,57.85,1,61.36,66.12
STU04671,21,Female,Computer Science,5,4.33,53.6,39.1,26.9,26.6,35.3,2.0,26,1,1,54.2,3,24.5,High,31.98,2,58.68,41.34
STU04672,20,Female,Computer Science,4,6.68,74.8,54.7,62.2,42.1,69.1,2.5,16,2,3,56.7,0,55.8,Medium,57.02,1,59.18,64.89
STU04673,20,Female,Computer Science,5,7.63,73.5,68.8,64.7,63.6,52.0,2.3,17,2,1,63.0,2,61.7,Medium,62.28,1,60.7,69.99
STU04674,19,Female,Management,3,8.38,87.8,78.4,69.2,55.3,82.8,4.8,7,1,4,63.9,0,77.8,Low,71.43,0,76.56,79.85
STU04675,19,Male,Mechanical,3,6.35,81.7,75.5,72.8,72.7,75.1,2.5,10,0,2,64.2,1,58.6,Medium,74.03,0,68.18,72.26
STU04676,20,Male,Computer Science,6,7.91,67.8,66.5,75.1,74.4,76.3,2.1,18,1,2,35.0,0,70.0,Low,73.08,1,51.5,73.86
STU04677,22,Female,Mechanical,8,6.18,76.8,58.2,70.0,67.2,74.0,2.7,13,0,1,57.8,0,68.9,Low,67.35,1,66.62,67.77
STU04678,20,Female,Computer Science,5,8.32,79.6,76.6,59.8,68.6,88.3,2.7,13,1,3,87.2,0,81.4,Low,73.32,1,75.38,78.35
STU04679,18,Male,Electronics,2,6.48,73.1,65.1,48.9,43.9,56.1,3.5,17,3,2,67.2,0,75.1,Low,53.5,1,65.38,62.36
STU04680,22,Male,Civil,8,5.47,69.1,65.2,45.2,45.3,68.6,2.5,19,1,2,49.8,2,45.5,High,56.08,1,59.42,58.85
STU04681,20,Male,Electrical,4,7.28,87.0,84.0,76.9,68.4,99.7,2.0,9,0,3,49.6,1,81.5,Low,82.25,0,59.84,80.13
STU04682,22,Male,Civil,7,7.66,97.0,84.4,84.5,84.1,78.3,5.3,2,0,2,81.2,0,82.7,Low,82.82,0,88.98,84.19
STU04683,21,Female,Management,8,6.34,73.9,46.5,71.9,55.0,62.8,2.7,15,1,2,52.5,0,55.8,Medium,59.05,1,61.5,64.28
STU04684,22,Male,Computer Science,8,6.46,73.9,60.0,62.0,48.2,60.8,3.8,16,0,4,70.8,1,57.0,Medium,57.75,1,77.32,64.18
STU04685,18,Male,Civil,2,5.76,84.1,54.6,57.0,62.5,60.3,2.4,10,2,1,37.9,0,56.8,Medium,58.6,0,51.16,64.62
STU04686,20,Male,Management,3,5.98,74.5,62.5,45.8,53.6,67.7,4.0,16,1,3,70.3,0,57.9,Medium,57.4,1,75.12,62.52
STU04687,21,Male,Electronics,6,5.04,57.7,47.1,38.2,50.0,33.1,1.9,29,2,4,34.3,1,49.9,High,42.1,2,47.22,48.9
STU04688,21,Male,Electrical,7,4.8,70.8,61.1,39.6,50.9,57.9,2.0,17,3,8,37.3,3,43.4,High,52.38,1,45.92,55.45
STU04689,22,Male,Management,7,6.66,65.3,61.8,49.1,56.5,67.3,2.5,21,2,4,49.0,3,43.8,High,58.68,1,56.1,63.1
STU04690,21,Female,Civil,5,6.04,63.5,50.7,57.5,40.3,53.7,2.8,24,1,6,67.0,0,57.4,Medium,50.55,2,67.8,57.24
STU04691,19,Male,Computer Science,3,7.71,99.1,77.5,76.0,73.6,80.8,3.8,1,1,1,85.1,0,90.2,Low,76.97,0,80.04,82.55
STU04692,21,Female,Computer Science,6,7.08,65.0,57.9,47.0,90.0,72.7,3.0,20,2,2,58.7,0,55.7,Medium,66.9,1,62.48,67.79
STU04693,20,Female,Civil,6,7.61,95.4,72.1,75.0,61.6,67.7,3.0,3,0,1,63.6,0,76.5,Low,69.1,0,70.44,78.12
STU04694,21,Male,Management,5,7.35,88.5,75.8,71.1,54.7,76.1,4.4,7,0,1,82.8,0,72.6,Low,69.42,0,85.12,75.62
STU04695,21,Male,Computer Science,6,7.18,74.6,71.6,62.9,54.6,68.9,2.4,15,0,3,62.1,0,79.1,Low,64.5,1,66.84,69.58
STU04696,20,Male,Electronics,3,7.21,79.4,72.9,69.2,60.7,92.8,2.6,12,1,0,53.9,0,69.0,Low,73.9,1,61.56,74.65
STU04697,22,Male,Computer Science,7,8.47,78.7,75.1,64.9,76.4,75.7,3.1,12,1,1,76.2,0,80.2,Low,73.03,1,72.98,78.53
STU04698,19,Female,Electronics,2,6.22,77.2,77.7,54.9,48.6,64.2,2.8,15,0,2,59.5,0,59.4,Medium,61.35,1,67.8,65.61
STU04699,22,Male,Electrical,7,8.3,100.0,69.4,85.5,69.4,82.4,4.5,0,1,2,72.5,0,85.0,Low,76.68,0,78.5,84.72
STU04700,21,Female,Mechanical,7,6.89,95.1,82.8,64.9,69.6,79.4,5.5,3,0,0,88.8,0,76.8,Low,74.18,0,93.02,77.56
STU04701,20,Female,Mechanical,6,8.18,77.5,71.9,83.4,65.2,82.0,3.5,12,0,1,52.0,0,82.6,Low,75.62,1,68.3,78.26
STU04702,22,Female,Mechanical,7,6.91,68.0,53.6,59.9,51.7,69.7,2.0,18,1,4,43.1,0,62.1,Medium,58.72,1,54.24,64.68
STU04703,21,Female,Mechanical,8,5.22,72.3,44.4,40.8,33.8,42.9,0.6,19,8,3,37.8,2,37.6,High,40.47,1,24.12,52.54
STU04704,20,Male,Civil,3,7.45,84.8,77.8,91.3,57.7,74.4,2.6,8,0,1,74.8,0,72.5,Low,75.3,0,72.92,77.4
STU04705,20,Male,Computer Science,5,8.3,100.0,77.4,85.2,84.9,75.3,4.0,0,1,0,69.6,0,79.6,Low,80.7,0,74.84,86.33
STU04706,21,Male,Computer Science,6,7.43,72.8,62.6,62.0,74.1,63.3,2.6,18,2,2,49.3,0,68.3,Low,65.5,1,56.72,70.4
STU04707,22,Male,Electrical,8,6.31,55.7,50.2,48.1,49.4,36.2,1.5,28,3,4,40.3,0,65.2,Low,45.98,2,44.62,54.4
STU04708,21,Female,Mechanical,7,6.25,68.5,71.7,51.7,57.0,73.2,2.9,21,2,1,46.9,2,61.7,Medium,63.4,1,57.26,64.36
STU04709,20,Male,Electronics,6,7.04,77.1,60.0,55.3,48.3,60.2,3.5,15,0,2,75.1,1,77.6,Low,55.95,1,77.54,66.3
STU04710,20,Female,Electronics,5,7.75,82.7,71.4,61.4,75.1,68.8,3.3,10,0,4,44.1,1,71.1,Low,69.18,0,64.14,75.47
STU04711,19,Male,Civil,3,8.34,67.0,76.2,58.3,72.8,91.7,3.1,20,0,2,72.1,0,72.0,Low,74.75,1,74.34,75.84
STU04712,20,Female,Computer Science,4,5.65,70.1,56.5,55.5,61.2,56.1,1.2,19,2,1,33.1,1,57.6,Medium,57.32,1,43.24,60.23
STU04713,20,Male,Mechanical,5,8.24,88.5,82.0,85.6,69.8,81.2,3.9,8,1,2,75.5,0,86.6,Low,79.65,0,76.7,82.82
STU04714,22,Male,Computer Science,8,6.27,71.0,64.7,69.2,39.7,64.9,2.2,20,0,1,48.1,1,56.8,Medium,59.63,1,60.24,63.54
STU04715,22,Female,Electrical,8,6.81,71.4,59.3,59.3,40.3,69.2,5.0,17,0,1,48.0,0,59.7,Medium,57.02,1,74.2,64.5
STU04716,21,Male,Mechanical,6,8.63,85.0,69.6,84.8,100.0,77.3,5.4,8,0,2,83.1,0,84.3,Low,82.92,0,90.24,84.62
STU04717,18,Female,Electrical,2,8.35,83.3,71.4,58.8,79.8,85.6,3.0,10,1,3,76.6,0,94.9,Low,73.9,0,72.64,79.61
STU04718,22,Female,Civil,7,7.03,76.7,78.3,67.3,67.3,69.0,3.5,14,2,1,62.6,1,60.7,Medium,70.47,1,66.54,71.97
STU04719,20,Male,Electrical,5,6.27,60.3,58.1,52.5,48.5,65.7,1.4,27,3,3,53.9,0,66.2,Low,56.2,2,49.56,59.5
STU04720,21,Male,Electronics,6,7.53,81.8,70.7,67.8,68.4,66.6,3.6,11,0,2,57.4,0,61.8,Medium,68.38,0,70.96,74.16
STU04721,20,Male,Computer Science,5,4.75,64.7,39.8,36.6,15.8,50.2,1.9,21,2,3,46.7,2,36.4,High,35.6,2,52.18,47.04
STU04722,22,Male,Management,7,6.46,72.8,75.8,56.1,57.0,74.4,3.4,16,1,0,59.2,0,56.8,Medium,65.82,1,67.68,67.14
STU04723,20,Female,Management,3,6.16,77.2,66.3,51.6,61.1,76.8,4.1,13,4,0,58.7,0,66.1,Low,63.95,1,61.98,66.44
STU04724,19,Female,Management,3,6.08,61.7,53.5,47.6,49.6,56.7,2.2,22,2,3,46.5,2,57.8,Medium,51.85,2,53.6,57.44
STU04725,20,Male,Management,3,7.09,71.2,61.6,53.1,55.6,59.9,3.0,17,0,5,65.5,1,62.0,Medium,57.55,1,71.2,65.64
STU04726,21,Female,Mechanical,8,7.56,75.7,89.8,67.0,81.5,80.5,3.6,17,0,4,67.8,0,90.2,Low,79.7,1,75.12,77.26
STU04727,18,Female,Mechanical,2,7.04,68.3,67.8,69.0,52.6,68.7,2.5,21,2,3,62.5,0,64.0,Medium,64.53,1,61.5,67.53
STU04728,20,Male,Electrical,4,6.07,64.9,55.5,47.5,57.5,65.2,1.4,23,2,4,43.4,1,50.8,Medium,56.42,2,48.36,60.04
STU04729,20,Male,Computer Science,4,6.93,58.2,40.9,54.7,59.3,57.3,2.0,23,1,2,55.1,1,57.0,Medium,53.05,2,59.04,60.02
STU04730,21,Female,Electrical,7,6.19,71.8,65.3,58.4,54.7,58.8,1.6,18,1,0,24.7,0,48.8,High,59.3,1,44.88,63.33
STU04731,19,Female,Electrical,4,6.12,64.9,45.9,53.0,54.5,60.9,0.8,20,1,2,32.6,0,44.2,High,53.58,2,44.04,59.08
STU04732,21,Male,Mechanical,8,5.55,55.7,36.8,60.3,48.2,42.9,0.2,28,2,4,17.2,0,42.2,High,47.05,2,31.88,52.17
STU04733,22,Male,Electronics,8,8.64,84.3,77.9,93.0,88.7,97.9,4.1,10,0,2,68.6,0,88.2,Low,89.38,0,77.94,87.06
STU04734,21,Male,Civil,6,5.12,93.8,73.6,33.6,58.7,75.2,4.8,4,0,3,65.9,1,58.0,Medium,60.27,0,80.36,65.48
STU04735,19,Female,Management,4,7.12,93.6,74.6,72.9,71.1,73.8,2.9,4,0,0,70.7,0,73.3,Low,73.1,0,72.78,77.56
STU04736,20,Male,Computer Science,6,7.21,63.2,48.8,62.8,35.8,61.0,1.3,24,1,1,50.3,0,68.3,Low,52.1,2,53.62,61.88
STU04737,21,Male,Electronics,6,6.44,70.4,59.2,67.8,49.4,65.0,2.9,16,1,0,57.9,1,58.3,Medium,60.35,1,64.66,64.28
STU04738,19,Female,Civil,2,8.02,67.5,57.7,62.9,77.3,67.8,0.9,21,0,2,63.3,0,67.0,Low,66.42,1,59.82,71.51
STU04739,22,Male,Electrical,7,6.69,70.1,66.3,73.1,58.4,75.3,1.3,18,1,2,44.9,0,59.5,Medium,68.27,1,51.46,68.25
STU04740,20,Female,Civil,5,6.29,68.1,54.9,53.0,54.9,54.6,3.4,19,2,2,40.6,0,52.5,Medium,54.35,1,57.24,60.78
STU04741,21,Female,Mechanical,7,7.47,73.5,51.3,60.4,56.5,58.5,3.1,17,3,0,55.0,0,53.8,Medium,56.68,1,58.5,67.19
STU04742,21,Male,Computer Science,6,6.39,72.7,63.3,51.5,70.7,68.0,4.7,16,1,2,60.1,1,64.2,Medium,63.38,1,74.54,65.89
STU04743,21,Male,Electronics,8,6.53,86.8,66.4,51.1,51.3,72.1,2.0,8,0,1,61.9,0,57.0,Medium,60.22,0,64.76,68.64
STU04744,18,Male,Management,2,6.92,81.9,61.0,71.3,54.3,70.9,5.0,10,0,0,82.1,1,77.3,Low,64.38,0,87.84,70.44
STU04745,18,Female,Electronics,2,7.5,71.9,48.5,58.4,60.5,70.9,1.7,16,1,2,63.1,1,62.5,Medium,59.58,1,60.74,68.06
STU04746,19,Female,Electronics,2,6.88,77.4,70.3,54.6,66.0,79.7,3.8,15,2,4,74.0,0,61.9,Medium,67.65,1,72.6,70.49
STU04747,22,Male,Electronics,8,7.58,70.4,62.8,71.2,69.2,72.8,0.9,17,1,4,57.9,0,63.8,Medium,69.0,1,54.66,71.73
STU04748,22,Female,Electronics,8,5.33,50.1,45.6,20.8,42.4,53.3,1.4,32,3,2,40.3,2,44.5,High,40.53,2,44.12,47.39
STU04749,21,Female,Electronics,8,4.42,51.8,52.7,37.3,40.5,49.7,1.4,30,3,2,16.4,0,40.0,High,45.05,2,34.56,46.44
STU04750,19,Male,Electrical,4,5.27,88.2,42.6,33.5,45.6,58.6,2.3,7,2,2,55.9,0,43.2,High,45.08,0,57.86,58.52
STU04751,19,Male,Electronics,3,7.45,68.7,71.2,79.1,70.9,63.3,2.2,21,1,4,58.8,0,80.0,Low,71.12,1,61.52,71.7
STU04752,19,Female,Mechanical,4,6.84,63.0,60.2,52.2,53.9,50.9,1.3,21,1,3,40.7,0,61.6,Medium,54.3,2,49.78,61.41
STU04753,21,Male,Electronics,7,8.19,81.2,68.4,67.6,65.4,80.4,3.4,10,1,2,71.0,0,80.7,Low,70.45,0,72.4,77.14
STU04754,19,Female,Management,3,4.82,64.1,36.2,43.5,33.5,62.0,0.4,24,1,3,27.3,4,29.0,High,43.8,2,39.92,50.42
STU04755,21,Female,Computer Science,5,9.18,100.0,86.9,95.1,82.4,81.9,5.2,0,1,1,96.0,0,100.0,Low,86.57,0,91.4,91.76
STU04756,20,Male,Computer Science,6,7.2,79.8,54.0,58.4,54.8,63.8,2.1,12,0,4,56.2,1,58.2,Medium,57.75,1,62.98,68.25
STU04757,20,Male,Electronics,4,6.98,85.5,60.9,73.4,54.2,62.5,4.0,9,1,2,69.2,0,74.2,Low,62.75,0,74.68,70.9
STU04758,20,Male,Management,5,7.56,99.5,82.8,74.0,80.1,92.4,3.3,0,1,0,82.5,0,87.2,Low,82.32,0,76.5,84.26
STU04759,21,Male,Civil,6,6.16,69.3,51.7,53.9,42.2,54.7,1.3,20,1,5,28.4,1,52.1,Medium,50.62,1,44.86,59.14
STU04760,21,Male,Mechanical,7,6.33,84.0,57.6,51.4,52.8,81.8,2.9,10,1,2,60.5,0,72.1,Low,60.9,0,65.7,67.52
STU04761,20,Female,Electronics,3,7.4,83.1,78.0,63.3,62.9,68.1,3.3,10,0,0,52.5,0,68.2,Low,68.08,0,67.5,73.9
STU04762,21,Female,Electronics,5,10.0,95.7,86.3,80.3,99.3,87.4,3.8,3,0,2,81.0,1,99.1,Low,88.32,0,81.4,94.26
STU04763,19,Female,Management,3,6.71,79.7,81.2,80.3,76.9,75.2,4.1,12,0,3,53.9,0,69.4,Low,78.4,1,72.06,74.77
STU04764,18,Male,Electronics,2,8.06,74.5,68.3,64.6,89.0,79.2,3.4,14,1,3,49.3,0,65.9,Low,75.27,1,63.72,76.94
STU04765,21,Male,Civil,6,7.8,89.8,72.8,88.6,85.2,86.3,4.6,7,0,0,67.9,0,88.8,Low,83.22,0,80.16,83.04
STU04766,20,Female,Electrical,5,7.28,62.1,59.3,67.8,63.3,74.9,2.5,24,0,2,54.5,0,72.4,Low,66.32,2,64.3,67.54
STU04767,19,Male,Civil,3,5.72,74.0,61.0,54.9,55.7,60.7,2.6,16,2,3,58.6,0,51.3,Medium,58.08,1,60.44,61.75
STU04768,18,Male,Computer Science,2,7.8,96.3,73.2,80.5,60.3,88.4,5.2,2,1,1,80.9,0,84.1,Low,75.6,0,85.36,81.61
STU04769,22,Other,Electronics,8,5.87,66.9,59.3,40.9,49.1,75.7,3.4,21,3,1,78.4,0,47.7,High,56.25,1,69.36,59.77
STU04770,21,Female,Computer Science,7,8.71,82.8,78.5,93.3,84.0,88.1,5.0,10,0,4,66.3,1,95.3,Low,85.98,0,81.52,85.58
STU04771,21,Female,Management,8,6.76,90.8,68.9,64.3,52.5,67.5,3.7,5,2,0,67.9,0,70.8,Low,63.3,0,69.66,71.68
STU04772,19,Male,Electrical,2,3.8,77.1,48.8,45.6,25.6,54.3,2.6,15,3,0,49.2,3,22.6,High,43.58,1,53.68,50.0
STU04773,18,Female,Electronics,2,7.13,85.0,80.3,61.2,63.8,60.2,4.6,10,2,1,62.0,0,74.1,Low,66.38,0,71.8,72.76
STU04774,20,Male,Management,3,6.83,81.2,67.3,57.3,70.9,77.8,4.3,11,0,1,45.3,0,73.6,Low,68.32,0,69.62,71.54
STU04775,18,Male,Computer Science,2,6.81,76.7,66.5,76.2,65.4,55.4,1.4,14,1,4,50.9,1,55.2,Medium,65.88,1,54.36,69.36
STU04776,21,Male,Computer Science,5,8.57,96.3,81.1,69.1,85.6,83.9,4.3,2,0,2,67.5,0,84.5,Low,79.92,0,78.5,86.04
STU04777,20,Female,Computer Science,6,6.14,64.8,47.4,54.4,46.6,58.3,2.8,19,3,2,46.1,0,52.6,Medium,51.68,2,53.44,58.36
STU04778,19,Male,Management,3,4.8,55.6,50.2,17.7,29.9,57.2,2.0,29,1,3,25.9,0,39.2,High,38.75,2,47.36,46.2
STU04779,19,Female,Computer Science,4,7.11,89.1,74.4,63.0,67.6,70.6,3.1,6,1,3,60.8,1,68.2,Low,68.9,0,66.82,74.72
STU04780,20,Female,Computer Science,5,6.3,69.3,71.6,66.2,69.9,77.0,3.1,21,1,3,55.9,0,54.0,Medium,71.18,1,64.86,67.84
STU04781,20,Female,Computer Science,4,6.19,61.2,47.4,53.7,61.3,62.4,2.3,22,5,3,37.6,0,43.7,High,56.2,2,41.54,59.44
STU04782,20,Male,Electronics,5,8.21,88.9,72.0,76.5,80.6,88.1,4.9,8,1,2,78.2,2,86.4,Low,79.3,0,82.78,82.68
STU04783,21,Female,Mechanical,6,6.01,94.6,68.3,58.2,71.1,66.9,4.0,3,2,3,52.5,0,72.9,Low,66.12,0,65.0,71.13
STU04784,22,Male,Computer Science,8,6.97,56.7,56.9,64.5,55.4,58.1,1.9,30,2,1,48.1,0,51.2,Medium,58.72,2,52.74,62.06
STU04785,20,Male,Electrical,4,6.42,82.4,73.5,57.2,77.5,64.6,3.7,12,0,0,67.4,0,87.6,Low,68.2,0,75.46,70.35
STU04786,18,Male,Management,2,3.88,49.2,34.0,31.7,22.0,33.4,0.8,33,4,3,26.5,1,24.5,High,30.28,2,32.6,37.99
STU04787,21,Female,Electronics,8,4.9,70.8,53.9,57.7,24.3,56.1,2.8,17,3,2,51.3,1,41.9,High,48.0,1,55.52,54.05
STU04788,21,Female,Management,6,7.3,95.0,60.5,59.0,57.8,79.1,5.3,3,0,0,79.6,1,83.1,Low,64.1,0,88.34,74.94
STU04789,20,Female,Electrical,5,9.47,83.9,84.5,61.8,78.3,84.4,4.3,9,1,2,50.4,0,90.8,Low,77.25,0,68.66,85.02
STU04790,22,Male,Management,7,7.88,76.7,81.6,59.7,67.4,68.2,3.5,12,0,1,61.3,0,75.7,Low,69.23,1,72.02,74.45
STU04791,22,Male,Computer Science,8,5.38,65.6,53.2,49.9,34.4,60.1,2.3,21,0,1,60.4,1,49.8,High,49.4,1,65.66,54.99
STU04792,19,Male,Electrical,2,3.07,45.4,30.8,21.4,16.5,43.3,0.2,36,3,5,28.8,6,12.1,High,28.0,2,33.52,33.3
STU04793,21,Other,Mechanical,8,7.69,90.5,84.2,62.5,74.4,77.2,4.2,6,1,2,57.2,0,86.7,Low,74.58,0,70.88,79.37
STU04794,21,Female,Computer Science,6,7.44,69.1,65.9,61.5,61.9,67.9,3.8,21,1,1,49.6,0,59.7,Medium,64.3,1,65.84,69.04
STU04795,20,Female,Electrical,6,7.91,95.3,89.8,83.4,79.9,89.6,5.4,3,0,1,89.1,1,89.1,Low,85.68,0,92.64,85.78
STU04796,22,Male,Computer Science,8,5.91,58.7,63.5,42.0,54.2,62.8,1.7,24,3,3,46.6,2,43.2,High,55.62,2,48.14,57.61
STU04797,19,Male,Electrical,4,6.91,73.4,80.5,60.5,56.4,69.8,3.0,18,1,2,48.1,0,73.4,Low,66.8,1,61.24,69.26
STU04798,21,Female,Civil,7,7.71,76.7,59.2,61.3,64.9,65.7,3.5,10,3,3,44.0,0,58.4,Medium,62.78,1,56.1,71.27
STU04799,21,Male,Mechanical,5,6.31,59.6,52.6,34.1,46.2,55.0,2.4,23,1,5,43.1,1,53.0,Medium,46.98,2,56.24,55.78
STU04800,21,Male,Computer Science,8,7.16,78.1,76.3,70.3,64.3,67.3,3.4,12,1,2,60.4,0,80.0,Low,69.55,1,68.16,72.4
STU04801,20,Male,Management,5,7.65,82.0,69.9,72.0,57.0,64.4,3.4,12,1,4,60.7,0,69.8,Low,65.82,0,68.28,73.6
STU04802,22,Male,Computer Science,7,6.67,71.0,71.6,51.0,67.7,74.6,1.7,16,0,6,69.2,0,71.6,Low,66.22,1,66.18,67.58
STU04803,21,Male,Electrical,5,7.16,77.0,44.1,69.0,64.4,76.8,2.1,13,2,4,42.8,0,62.4,Medium,63.58,1,51.62,69.74
STU04804,20,Female,Civil,4,7.71,75.9,56.5,72.8,65.7,69.5,1.8,16,0,3,58.2,0,75.1,Low,66.12,1,62.28,72.41
STU04805,19,Female,Computer Science,4,6.05,73.0,71.6,46.1,39.8,55.4,1.8,15,0,2,44.7,1,61.3,Medium,53.22,1,56.88,60.72
STU04806,21,Female,Mechanical,8,5.99,49.0,52.2,40.3,37.2,41.5,0.7,32,3,2,45.7,2,30.2,High,42.8,2,42.78,50.34
STU04807,21,Male,Management,7,9.22,88.0,82.8,75.9,76.8,94.0,2.3,8,0,2,75.7,0,79.2,Low,82.38,0,71.78,87.22
STU04808,19,Female,Management,3,5.95,71.8,50.0,61.3,46.1,68.0,3.2,17,3,2,43.7,2,57.9,Medium,56.35,1,54.48,61.32
STU04809,22,Male,Computer Science,8,6.48,65.6,53.4,45.1,30.4,54.5,1.7,24,2,2,58.1,0,52.8,Medium,45.85,1,55.74,57.42
STU04810,20,Male,Computer Science,6,6.86,70.7,70.5,79.0,46.8,69.4,2.9,18,4,3,67.4,0,75.7,Low,66.43,1,59.46,68.26
STU04811,18,Male,Computer Science,2,6.86,80.8,58.5,73.1,68.1,79.7,2.6,13,0,3,60.0,0,60.5,Medium,69.85,0,67.0,72.15
STU04812,22,Male,Electrical,7,6.03,74.2,54.2,45.5,45.7,61.4,2.7,15,3,1,57.9,1,62.1,Medium,51.7,1,57.66,60.34
STU04813,20,Female,Computer Science,3,6.97,72.4,67.5,74.2,68.5,73.1,3.8,17,0,2,45.0,1,59.6,Medium,70.82,1,67.0,70.82
STU04814,21,Female,Computer Science,8,7.3,93.3,84.2,77.7,62.0,79.0,5.2,4,0,3,96.3,0,85.4,Low,75.72,0,94.52,79.16
STU04815,20,Male,Electronics,5,7.86,100.0,77.9,72.7,74.1,79.4,5.2,0,0,2,80.6,0,91.2,Low,76.03,0,88.24,82.92
STU04816,21,Female,Management,8,4.46,65.1,46.7,37.6,25.2,25.0,0.2,20,3,1,45.9,1,27.8,High,33.62,1,40.36,45.34
STU04817,20,Male,Electronics,5,8.63,84.4,81.8,84.8,84.7,74.6,3.1,9,1,4,56.0,0,83.5,Low,81.47,0,64.9,83.9
STU04818,18,Male,Civil,2,7.28,68.0,45.2,49.3,52.1,57.0,2.5,21,1,4,33.6,0,56.5,Medium,50.9,1,52.94,62.84
STU04819,21,Female,Computer Science,7,7.87,88.2,89.2,79.8,72.8,82.2,5.0,7,1,1,76.6,0,83.1,Low,81.0,0,82.64,81.99
STU04820,22,Female,Civil,7,5.92,65.9,60.3,42.2,51.5,56.7,2.4,21,2,5,40.1,1,37.7,High,52.68,1,52.04,58.26
STU04821,20,Female,Mechanical,4,6.92,68.7,65.2,64.7,58.9,67.1,4.4,18,0,2,52.6,0,58.5,Medium,63.98,1,73.04,66.98
STU04822,20,Male,Management,3,7.54,90.6,72.9,63.4,53.9,80.9,3.9,6,0,2,76.0,1,73.1,Low,67.78,0,79.9,76.15
STU04823,22,Male,Civil,8,9.33,91.5,83.4,69.3,62.9,63.0,3.2,5,1,0,75.0,0,84.9,Low,69.65,0,73.0,83.39
STU04824,21,Male,Computer Science,7,5.73,80.5,69.7,64.3,54.7,67.1,3.6,11,1,1,65.2,0,64.9,Medium,63.95,0,71.08,65.76
STU04825,20,Male,Electronics,4,7.99,82.0,73.7,69.4,74.7,68.7,4.7,12,1,1,77.8,0,73.5,Low,71.62,0,81.62,77.12
STU04826,21,Male,Computer Science,6,5.97,63.9,68.0,53.6,51.1,50.8,3.2,22,1,1,59.5,1,60.2,Medium,55.88,2,66.8,59.22
STU04827,19,Male,Computer Science,3,6.83,84.0,54.7,65.6,51.5,68.5,2.2,9,1,2,78.4,0,69.8,Low,60.08,0,69.36,68.94
STU04828,19,Male,Management,3,6.18,60.6,53.7,67.1,55.0,61.4,2.2,24,0,2,56.6,1,57.8,Medium,59.3,2,63.64,60.5
STU04829,20,Male,Electronics,6,8.46,90.6,88.5,78.4,86.1,89.2,5.5,6,0,0,69.5,0,93.9,Low,85.55,0,85.3,86.48
STU04830,22,Female,Management,7,4.22,70.8,46.4,32.6,45.9,52.9,2.2,18,4,3,47.6,1,31.0,High,44.45,1,48.04,50.25
STU04831,22,Male,Computer Science,8,5.4,59.4,57.0,59.1,40.3,49.2,2.3,26,0,2,46.6,0,36.9,High,51.4,2,60.14,54.31
STU04832,21,Male,Management,5,4.9,51.9,33.2,36.4,51.7,45.2,1.0,33,3,2,29.5,1,31.8,High,41.62,2,37.8,46.78
STU04833,20,Female,Management,3,5.22,64.6,49.2,41.8,54.8,64.3,0.2,22,2,2,48.6,0,39.7,High,52.53,2,44.44,55.43
STU04834,20,Female,Civil,5,5.75,66.1,64.6,54.3,49.8,70.5,3.7,22,3,2,53.6,0,49.6,High,59.8,1,60.94,60.57
STU04835,20,Male,Computer Science,6,4.07,46.9,26.2,30.7,33.1,39.3,0.5,35,3,3,31.8,3,28.6,High,32.33,2,36.22,38.9
STU04836,22,Male,Management,8,5.6,76.1,56.8,51.0,61.3,61.6,1.8,16,1,4,42.2,0,54.7,Medium,57.68,1,52.88,61.7
STU04837,19,Male,Management,2,4.5,52.3,42.6,59.0,25.8,43.1,1.3,32,2,4,22.0,1,39.4,High,42.62,2,39.3,45.88
STU04838,21,Female,Computer Science,6,6.24,83.2,65.6,47.2,44.2,71.8,3.3,11,0,1,57.0,0,57.9,Medium,57.2,0,69.3,65.52
STU04839,20,Male,Management,5,8.87,83.8,81.3,65.1,66.0,96.0,4.3,11,0,4,67.4,0,83.1,Low,77.1,0,78.46,82.84
STU04840,20,Male,Management,6,6.55,71.0,65.2,72.7,60.2,63.4,3.0,17,0,4,58.6,0,64.6,Medium,65.38,1,68.44,66.82
STU04841,19,Female,Computer Science,2,6.93,85.4,62.4,58.7,53.7,75.1,2.0,10,3,4,31.1,0,52.6,Medium,62.48,0,43.44,70.6
STU04842,18,Female,Electronics,2,6.29,61.1,56.8,52.9,44.0,64.0,2.6,24,5,3,56.1,0,43.9,High,54.42,2,50.44,59.06
STU04843,20,Male,Electronics,6,5.25,85.8,62.3,58.1,46.7,63.3,3.1,8,0,2,71.0,1,68.4,Low,57.6,0,73.9,62.87
STU04844,20,Male,Mechanical,3,5.99,70.2,51.1,32.1,31.9,49.5,0.5,20,1,3,51.9,2,39.5,High,41.15,1,50.26,54.97
STU04845,21,Male,Management,6,6.42,66.1,71.0,67.2,67.7,80.9,1.8,23,1,2,59.1,0,60.4,Medium,71.7,1,59.64,67.67
STU04846,18,Male,Management,2,7.76,67.4,57.1,61.2,75.8,73.7,2.5,21,2,2,43.3,0,62.2,Medium,66.95,1,53.82,70.79
STU04847,22,Male,Computer Science,7,7.26,66.2,65.8,79.6,61.7,73.3,1.0,22,0,4,42.1,0,60.4,Medium,70.1,1,51.84,70.0
STU04848,20,Female,Mechanical,4,6.89,79.0,66.6,63.7,80.7,73.2,4.7,14,0,1,63.6,0,79.8,Low,71.05,1,78.94,72.28
STU04849,20,Female,Mechanical,5,6.91,75.3,75.1,67.7,54.9,63.8,3.6,14,1,1,54.8,1,51.7,Medium,65.38,1,66.92,69.16
STU04850,19,Female,Electronics,4,7.3,94.1,75.4,82.3,74.0,67.0,4.8,4,0,0,62.6,0,84.4,Low,74.68,0,79.04,78.94
STU04851,19,Female,Civil,4,7.36,82.5,61.5,59.7,49.2,76.8,3.8,12,1,2,68.3,1,74.5,Low,61.8,0,73.32,71.1
STU04852,21,Female,Civil,5,7.61,100.0,78.8,69.8,64.0,77.5,4.1,0,1,1,84.6,0,86.1,Low,72.53,0,81.34,80.65
STU04853,20,Male,Computer Science,6,8.67,95.6,71.8,80.5,89.6,76.3,3.4,2,2,2,73.4,0,76.4,Low,79.55,0,70.36,86.06
STU04854,21,Female,Electronics,6,4.89,67.8,45.6,54.4,36.2,46.8,2.8,18,2,2,47.1,3,41.2,High,45.75,1,56.84,52.36
STU04855,21,Male,Management,8,6.12,67.1,59.7,54.8,50.8,75.6,1.2,19,1,3,48.7,1,64.6,Medium,60.22,1,52.48,62.28
STU04856,20,Male,Electronics,3,7.78,86.2,90.0,82.3,76.6,79.4,4.2,8,1,0,70.7,0,74.2,Low,82.08,0,76.28,81.61
STU04857,22,Male,Electronics,8,5.6,54.5,62.5,61.8,45.6,59.8,2.1,26,3,1,56.2,0,56.6,Medium,57.42,2,53.98,56.19
STU04858,20,Female,Management,6,6.73,83.0,64.4,62.1,55.5,58.3,3.1,9,1,1,65.1,1,47.0,High,60.08,0,68.54,68.34
STU04859,19,Female,Electrical,4,6.33,68.6,58.1,55.3,61.7,56.0,1.7,19,3,1,38.0,1,52.9,Medium,57.78,1,44.7,62.42
STU04860,22,Male,Civil,8,7.43,80.4,72.2,56.6,50.7,58.7,3.0,11,1,0,77.7,0,56.0,Medium,59.55,0,73.08,69.93
STU04861,21,Male,Electronics,6,5.71,75.8,70.2,60.4,42.1,59.3,2.0,14,1,1,65.2,2,48.5,High,58.0,1,63.08,62.14
STU04862,20,Female,Civil,3,7.3,78.2,67.5,67.3,73.4,67.1,3.2,14,1,3,70.3,0,81.5,Low,68.82,1,71.12,72.63
STU04863,19,Male,Civil,3,7.2,77.5,77.4,74.0,55.6,74.9,2.6,13,1,0,66.9,1,60.2,Medium,70.47,1,66.76,72.76
STU04864,21,Male,Electronics,6,8.21,99.3,70.4,62.9,68.0,66.2,3.6,0,0,2,76.4,0,97.0,Low,66.88,0,78.56,80.31
STU04865,21,Female,Computer Science,7,6.84,94.9,80.9,68.1,58.6,68.5,3.3,3,1,1,70.5,0,64.2,Medium,69.03,0,71.7,75.28
STU04866,19,Female,Electronics,2,6.61,75.5,54.9,66.1,68.8,70.6,1.8,14,4,1,59.3,0,59.6,Medium,65.1,1,50.72,68.05
STU04867,21,Male,Mechanical,6,5.8,86.8,58.7,58.1,52.9,75.8,2.5,7,1,1,59.5,0,54.9,Medium,61.38,0,63.3,66.55
STU04868,20,Male,Management,5,5.35,41.8,42.1,53.4,51.0,49.0,0.3,37,4,4,36.3,1,43.8,High,48.88,2,34.02,48.72
STU04869,21,Female,Civil,8,9.66,98.9,82.5,82.1,95.4,85.9,3.9,1,0,0,92.6,0,100.0,Low,86.48,0,86.54,93.12
STU04870,22,Male,Computer Science,7,5.5,56.8,57.3,57.9,32.0,58.9,0.2,29,3,1,28.2,0,47.1,High,51.52,2,33.28,54.06
STU04871,22,Female,Electronics,8,4.42,59.2,61.5,34.9,44.2,70.1,3.0,22,1,1,51.5,0,58.8,Medium,52.68,2,62.6,51.34
STU04872,18,Female,Mechanical,2,6.96,64.4,43.9,58.8,53.7,60.0,1.5,20,1,4,39.9,0,59.6,Medium,54.1,2,50.46,62.1
STU04873,22,Female,Electronics,7,5.16,78.3,52.4,40.4,54.7,56.2,0.6,12,2,1,47.9,0,45.4,High,50.92,1,46.16,58.0
STU04874,19,Male,Computer Science,4,6.13,74.9,54.3,52.9,54.2,56.1,3.0,16,0,2,53.4,1,51.7,Medium,54.37,1,66.36,61.93
STU04875,21,Male,Management,5,5.89,44.0,51.5,53.2,47.2,44.5,0.5,37,2,2,46.1,0,32.1,High,49.1,2,44.94,51.26
STU04876,22,Male,Management,8,5.86,62.7,69.9,69.5,57.4,65.6,2.4,21,1,3,57.7,0,63.3,Medium,65.6,2,62.08,62.42
STU04877,21,Male,Management,8,6.97,80.2,68.9,59.1,70.3,78.6,3.1,13,1,0,60.8,0,69.4,Low,69.22,0,66.82,72.13
STU04878,19,Male,Electronics,3,7.91,89.9,76.3,85.6,79.8,83.7,5.3,7,0,1,64.2,0,91.5,Low,81.35,0,82.18,82.7
STU04879,20,Male,Electrical,3,7.29,71.5,61.8,80.7,67.9,80.4,3.8,19,1,3,62.0,0,73.0,Low,72.7,1,70.8,72.47
STU04880,22,Male,Civil,7,5.34,52.0,62.9,47.4,52.4,45.7,0.4,29,1,4,37.5,2,50.2,Medium,52.1,2,44.0,52.53
STU04881,22,Female,Mechanical,8,6.41,70.8,67.7,64.9,43.0,53.4,1.4,17,1,2,54.6,0,51.1,Medium,57.25,1,55.84,63.04
STU04882,20,Male,Computer Science,6,7.85,97.2,64.7,69.0,77.6,84.6,3.4,2,0,0,72.2,0,71.6,Low,73.97,0,75.88,81.36
STU04883,18,Male,Computer Science,2,6.5,77.4,70.3,54.7,52.2,63.9,2.9,15,2,2,59.7,0,54.8,Medium,60.28,1,62.38,66.21
STU04884,19,Male,Computer Science,3,6.78,71.1,49.8,50.6,58.5,52.4,2.3,18,3,3,27.2,0,58.3,Medium,52.82,1,43.38,62.64
STU04885,22,Female,Management,7,7.58,82.4,64.2,71.1,51.8,71.3,2.4,11,4,1,68.0,0,67.1,Low,64.6,0,57.2,72.97
STU04886,22,Male,Civil,7,6.37,68.3,52.9,56.4,57.0,64.5,2.1,21,1,4,44.6,0,59.5,Medium,57.7,1,55.34,62.45
STU04887,21,Female,Management,8,7.24,72.6,50.2,56.1,59.5,65.4,2.1,19,2,2,49.5,1,67.0,Low,57.8,1,54.3,66.61
STU04888,20,Male,Mechanical,5,7.31,66.4,67.2,65.2,72.5,81.7,1.9,21,1,5,57.5,0,63.7,Medium,71.65,1,59.5,70.84
STU04889,19,Female,Computer Science,4,6.97,73.2,73.4,57.0,41.2,75.9,2.7,19,1,2,59.9,1,54.9,Medium,61.88,1,64.46,67.45
STU04890,19,Female,Mechanical,2,8.62,92.2,78.3,74.2,80.0,91.9,4.5,5,0,1,80.0,0,89.0,Low,81.1,0,84.5,85.66
STU04891,22,Male,Computer Science,7,6.82,69.3,74.2,71.4,66.4,73.2,3.0,20,0,2,62.5,0,72.2,Low,71.3,1,70.0,69.72
STU04892,22,Female,Management,8,5.13,68.5,60.8,55.7,27.5,65.6,1.7,19,2,2,58.3,0,41.2,High,52.4,1,55.82,56.04
STU04893,18,Female,Computer Science,2,6.25,79.0,63.1,58.9,37.9,61.3,3.0,14,3,2,30.7,0,50.6,Medium,55.3,1,48.28,63.74
STU04894,20,Male,Computer Science,5,6.42,95.7,88.0,87.1,59.6,72.8,4.3,3,0,1,83.6,0,71.5,Low,76.88,0,84.94,77.14
STU04895,19,Male,Mechanical,4,6.19,78.5,65.8,56.4,52.9,57.3,2.7,13,1,1,35.0,1,46.2,High,58.1,1,54.5,64.53
STU04896,21,Female,Electrical,7,7.57,91.9,85.2,79.8,62.7,68.1,4.2,5,0,0,66.5,0,72.7,Low,73.95,0,77.6,79.05
STU04897,21,Female,Mechanical,7,7.36,75.1,59.0,67.1,65.6,75.9,2.8,16,1,4,61.2,0,72.1,Low,66.9,1,65.48,71.3
STU04898,19,Female,Computer Science,3,7.75,77.8,79.7,71.7,74.5,65.8,5.3,13,1,5,55.7,0,74.0,Low,72.92,1,75.78,75.74
STU04899,21,Male,Electrical,8,7.2,73.5,79.2,66.2,59.4,66.3,4.2,16,1,2,59.6,0,61.6,Medium,67.78,1,71.84,70.68
STU04900,19,Male,Computer Science,2,5.54,58.1,51.8,55.0,50.2,57.6,1.7,26,1,1,20.8,0,51.2,Medium,53.65,2,43.82,55.37
STU04901,21,Female,Mechanical,7,4.42,71.2,23.4,38.2,22.6,40.7,2.6,19,2,1,33.3,1,35.5,High,31.22,1,50.32,45.76
STU04902,21,Female,Mechanical,7,6.77,83.4,63.6,58.3,59.6,70.9,4.6,10,2,2,61.1,1,61.1,Medium,63.1,0,71.44,69.78
STU04903,19,Male,Computer Science,3,6.64,59.7,55.8,50.6,56.9,64.3,1.4,27,4,3,43.0,2,41.4,High,56.9,2,42.2,60.92
STU04904,21,Male,Electronics,6,6.52,85.4,71.4,73.0,72.1,76.6,1.6,8,1,3,59.1,1,73.1,Low,73.28,0,58.64,73.48
STU04905,19,Female,Computer Science,3,9.4,95.3,83.8,94.2,87.4,84.9,4.8,3,0,3,94.3,0,93.6,Low,87.57,0,91.72,91.76
STU04906,20,Female,Electronics,3,8.44,82.0,70.6,85.3,88.5,73.7,2.8,10,2,2,66.6,0,80.5,Low,79.52,0,64.64,81.85
STU04907,18,Female,Mechanical,2,8.63,89.6,75.4,72.3,89.2,69.9,2.6,7,0,3,82.5,0,87.1,Low,76.7,0,76.0,83.28
STU04908,21,Male,Electronics,7,5.35,67.8,57.8,48.4,49.1,52.4,2.6,19,3,3,58.4,0,64.2,Medium,51.92,1,57.36,56.44
STU04909,22,Male,Computer Science,7,6.0,75.4,60.3,46.6,49.8,49.7,2.6,15,2,3,41.9,1,59.3,Medium,51.6,1,53.76,60.49
STU04910,21,Male,Civil,5,6.51,61.5,47.4,59.9,69.3,62.6,0.8,25,1,4,50.3,0,45.4,High,59.8,2,51.12,62.08
STU04911,22,Male,Electrical,7,6.27,67.8,63.0,44.9,55.1,57.5,3.4,18,2,1,54.6,1,57.8,Medium,55.12,1,62.84,60.94
STU04912,19,Male,Management,4,7.28,90.9,82.2,68.8,71.0,75.6,3.4,5,1,3,70.6,0,62.2,Medium,74.4,0,72.24,77.96
STU04913,20,Male,Management,5,7.64,100.0,72.5,76.6,65.2,84.4,4.4,0,0,0,85.4,0,91.7,Low,74.68,0,86.16,81.61
STU04914,22,Male,Mechanical,7,5.98,79.7,62.5,40.8,45.5,68.4,2.9,14,0,0,62.9,0,71.0,Low,54.3,1,69.66,62.58
STU04915,20,Male,Electronics,5,7.71,86.9,73.2,86.2,70.9,97.8,3.6,8,1,3,80.6,0,80.2,Low,82.02,0,77.24,81.52
STU04916,20,Female,Mechanical,6,6.84,59.1,46.5,65.4,68.5,61.6,3.0,24,3,2,41.1,1,52.4,Medium,60.5,2,52.44,62.92
STU04917,19,Male,Electrical,3,5.52,73.8,58.4,45.5,42.4,48.8,0.2,15,0,6,38.6,2,42.9,High,48.78,1,46.44,57.28
STU04918,21,Male,Mechanical,5,7.08,74.7,87.8,66.6,61.5,79.5,4.3,17,1,2,61.6,2,69.8,Low,73.85,1,73.14,72.99
STU04919,22,Female,Management,7,6.26,69.9,60.1,61.8,56.3,81.7,3.0,20,2,3,26.4,0,62.2,Medium,64.97,1,49.56,65.38
STU04920,21,Male,Civil,7,8.88,91.8,93.2,88.0,67.6,77.3,4.5,5,0,3,69.9,0,81.8,Low,81.52,0,80.46,86.64
STU04921,20,Female,Electronics,4,6.89,78.9,63.6,62.4,58.1,64.0,3.6,13,2,3,69.2,0,63.2,Medium,62.02,1,69.68,68.65
STU04922,21,Female,Electrical,5,8.18,83.7,72.9,71.8,72.5,58.1,3.6,11,2,2,77.1,0,96.8,Low,68.82,0,72.84,77.08
STU04923,21,Female,Computer Science,6,6.39,77.5,77.0,56.9,42.8,53.1,3.8,14,2,2,50.8,0,67.9,Low,57.45,1,63.32,64.72
STU04924,21,Male,Management,8,4.59,57.5,42.4,21.1,32.5,62.0,1.3,28,0,4,41.2,4,22.5,High,39.5,2,52.98,46.24
STU04925,21,Female,Electronics,7,6.19,90.8,72.8,64.4,44.1,65.9,4.4,6,0,0,63.3,1,60.9,Medium,61.8,0,77.32,69.08
STU04926,22,Female,Civil,7,8.76,92.2,76.9,76.8,84.8,72.4,4.7,5,0,2,74.2,0,84.2,Low,77.72,0,83.18,84.8
STU04927,22,Female,Civil,7,7.77,85.4,72.9,69.2,71.5,79.3,2.9,10,1,0,57.5,0,93.0,Low,73.23,0,64.5,77.84
STU04928,20,Male,Computer Science,4,7.06,70.0,62.3,80.3,48.0,86.4,3.2,18,1,4,52.7,1,75.8,Low,69.25,1,64.08,69.91
STU04929,20,Female,Civil,4,7.78,84.8,63.2,81.4,69.6,79.9,3.0,10,1,2,61.6,0,84.6,Low,73.53,0,66.64,77.84
STU04930,21,Female,Electronics,5,7.75,96.8,84.5,72.2,87.3,90.6,3.3,2,1,0,73.1,0,74.3,Low,83.65,0,72.74,84.78
STU04931,20,Male,Electronics,4,7.64,79.7,75.8,79.2,66.9,69.1,3.5,12,0,4,52.0,1,78.6,Low,72.75,1,68.3,75.76
STU04932,22,Male,Computer Science,8,6.4,88.0,62.5,58.9,43.4,75.3,4.0,8,3,4,64.4,1,55.2,Medium,60.03,0,66.76,68.41
STU04933,21,Female,Electrical,8,7.52,68.6,69.9,79.2,64.7,73.1,2.7,20,1,2,70.7,0,81.5,Low,71.72,1,68.78,72.16
STU04934,21,Male,Management,8,7.57,61.4,62.7,55.8,61.1,58.4,2.2,26,4,0,35.7,0,65.3,Low,59.5,2,43.28,65.64
STU04935,20,Female,Computer Science,6,6.44,72.4,69.6,63.9,56.7,58.9,1.7,15,0,3,52.3,0,57.9,Medium,62.28,1,59.42,65.55
STU04936,19,Other,Electrical,3,6.19,63.3,47.0,54.2,48.7,50.5,1.0,22,2,5,31.2,2,43.8,High,50.1,2,41.48,57.53
STU04937,20,Male,Management,3,7.38,75.8,72.7,58.3,83.7,75.0,2.5,16,1,1,72.5,0,71.7,Low,72.42,1,68.5,73.75
STU04938,19,Male,Computer Science,3,5.35,71.3,51.0,26.9,27.8,48.7,2.5,18,4,2,57.2,0,45.4,High,38.6,1,53.38,51.99
STU04939,20,Female,Management,6,8.71,83.2,74.3,79.3,67.5,83.8,3.2,10,0,3,59.5,0,68.1,Low,76.22,0,69.8,81.77
STU04940,20,Male,Computer Science,4,6.2,89.5,77.9,61.8,58.3,66.9,3.1,6,1,2,76.7,1,67.9,Low,66.22,0,73.18,70.56
STU04941,20,Female,Electrical,6,6.7,59.4,52.5,63.4,53.6,59.2,1.2,28,1,6,51.5,1,35.1,High,57.18,2,53.6,61.17
STU04942,21,Male,Mechanical,8,6.66,100.0,68.2,67.7,45.8,73.2,4.2,0,0,1,83.8,1,80.1,Low,63.72,0,84.52,73.8
STU04943,19,Male,Management,4,6.5,66.8,61.9,65.8,60.0,77.3,2.8,19,2,1,70.5,0,65.7,Low,66.25,1,66.2,65.95
STU04944,21,Male,Electronics,8,6.54,73.1,62.4,50.5,47.0,67.7,3.8,15,1,3,59.2,1,62.8,Medium,56.9,1,69.68,63.92
STU04945,20,Male,Electronics,5,6.76,57.4,53.7,52.1,44.1,60.6,1.4,29,1,3,23.3,3,51.7,Medium,52.62,2,43.32,59.06
STU04946,22,Female,Electrical,7,9.05,99.6,96.3,78.2,79.7,86.5,5.1,0,0,2,76.4,0,100.0,Low,85.18,0,86.06,90.65
STU04947,18,Male,Civil,2,7.83,77.9,81.0,86.0,89.5,75.0,3.7,15,1,2,73.6,0,86.6,Low,82.88,1,74.94,80.03
STU04948,19,Male,Mechanical,3,7.29,89.3,67.7,65.1,74.5,63.4,3.0,7,0,3,58.6,0,67.1,Low,67.68,0,68.44,74.91
STU04949,21,Female,Civil,8,5.84,59.8,52.8,54.3,43.6,66.0,0.6,25,1,3,52.1,0,46.2,High,54.18,2,50.84,57.06
STU04950,22,Female,Civil,8,7.56,84.7,73.9,74.7,56.7,63.7,3.5,9,1,1,58.2,0,78.5,Low,67.25,0,67.78,74.54
STU04951,21,Male,Computer Science,5,8.68,93.5,84.5,76.0,84.2,79.1,5.0,4,1,1,83.0,0,96.2,Low,80.95,0,85.2,86.14
STU04952,18,Female,Computer Science,2,6.16,70.3,58.1,58.7,65.4,66.4,1.8,18,1,3,39.6,0,57.6,Medium,62.15,1,51.84,64.0
STU04953,18,Male,Computer Science,2,7.59,88.0,72.1,80.1,82.2,62.4,3.8,7,0,3,73.8,0,80.3,Low,74.2,0,78.52,78.24
STU04954,19,Female,Computer Science,4,5.2,78.0,49.5,56.1,30.8,61.5,3.0,12,0,4,52.6,1,51.4,Medium,49.48,1,66.04,57.49
STU04955,21,Female,Electrical,8,8.32,80.3,65.8,56.9,82.1,67.0,2.0,13,0,4,48.6,1,74.8,Low,67.95,0,59.44,76.38
STU04956,20,Female,Electronics,4,9.62,97.6,95.3,92.2,91.2,93.4,5.9,2,0,0,87.1,0,100.0,Low,93.02,0,94.34,95.28
STU04957,21,Female,Mechanical,8,6.87,71.9,68.3,64.3,45.7,67.7,2.7,18,0,2,50.0,0,59.4,Medium,61.5,1,63.5,66.62
STU04958,21,Female,Computer Science,5,4.18,71.0,38.7,49.9,27.4,35.9,1.9,17,2,3,54.7,0,43.1,High,37.98,1,55.38,47.57
STU04959,18,Male,Management,2,6.63,81.1,67.7,64.5,61.5,77.8,3.8,12,0,1,61.4,0,75.0,Low,67.88,0,73.56,70.63
STU04960,21,Female,Computer Science,5,5.27,60.8,52.6,44.5,53.0,54.4,3.1,22,1,1,56.1,0,61.2,Medium,51.12,2,64.94,54.1
STU04961,20,Female,Computer Science,4,5.42,46.8,52.6,61.8,30.9,43.9,0.2,33,3,4,30.4,0,26.1,High,47.3,2,34.16,49.59
STU04962,19,Male,Electrical,3,7.09,87.9,71.6,67.5,74.5,72.2,3.4,7,2,4,67.1,0,70.3,Low,71.45,0,67.84,75.37
STU04963,21,Female,Computer Science,6,5.97,65.0,62.0,53.2,61.7,64.8,2.6,22,4,2,42.3,0,45.3,High,60.42,1,47.92,61.32
STU04964,19,Female,Electrical,3,6.74,85.9,72.4,62.6,68.4,76.6,3.7,9,1,2,82.7,0,75.1,Low,70.0,0,78.58,73.06
STU04965,21,Female,Electronics,8,6.87,78.9,66.9,51.5,52.8,77.5,3.0,13,2,1,89.6,2,73.3,Low,62.18,1,74.84,68.64
STU04966,21,Male,Electrical,7,7.5,82.0,69.6,68.7,68.0,56.6,4.1,12,0,1,58.9,1,77.1,Low,65.73,0,74.06,73.04
STU04967,21,Female,Computer Science,7,6.38,65.7,64.5,54.1,45.8,66.8,2.9,22,1,1,69.6,0,72.2,Low,57.8,1,69.34,61.88
STU04968,18,Male,Electronics,2,5.37,64.5,48.5,49.8,48.0,53.7,2.1,21,2,4,38.8,2,47.2,High,50.0,2,50.02,54.92
STU04969,22,Female,Mechanical,8,6.09,69.6,62.4,53.7,51.5,57.8,1.6,17,2,0,47.2,0,50.3,Medium,56.35,1,50.88,61.26
STU04970,21,Male,Civil,5,8.19,94.2,82.7,75.1,70.4,83.6,3.0,3,0,1,88.2,0,93.7,Low,77.95,0,80.28,83.4
STU04971,22,Female,Electrical,7,6.4,65.2,62.0,61.8,54.9,69.1,3.1,24,0,2,42.4,0,73.7,Low,61.95,1,62.46,63.48
STU04972,19,Male,Computer Science,3,4.59,57.2,41.2,33.9,19.8,37.4,0.2,27,3,3,34.4,4,31.1,High,33.07,2,35.76,43.6
STU04973,22,Female,Civil,7,8.75,87.4,77.2,68.3,85.5,91.4,3.4,8,0,2,80.7,1,80.0,Low,80.6,0,79.28,84.72
STU04974,20,Male,Computer Science,4,4.87,71.7,51.7,48.7,33.0,63.2,2.7,18,2,1,57.2,1,38.8,High,49.15,1,60.38,54.63
STU04975,21,Female,Electrical,6,6.9,88.2,79.8,64.9,70.4,76.6,4.1,8,1,0,72.2,0,76.3,Low,72.92,0,76.38,75.37
STU04976,20,Female,Management,3,6.45,82.5,80.7,44.5,65.4,60.5,3.7,10,1,2,61.4,1,63.9,Medium,62.78,0,70.06,68.31
STU04977,22,Male,Computer Science,8,7.31,91.6,81.6,56.6,59.9,91.1,3.8,5,0,1,78.9,1,84.8,Low,72.3,0,80.56,77.4
STU04978,20,Female,Computer Science,6,6.6,86.1,51.4,76.5,64.9,74.7,4.5,9,2,1,60.4,0,73.7,Low,66.88,0,70.66,71.38
STU04979,21,Female,Electrical,5,7.89,69.3,56.0,63.6,53.4,65.9,1.2,17,2,3,57.0,1,67.6,Low,59.72,1,52.8,68.83
STU04980,21,Male,Management,5,5.85,88.0,61.2,54.5,61.2,63.4,1.3,8,0,3,66.3,2,61.8,Medium,60.08,0,63.02,66.5
STU04981,19,Male,Civil,2,8.11,75.6,67.2,71.1,72.1,80.0,2.8,16,0,4,56.4,1,67.0,Low,72.6,1,66.56,76.32
STU04982,19,Male,Mechanical,4,7.08,78.2,58.7,67.3,63.5,75.2,2.5,15,0,0,48.0,0,67.8,Low,66.18,1,61.7,70.8
STU04983,22,Male,Electrical,7,5.66,63.1,48.0,55.4,36.2,53.4,2.3,22,1,3,46.3,2,49.4,High,48.25,2,57.02,54.88
STU04984,22,Male,Electronics,7,8.82,90.5,77.4,80.9,71.7,68.6,3.0,6,0,1,53.7,0,83.2,Low,74.65,0,66.48,83.36
STU04985,21,Female,Management,8,5.46,61.3,52.0,44.6,48.9,58.3,1.6,22,4,0,35.6,2,39.7,High,50.95,2,40.24,54.82
STU04986,18,Male,Electrical,2,7.69,83.7,79.1,70.6,88.2,76.1,4.3,11,0,2,72.7,0,86.0,Low,78.5,0,80.58,79.24
STU04987,19,Female,Management,3,7.36,98.7,78.6,61.8,82.5,74.7,5.1,1,0,3,97.6,1,81.1,Low,74.4,0,94.54,80.19
STU04988,22,Male,Electrical,7,7.26,80.1,62.3,68.7,62.0,69.7,2.0,12,2,1,71.9,0,79.3,Low,65.68,0,62.76,71.7
STU04989,19,Female,Management,4,5.61,81.5,67.4,62.6,58.2,62.6,3.1,11,1,2,52.1,1,57.7,Medium,62.7,0,63.34,65.09
STU04990,19,Female,Computer Science,3,7.23,68.2,69.2,74.8,74.9,71.5,3.0,21,1,3,38.2,1,61.9,Medium,72.6,1,57.28,71.4
STU04991,19,Female,Management,3,4.93,76.4,64.0,62.4,44.2,63.5,2.1,14,0,2,51.6,1,59.0,Medium,58.53,1,61.14,59.77
STU04992,21,Female,Computer Science,8,7.04,91.0,78.1,60.4,81.5,74.3,5.6,6,0,2,64.9,0,78.2,Low,73.58,0,83.96,76.82
STU04993,21,Male,Electronics,8,6.06,56.1,42.0,43.9,57.3,55.7,0.2,26,1,2,48.4,0,46.5,High,49.72,2,47.36,55.12
STU04994,18,Female,Electronics,2,6.58,79.6,61.2,62.4,75.8,62.0,3.5,12,2,2,60.9,0,64.9,Medium,65.35,1,65.86,69.07
STU04995,22,Female,Computer Science,7,7.46,85.1,79.1,69.1,68.8,79.8,4.3,9,1,0,62.5,0,83.5,Low,74.2,0,73.5,77.06
STU04996,20,Female,Electronics,5,8.36,93.8,66.1,87.4,55.8,82.9,3.4,4,1,3,70.7,0,70.2,Low,73.05,0,72.28,81.93
STU04997,21,Male,Mechanical,7,6.84,90.2,73.6,64.7,62.7,79.7,4.4,6,0,1,63.2,1,74.6,Low,70.18,0,77.28,74.56
STU04998,21,Female,Computer Science,6,9.5,100.0,87.9,95.9,74.3,83.8,4.5,0,0,1,82.0,0,90.3,Low,85.48,0,85.3,92.44
STU04999,21,Male,Electronics,6,7.01,67.9,78.9,61.9,61.1,68.9,3.0,20,2,0,72.8,0,63.8,Medium,67.7,1,68.12,68.59
STU05000,20,Female,Electronics,6,5.92,86.7,59.1,68.9,65.9,68.5,2.9,8,1,0,54.9,1,66.0,Low,65.6,0,63.46,68.63
STU05001,21,Female,Civil,7,7.05,71.7,63.6,40.4,52.8,71.7,2.9,20,1,0,60.1,0,73.3,Low,57.12,1,65.54,65.45
STU05002,22,Male,Mechanical,7,6.93,75.1,71.2,59.7,47.3,66.7,1.9,16,1,1,45.1,0,59.6,Medium,61.22,1,54.54,67.52
STU05003,21,Male,Civil,5,5.91,77.3,58.0,56.2,47.4,63.3,2.4,15,0,2,51.2,2,53.9,Medium,56.22,1,62.48,62.5
STU05004,18,Male,Electrical,2,6.94,86.2,81.5,53.0,85.0,67.1,3.2,10,1,1,76.4,1,77.1,Low,71.65,0,73.56,74.5
STU05005,19,Male,Civil,2,6.67,84.8,72.1,65.4,60.0,74.6,3.7,9,0,1,52.3,0,76.9,Low,68.03,0,69.42,71.76
STU05006,19,Male,Computer Science,4,4.63,47.7,45.7,31.2,39.3,53.7,2.6,34,1,3,40.4,0,42.3,High,42.48,2,56.16,45.12
STU05007,20,Male,Mechanical,5,4.98,60.5,52.7,38.3,52.9,44.8,3.3,23,2,3,37.8,2,48.7,High,47.18,2,55.62,51.42
STU05008,21,Male,Mechanical,8,6.46,79.6,65.4,66.7,68.8,74.6,3.5,12,2,1,70.6,0,64.4,Medium,68.88,1,69.74,70.06
STU05009,19,Female,Computer Science,2,5.57,76.5,69.6,48.4,28.8,57.9,1.8,13,1,1,40.8,0,47.6,High,51.18,1,52.32,59.09
STU05010,21,Female,Management,8,7.23,81.3,56.1,69.5,61.0,71.2,4.1,13,0,2,53.4,0,75.6,Low,64.45,0,71.86,71.41
STU05011,18,Male,Computer Science,2,8.01,70.3,73.1,73.5,65.9,78.0,4.0,18,1,5,67.2,0,85.4,Low,72.62,1,73.88,74.66
STU05012,21,Male,Management,5,6.16,77.2,60.5,72.2,34.3,70.2,2.9,16,0,1,60.3,1,69.5,Low,59.3,1,68.62,64.58
STU05013,19,Female,Computer Science,4,5.31,61.3,47.9,45.2,35.7,63.0,2.9,22,1,3,53.2,0,48.1,High,47.95,2,62.78,53.09
STU05014,20,Male,Civil,5,9.28,87.4,83.3,77.7,56.4,77.4,4.0,8,1,1,59.6,0,86.1,Low,73.7,0,70.84,83.81
STU05015,19,Male,Electronics,2,8.28,93.3,76.1,76.5,72.8,78.0,4.0,5,1,0,80.7,0,76.4,Low,75.85,0,79.28,82.64
STU05016,22,Male,Management,7,6.5,65.6,64.9,56.6,54.3,68.0,3.3,23,2,1,46.9,1,63.2,Medium,60.95,1,59.26,63.53
STU05017,18,Female,Electrical,2,5.49,78.1,60.3,39.7,43.1,51.5,2.9,14,1,2,64.5,0,49.5,High,48.65,1,67.3,58.2
STU05018,21,Male,Computer Science,7,6.0,76.1,66.6,61.3,38.6,69.1,1.9,16,3,2,63.2,1,63.2,Medium,58.9,1,55.78,63.58
STU05019,21,Female,Computer Science,5,5.38,76.7,63.0,65.2,61.0,55.7,3.4,13,1,2,68.7,0,61.9,Medium,61.22,1,71.48,62.49
STU05020,21,Male,Mechanical,8,8.29,96.7,83.2,89.3,70.7,72.0,4.4,2,0,1,84.0,0,88.7,Low,78.8,0,85.6,84.71
STU05021,22,Male,Computer Science,8,6.6,79.7,66.3,64.7,63.6,79.2,1.7,13,1,1,68.3,1,71.0,Low,68.45,1,62.82,70.4
STU05022,21,Male,Computer Science,7,8.46,81.3,68.1,71.5,72.4,62.1,2.6,10,1,1,67.8,0,79.6,Low,68.53,0,67.12,77.34
STU05023,21,Female,Management,5,6.31,63.8,68.1,55.7,63.5,69.0,2.8,25,1,0,38.9,0,53.2,Medium,64.08,2,56.56,63.67
STU05024,20,Female,Civil,4,6.92,87.0,65.1,74.5,59.3,81.8,3.6,8,2,0,66.1,0,69.4,Low,70.18,0,68.44,74.04
STU05025,21,Female,Computer Science,6,7.22,87.9,64.9,59.8,59.0,72.0,3.9,8,2,0,73.2,0,63.1,Medium,63.92,0,72.78,72.82
STU05026,21,Female,Mechanical,6,3.52,48.1,35.7,22.7,19.5,49.2,2.1,36,2,3,47.1,4,28.1,High,31.78,2,53.34,37.06
STU05027,21,Male,Computer Science,7,7.01,95.9,77.3,85.2,74.4,64.2,2.7,3,0,1,80.8,0,75.2,Low,75.28,0,75.82,78.62
STU05028,21,Male,Electrical,5,6.54,72.3,57.7,49.5,54.2,60.2,3.6,16,2,1,50.0,0,56.8,Medium,55.4,1,62.0,63.12
STU05029,20,Female,Computer Science,5,7.92,91.9,92.7,64.8,68.9,85.0,4.5,5,0,0,93.5,0,100.0,Low,77.85,0,89.9,81.84
STU05030,18,Male,Electronics,2,5.29,80.4,64.3,51.8,41.4,64.1,3.6,13,1,2,61.2,3,51.7,Medium,55.4,0,69.48,60.78
STU05031,20,Female,Computer Science,3,7.95,69.4,67.3,73.1,70.3,74.9,4.2,19,1,4,62.3,0,70.7,Low,71.4,1,72.92,73.74
STU05032,21,Female,Management,7,7.9,76.9,70.2,77.1,79.2,80.0,4.6,13,1,1,95.5,0,69.8,Low,76.62,1,88.2,77.53
STU05033,21,Male,Computer Science,8,8.48,85.5,80.6,85.9,63.2,82.4,4.2,8,1,2,70.3,0,82.4,Low,78.03,0,76.12,82.27
STU05034,21,Male,Civil,6,7.29,89.0,86.7,72.6,88.4,74.0,4.8,7,0,0,91.1,0,90.5,Low,80.43,0,90.44,79.94
STU05035,19,Female,Mechanical,4,7.95,67.6,68.9,67.9,73.2,74.1,2.6,20,2,1,45.4,0,61.0,Medium,71.03,1,55.16,73.13
STU05036,19,Male,Electrical,2,6.02,72.4,62.7,48.8,47.4,56.8,3.1,17,0,0,61.5,0,51.9,Medium,53.92,1,70.1,60.74
STU05037,19,Male,Computer Science,2,7.31,88.3,64.7,61.8,72.3,71.1,4.3,7,1,2,69.8,0,83.7,Low,67.47,0,76.42,74.65
STU05038,21,Male,Electrical,6,5.09,53.9,67.2,52.3,33.6,64.6,1.9,27,0,1,38.0,1,44.6,High,54.42,2,54.7,53.06
STU05039,21,Male,Management,6,5.67,66.8,50.4,51.3,40.4,43.5,2.2,19,0,2,49.3,2,41.7,High,46.4,1,60.72,55.1
STU05040,19,Male,Computer Science,3,6.5,77.7,47.3,43.0,51.5,58.4,2.3,12,0,4,55.3,1,54.1,Medium,50.05,1,63.62,62.2
STU05041,20,Female,Computer Science,3,6.66,72.5,51.4,47.0,53.7,68.1,2.6,16,2,1,51.4,0,66.7,Low,55.05,1,57.56,63.46
STU05042,19,Male,Management,2,5.97,73.6,59.0,61.9,55.3,67.8,1.5,15,3,2,38.2,1,48.6,High,61.0,1,43.78,63.7
STU05043,20,Male,Electronics,6,8.09,85.9,89.1,61.8,74.6,78.6,5.3,8,1,0,91.6,0,92.8,Low,76.02,0,90.14,80.2
STU05044,20,Other,Electrical,6,5.28,70.6,51.8,36.3,33.0,50.5,2.1,18,0,2,41.4,1,47.0,High,42.9,1,57.06,53.29
STU05045,19,Male,Electrical,4,4.38,73.4,42.5,22.3,42.0,57.5,0.8,17,3,4,34.8,3,32.6,High,41.08,1,38.92,50.11
STU05046,22,Male,Electronics,7,8.73,85.5,82.0,87.0,75.7,69.3,4.4,8,0,1,52.2,0,88.3,Low,78.5,0,72.88,83.33
STU05047,21,Female,Computer Science,7,7.49,85.8,79.7,73.7,86.3,79.9,4.3,9,2,1,56.1,0,64.1,Medium,79.9,0,67.94,79.62
STU05048,20,Male,Electronics,5,5.55,87.0,63.6,56.4,58.5,62.1,2.6,8,2,2,55.1,0,58.4,Medium,60.15,0,59.04,65.24
STU05049,20,Female,Mechanical,3,7.43,88.7,74.8,70.8,67.4,68.8,4.9,7,0,3,79.4,0,78.7,Low,70.45,0,86.26,76.36
STU05050,19,Female,Mechanical,2,8.12,76.7,68.3,75.7,67.0,74.8,4.5,5,0,0,62.9,0,95.4,Low,71.45,1,77.66,76.18
STU05051,21,Female,Civil,7,7.16,69.4,54.8,59.5,58.9,75.9,2.3,19,2,2,50.0,0,75.5,Low,62.28,1,55.5,67.32
STU05052,20,Male,Mechanical,6,7.41,75.5,52.3,60.3,67.7,57.8,1.4,15,3,1,58.1,0,62.6,Medium,59.53,1,51.24,68.62
STU05053,20,Male,Electrical,4,7.41,78.6,74.4,66.5,69.5,65.2,3.8,13,0,2,57.7,0,82.2,Low,68.9,1,72.08,73.14
STU05054,19,Female,Computer Science,2,6.52,76.5,64.6,45.6,58.8,64.3,3.6,14,2,1,49.2,0,64.0,Medium,58.32,1,61.68,65.27
STU05055,22,Male,Electronics,7,8.22,85.9,71.2,86.5,69.7,78.6,4.0,9,1,1,63.5,0,76.4,Low,76.5,0,72.4,80.84
STU05056,22,Female,Computer Science,8,7.21,98.3,79.7,70.6,65.7,88.0,4.3,1,0,0,88.4,0,79.0,Low,76.0,0,86.86,80.21
STU05057,21,Female,Computer Science,5,6.33,81.7,60.1,56.3,50.6,66.8,3.5,12,0,1,51.9,0,73.0,Low,58.45,0,68.26,65.96
STU05058,20,Female,Electronics,3,5.74,89.8,65.6,55.1,70.9,57.9,2.6,7,0,3,57.8,1,76.7,Low,62.38,0,66.12,67.49
STU05059,21,Male,Management,6,6.54,64.1,53.5,64.2,59.1,60.9,2.6,21,1,3,49.1,0,65.1,Low,59.42,2,59.64,62.68
STU05060,21,Female,Electronics,8,7.34,84.3,68.9,65.6,59.6,76.7,3.4,10,0,3,69.4,0,80.1,Low,67.7,0,74.76,73.84
STU05061,21,Female,Computer Science,6,5.7,64.9,52.9,61.8,36.8,55.9,3.0,20,1,3,32.5,1,47.5,High,51.85,2,55.0,56.92
STU05062,18,Male,Civil,2,7.26,80.1,62.7,67.7,76.7,77.4,3.2,12,0,2,70.2,0,81.4,Low,71.12,0,74.08,73.88
STU05063,20,Female,Civil,3,6.88,97.3,81.5,68.7,59.1,64.6,5.2,2,0,1,86.8,0,84.1,Low,68.47,0,90.72,75.8
STU05064,19,Male,Mechanical,2,6.87,69.7,68.1,58.1,66.3,58.6,4.2,17,1,2,55.7,1,56.0,Medium,62.78,1,70.28,66.58
STU05065,20,Female,Electronics,4,6.32,66.7,60.8,61.3,45.7,59.8,2.6,21,1,3,32.4,1,54.1,Medium,56.9,1,52.96,61.56
STU05066,21,Male,Electronics,5,6.92,82.0,72.6,84.7,68.3,81.1,4.4,12,0,0,72.5,0,72.1,Low,76.68,0,81.0,75.39
STU05067,20,Male,Computer Science,5,4.53,67.8,47.9,33.9,28.3,43.0,1.4,22,1,1,44.8,5,32.1,High,38.28,1,51.92,48.11
STU05068,22,Female,Electronics,7,7.15,80.5,63.9,64.5,81.1,70.9,2.5,12,1,2,57.1,1,68.6,Low,70.1,0,62.34,73.19
STU05069,18,Male,Computer Science,2,6.05,93.3,77.7,58.3,62.7,75.9,5.8,4,1,0,62.8,0,80.7,Low,68.65,0,81.12,71.96
STU05070,21,Male,Civil,8,8.85,100.0,91.0,61.8,71.0,76.3,4.5,0,0,0,97.2,0,88.5,Low,75.03,0,91.38,85.98
STU05071,20,Male,Management,3,6.57,78.7,61.0,42.9,63.0,61.1,2.7,12,1,1,50.5,2,46.4,High,57.0,1,60.7,65.47
STU05072,20,Female,Computer Science,5,6.98,79.4,59.8,68.4,67.8,65.2,2.2,13,1,3,50.3,0,65.3,Low,65.3,1,58.12,70.4
STU05073,20,Male,Computer Science,3,8.57,83.8,83.8,69.9,79.5,78.6,3.9,10,1,2,76.5,0,85.8,Low,77.95,0,77.1,82.12
STU05074,19,Female,Management,4,7.4,82.7,70.2,60.0,56.0,80.4,3.4,10,1,0,73.2,1,75.8,Low,66.65,0,73.28,73.24
STU05075,22,Female,Mechanical,7,8.77,83.9,73.0,77.1,58.7,76.5,4.0,10,0,4,71.4,0,77.0,Low,71.32,0,78.56,80.2
STU05076,19,Male,Civil,2,6.7,58.1,48.7,58.7,57.5,56.9,0.5,25,5,5,19.3,1,42.9,High,55.45,2,25.22,60.16
STU05077,21,Male,Management,5,8.51,99.6,82.5,71.1,60.3,82.6,5.7,0,0,0,73.3,0,86.3,Low,74.12,0,87.82,84.34
STU05078,20,Male,Civil,6,7.21,76.2,76.3,62.1,61.2,69.8,2.0,15,1,0,64.9,0,56.3,Medium,67.35,1,62.96,71.22
STU05079,21,Female,Electrical,5,6.89,84.6,71.9,74.9,57.9,82.2,2.3,10,3,3,64.0,0,74.1,Low,71.73,0,58.1,73.96
STU05080,19,Female,Electronics,4,6.49,80.8,62.0,54.6,70.2,68.1,3.3,11,2,1,82.7,0,54.1,Medium,63.72,0,73.58,68.4
STU05081,19,Female,Management,4,5.38,83.1,61.1,52.9,60.4,60.0,2.8,11,0,1,47.4,0,55.7,Medium,58.6,0,62.96,63.04
STU05082,22,Female,Civil,8,6.11,91.7,68.9,46.1,57.5,66.8,2.5,5,1,1,59.1,0,66.0,Low,59.82,0,63.14,68.24
STU05083,19,Female,Computer Science,3,7.74,73.7,66.2,56.8,68.0,72.6,1.7,17,2,1,57.7,2,51.7,Medium,65.9,1,55.58,71.88
STU05084,21,Female,Mechanical,5,5.8,67.9,59.8,63.7,51.6,61.6,2.1,21,2,4,42.4,3,53.3,Medium,59.18,1,51.46,60.94
STU05085,19,Male,Computer Science,4,6.69,89.2,69.8,77.3,63.1,60.1,3.4,7,2,2,59.3,1,67.1,Low,67.58,0,64.72,72.74
STU05086,22,Female,Mechanical,7,9.12,97.6,94.1,79.0,68.0,81.3,5.5,1,0,0,81.7,0,88.9,Low,80.6,0,90.18,88.56
STU05087,21,Male,Computer Science,7,5.35,60.6,42.2,40.6,52.0,51.7,1.0,27,2,2,65.7,0,40.3,High,46.62,2,55.28,52.52
STU05088,21,Male,Civil,7,6.23,64.0,49.7,49.1,40.2,62.2,1.9,20,2,5,42.4,1,53.8,Medium,50.3,2,50.46,57.92
STU05089,18,Male,Electronics,2,5.27,82.9,62.8,41.0,67.3,50.4,4.5,10,5,2,48.0,1,57.6,Medium,55.38,0,56.7,61.32
STU05090,18,Male,Mechanical,2,8.7,86.1,74.5,61.8,74.1,83.2,3.5,8,1,3,72.3,0,84.4,Low,73.4,0,73.42,81.34
STU05091,19,Male,Civil,4,6.89,64.2,63.6,60.0,70.2,72.5,2.4,23,0,1,54.2,0,52.0,Medium,66.58,2,63.68,66.8
STU05092,21,Female,Computer Science,5,6.69,73.6,60.5,61.7,74.6,74.1,3.6,17,2,5,49.6,1,67.6,Low,67.72,1,61.84,68.9
STU05093,18,Female,Electronics,2,5.39,64.8,53.3,46.5,32.7,56.6,3.1,21,2,3,56.5,1,40.8,High,47.28,2,62.1,53.97
STU05094,21,Female,Mechanical,8,6.5,68.0,58.7,58.8,50.4,47.7,1.2,22,3,2,48.8,0,44.5,High,53.9,1,46.52,61.31
STU05095,22,Male,Mechanical,8,6.93,70.6,62.8,56.5,62.3,67.1,2.4,19,1,4,51.4,0,71.5,Low,62.18,1,59.56,66.78
STU05096,20,Male,Management,4,6.82,75.0,59.3,68.1,85.7,77.7,3.7,16,0,1,45.3,0,60.9,Medium,72.7,1,66.62,71.7
STU05097,21,Female,Electronics,7,8.12,81.8,73.0,83.4,72.0,73.5,4.0,12,1,0,76.5,0,81.6,Low,75.47,0,77.6,79.06
STU05098,20,Female,Mechanical,5,9.97,100.0,100.0,100.0,83.5,100.0,5.4,0,1,0,78.4,0,97.9,Low,95.88,0,85.36,98.24
STU05099,20,Female,Management,6,7.34,94.4,78.3,63.2,59.4,76.8,4.3,4,0,2,73.9,0,77.0,Low,69.42,0,81.06,77.06
STU05100,22,Male,Civil,8,7.53,88.2,64.5,70.3,44.9,67.7,3.7,8,0,1,66.8,2,68.7,Low,61.85,0,75.22,73.14
STU05101,19,Male,Electronics,2,6.49,87.2,68.6,65.0,52.3,68.0,4.0,8,0,2,67.7,0,72.1,Low,63.47,0,77.08,69.9
STU05102,19,Female,Electronics,3,8.5,91.7,77.9,79.7,75.4,82.3,4.7,6,0,2,59.5,0,95.4,Low,78.82,0,77.3,84.2
STU05103,19,Male,Management,4,7.99,66.1,79.3,60.2,74.5,68.5,2.3,20,1,5,71.9,0,62.4,Medium,70.62,1,67.26,72.74
STU05104,22,Female,Electronics,8,6.66,80.0,66.4,67.8,53.9,64.1,3.6,12,0,0,65.1,0,79.9,Low,63.05,0,74.04,68.53
STU05105,21,Male,Computer Science,6,6.42,80.3,68.8,67.1,57.1,85.6,3.5,13,3,1,47.9,0,53.7,Medium,69.65,0,57.66,70.4
STU05106,20,Male,Mechanical,4,6.29,72.5,76.1,71.6,61.8,76.8,2.4,17,0,3,59.5,1,57.2,Medium,71.58,1,65.8,68.77
STU05107,19,Female,Computer Science,2,8.53,85.5,70.9,80.2,75.5,75.9,3.4,9,0,0,72.4,0,79.2,Low,75.62,0,75.96,81.48
STU05108,20,Male,Mechanical,6,5.8,78.3,64.3,65.9,55.1,58.9,2.4,14,1,2,52.8,0,49.9,High,61.05,1,60.12,64.3
STU05109,20,Male,Management,3,6.45,91.5,78.7,58.4,44.4,59.3,4.3,5,1,3,76.5,1,67.3,Low,60.2,0,79.1,69.53
STU05110,19,Female,Management,4,7.7,83.6,84.0,76.4,77.2,95.1,3.7,9,1,0,79.7,0,88.2,Low,83.18,0,77.38,81.12
STU05111,21,Male,Mechanical,8,7.16,87.7,65.0,48.8,57.3,78.7,2.4,8,1,0,50.1,0,71.0,Low,62.45,0,59.04,71.96
STU05112,20,Male,Management,5,7.71,87.2,58.2,63.8,59.2,74.7,2.7,7,4,1,54.9,0,51.9,Medium,63.97,0,53.46,74.38
STU05113,19,Female,Electrical,2,6.27,80.5,50.7,67.9,42.2,59.5,2.0,11,1,3,52.3,0,59.0,Medium,55.08,0,57.92,64.1
STU05114,19,Male,Management,2,7.49,52.8,77.1,77.4,68.6,65.0,3.4,33,0,2,49.4,1,73.7,Low,72.03,2,66.76,68.23
STU05115,19,Female,Management,4,8.41,92.7,66.9,73.2,79.0,70.5,3.5,4,2,3,69.5,0,76.9,Low,72.4,0,69.3,81.57
STU05116,18,Male,Management,2,7.47,88.2,77.5,54.9,66.3,51.9,4.0,7,1,0,70.9,0,74.4,Low,62.65,0,75.36,73.26
STU05117,20,Male,Computer Science,5,7.9,72.2,66.0,68.6,64.7,71.1,3.6,17,1,0,73.2,0,81.4,Low,67.6,1,74.28,72.74
STU05118,19,Male,Computer Science,4,6.01,58.5,72.8,52.5,61.5,60.6,0.8,28,2,4,51.8,0,55.8,Medium,61.85,2,48.72,60.4
STU05119,22,Female,Computer Science,8,7.22,76.2,47.4,55.4,43.5,61.3,3.1,15,1,2,63.0,1,59.4,Medium,51.9,1,67.7,65.08
STU05120,20,Male,Civil,4,8.01,84.9,73.2,53.8,76.2,70.2,3.1,8,0,2,73.7,0,74.7,Low,68.35,0,74.98,76.6
STU05121,19,Female,Management,3,6.58,66.3,69.9,58.7,67.0,68.8,2.8,22,1,4,59.7,1,50.0,Medium,66.1,1,64.88,66.04
STU05122,21,Male,Management,6,6.08,73.7,52.5,40.8,37.6,54.7,2.4,15,1,1,55.4,1,53.3,Medium,46.4,1,61.16,58.26
STU05123,21,Male,Electrical,6,6.57,75.7,65.2,68.7,60.8,69.1,3.0,14,1,3,49.9,0,51.4,Medium,65.95,1,61.96,68.3
STU05124,19,Female,Electrical,2,6.6,66.5,58.5,39.0,52.8,68.5,2.5,18,1,3,71.0,0,58.9,Medium,54.7,1,67.9,61.6
STU05125,19,Male,Mechanical,2,6.3,74.0,64.9,65.0,59.1,70.1,2.9,18,2,2,61.2,0,54.6,Medium,64.78,1,62.98,66.46
STU05126,19,Female,Electronics,3,8.48,93.9,88.2,78.2,72.1,82.3,4.4,4,2,1,63.9,0,86.5,Low,80.2,0,71.56,85.24
STU05127,21,Female,Civil,7,6.57,67.7,61.2,61.8,61.7,61.2,2.4,18,0,0,54.1,2,71.9,Low,61.47,1,63.64,64.51
STU05128,20,Female,Computer Science,3,7.51,74.0,86.0,88.7,76.4,69.0,2.3,15,2,2,62.8,0,79.9,Low,80.03,1,60.62,76.8
STU05129,22,Male,Electrical,8,7.5,78.8,73.7,77.8,64.8,57.6,3.7,15,0,1,73.5,0,81.1,Low,68.48,1,77.9,73.34
STU05130,20,Female,Civil,5,6.64,65.2,75.2,69.2,61.1,69.6,3.2,23,1,1,50.4,0,57.0,Medium,68.78,1,63.16,67.05
STU05131,21,Male,Computer Science,8,5.75,53.3,41.5,45.0,35.8,39.4,1.1,28,1,2,24.7,3,40.8,High,40.42,2,42.38,49.62
STU05132,19,Female,Civil,3,6.0,76.7,51.3,49.4,49.9,58.4,1.5,31,1,3,50.7,0,46.2,High,52.25,1,54.78,61.08
STU05133,20,Male,Mechanical,4,6.28,74.7,61.7,60.7,64.3,67.2,2.8,15,2,4,51.3,1,60.6,Medium,63.47,1,58.52,66.04
STU05134,19,Male,Electrical,2,5.37,62.9,37.6,45.7,35.0,42.3,1.8,21,2,4,18.5,3,40.7,High,40.15,2,40.4,50.58
STU05135,22,Female,Electrical,7,6.08,66.1,65.8,50.3,48.1,60.9,2.2,21,1,2,61.6,0,43.9,High,56.28,1,62.64,60.32
STU05136,20,Male,Computer Science,6,7.5,86.4,74.0,59.7,55.7,77.2,3.2,8,2,0,62.1,0,72.3,Low,66.65,0,64.84,74.51
STU05137,18,Female,Electrical,2,6.89,65.6,52.1,63.7,56.1,61.4,2.1,24,3,1,40.4,0,62.4,Medium,58.32,1,47.66,63.84
STU05138,22,Male,Computer Science,7,8.14,71.4,62.1,67.1,56.3,73.2,3.3,18,1,1,60.8,1,65.6,Low,64.68,1,67.82,72.21
STU05139,22,Male,Electronics,8,7.34,99.1,69.4,73.5,66.9,72.6,4.7,1,0,1,78.1,0,83.2,Low,70.6,0,84.74,78.7
STU05140,20,Female,Mechanical,6,7.72,77.9,79.0,81.1,63.7,72.0,3.2,15,0,2,61.8,0,74.5,Low,73.95,1,70.72,76.08
STU05141,22,Male,Electrical,7,6.95,69.5,65.3,65.2,47.7,58.3,2.8,20,2,1,58.7,0,51.4,Medium,59.12,1,61.48,65.35
STU05142,19,Female,Management,3,3.7,55.6,40.8,21.9,22.8,43.8,1.2,29,2,3,48.8,0,31.2,High,32.33,2,49.52,39.78
STU05143,21,Male,Computer Science,5,5.79,84.3,62.4,58.9,44.6,66.7,2.8,11,1,3,52.9,0,64.9,Medium,58.15,0,62.16,64.6
STU05144,22,Male,Civil,7,8.77,96.8,84.4,84.5,72.8,79.7,4.8,2,1,1,83.3,0,91.4,Low,80.35,0,84.32,87.04
STU05145,20,Male,Management,6,5.82,75.2,61.3,48.3,48.3,54.8,1.8,15,4,5,46.0,3,38.0,High,53.18,1,45.4,60.44
STU05146,20,Male,Management,6,5.74,72.9,60.2,66.4,49.8,47.3,2.6,18,1,1,64.2,0,67.3,Low,55.92,1,65.68,60.68
STU05147,21,Male,Computer Science,7,8.32,79.9,75.6,71.6,72.9,80.0,2.3,11,3,3,58.3,0,73.6,Low,75.03,1,55.82,79.1
STU05148,21,Female,Computer Science,6,5.44,71.9,58.2,50.6,68.8,52.7,2.8,19,1,0,39.8,1,61.1,Medium,57.58,1,56.92,60.04
STU05149,18,Male,Mechanical,2,6.42,58.6,68.4,63.4,56.7,67.3,2.1,28,2,1,67.3,0,64.0,Medium,63.95,2,61.42,62.7
STU05150,20,Female,Management,3,5.41,65.6,43.8,61.8,38.2,59.5,2.3,21,1,0,48.7,3,49.4,High,50.82,1,57.98,55.66
STU05151,21,Female,Electronics,7,8.65,73.4,78.8,77.0,60.5,82.6,3.4,16,0,2,63.3,0,79.9,Low,74.72,1,72.32,78.52
STU05152,19,Female,Mechanical,3,7.27,74.3,67.2,60.6,64.4,65.6,4.8,14,1,0,68.7,0,73.4,Low,64.45,1,78.48,69.8
STU05153,21,Male,Management,6,7.4,78.7,78.5,76.9,52.5,64.0,3.1,13,2,4,57.8,0,61.8,Medium,67.97,1,62.62,72.76
STU05154,21,Male,Electronics,5,8.99,88.0,84.5,80.1,82.5,82.9,3.0,7,0,1,75.7,0,89.0,Low,82.5,0,75.28,86.46
STU05155,20,Male,Civil,6,6.97,61.8,48.7,60.6,56.5,67.0,2.7,22,2,4,55.5,2,60.4,Medium,58.2,2,59.7,63.12
STU05156,20,Female,Management,3,6.51,75.8,53.3,55.4,52.0,67.8,3.0,15,1,3,54.5,1,52.7,Medium,57.12,1,63.8,64.58
STU05157,20,Female,Electronics,4,5.67,62.9,57.5,48.4,59.1,60.6,0.8,24,4,5,23.0,1,41.7,High,56.4,2,31.2,58.13
STU05158,21,Male,Computer Science,6,7.06,84.2,71.8,54.9,69.8,72.8,3.4,9,2,1,54.8,0,64.4,Medium,67.32,0,62.92,72.69
STU05159,19,Male,Electronics,3,6.44,96.3,79.8,68.4,50.3,79.2,5.2,2,1,0,75.3,0,82.3,Low,69.42,0,83.12,74.39
STU05160,19,Other,Mechanical,4,6.89,76.7,56.2,32.6,38.4,61.6,2.7,18,2,2,49.9,0,48.9,High,47.2,1,57.46,62.17
STU05161,21,Male,Computer Science,8,6.67,79.7,62.5,61.7,66.6,67.0,1.4,14,1,3,48.6,0,63.6,Medium,64.45,1,53.44,69.05
STU05162,20,Male,Computer Science,3,5.32,97.9,83.0,49.0,42.0,82.8,3.3,1,0,0,77.2,0,68.4,Low,64.2,0,77.38,68.78
STU05163,21,Male,Computer Science,6,8.54,78.5,66.9,57.4,89.7,74.8,2.9,12,0,2,68.5,0,83.6,Low,72.2,1,71.9,78.4
STU05164,20,Male,Mechanical,3,7.28,95.9,75.6,74.3,67.7,64.2,3.7,3,0,1,74.9,0,74.9,Low,70.45,0,78.46,77.63
STU05165,21,Male,Electrical,6,5.3,51.3,44.1,36.4,47.7,60.9,0.2,28,2,5,27.6,1,35.3,High,47.28,2,36.04,50.28
STU05166,19,Female,Mechanical,2,5.98,65.9,53.8,57.0,47.8,64.4,2.7,24,0,3,37.5,1,60.5,Medium,55.75,1,58.5,59.71
STU05167,21,Female,Electrical,6,4.31,52.2,38.5,37.1,32.2,44.5,0.2,26,4,6,19.8,1,26.2,High,38.08,2,26.92,43.36
STU05168,20,Female,Management,5,7.05,71.8,53.7,52.9,40.4,61.7,1.5,17,1,1,59.5,1,54.5,Medium,52.18,1,58.3,63.5
STU05169,20,Male,Electrical,6,8.74,89.9,78.5,67.9,85.0,86.8,5.0,6,2,1,52.9,0,77.7,Low,79.55,0,70.16,84.88
STU05170,18,Male,Civil,2,9.47,77.7,71.7,82.9,100.0,84.3,4.2,15,1,3,69.5,0,89.0,Low,84.72,1,75.8,86.46
STU05171,20,Female,Computer Science,5,8.14,90.6,82.2,69.6,90.2,90.5,4.0,6,0,2,80.4,0,84.1,Low,83.12,0,82.16,84.39
STU05172,21,Male,Electronics,5,7.12,68.1,57.0,65.9,42.6,67.3,1.5,21,0,2,57.4,2,65.0,Low,58.2,1,60.46,65.22
STU05173,20,Male,Computer Science,3,6.66,87.9,64.9,55.2,58.6,64.0,2.4,7,0,1,57.2,0,67.7,Low,60.68,0,64.88,69.56
STU05174,20,Male,Mechanical,4,6.53,84.6,62.6,53.9,54.9,56.1,2.8,9,0,0,75.9,0,65.6,Low,56.88,0,74.36,66.76
STU05175,20,Female,Management,6,8.83,76.7,69.3,82.5,73.8,76.2,2.4,13,1,3,52.5,0,82.8,Low,75.45,1,60.0,80.26
STU05176,21,Male,Electronics,5,6.51,75.0,68.0,51.5,57.8,71.4,2.0,14,0,1,52.7,0,66.4,Low,62.18,1,61.08,66.4
STU05177,21,Female,Computer Science,6,9.57,80.9,80.9,70.1,74.5,80.8,3.3,11,0,0,69.5,0,100.0,Low,76.58,0,74.3,84.35
STU05178,22,Male,Electrical,8,8.39,100.0,86.4,71.1,91.2,85.0,3.7,0,0,2,72.3,1,92.2,Low,83.42,0,77.42,87.74
STU05179,20,Other,Management,4,5.56,75.5,66.4,58.9,31.9,73.3,2.1,14,2,2,70.2,0,48.0,High,57.62,1,62.58,61.38
STU05180,21,Male,Electrical,8,5.68,79.0,57.3,54.6,53.1,49.2,1.1,14,3,2,59.5,2,54.5,Medium,53.55,1,50.3,61.05
STU05181,22,Female,Computer Science,8,5.7,73.9,49.7,55.8,56.9,63.8,1.3,15,0,3,36.4,2,62.6,Medium,56.55,1,51.06,61.04
STU05182,21,Male,Mechanical,6,5.39,70.3,53.4,59.4,50.9,66.3,1.8,21,4,2,41.7,0,47.9,High,57.5,1,43.68,59.44
STU05183,19,Female,Electronics,3,7.15,87.0,76.7,77.2,71.5,71.9,3.0,8,1,2,70.0,0,80.0,Low,74.32,0,70.0,76.5
STU05184,19,Male,Civil,4,10.0,96.3,91.7,75.4,80.8,77.7,4.6,2,0,4,63.1,0,100.0,Low,81.4,0,78.24,91.64
STU05185,19,Female,Civil,2,6.16,69.4,56.4,48.4,45.6,52.7,2.5,20,1,1,41.5,1,53.0,Medium,50.78,1,56.1,59.22
STU05186,20,Female,Electrical,6,6.61,74.8,63.3,64.2,48.9,54.6,3.5,16,1,1,63.3,0,67.1,Low,57.75,1,69.82,64.94
STU05187,19,Female,Computer Science,3,7.93,86.0,86.8,70.9,63.4,66.7,3.6,8,0,1,77.4,1,74.6,Low,71.95,0,78.96,78.04
STU05188,21,Male,Management,8,6.71,71.3,56.1,65.7,53.9,70.7,3.0,16,1,2,62.0,0,69.3,Low,61.6,1,66.8,65.95
STU05189,21,Male,Computer Science,6,7.09,72.7,62.7,66.1,54.0,62.1,0.9,16,1,4,38.5,0,52.0,Medium,61.22,1,46.9,67.48
STU05190,21,Other,Computer Science,5,5.65,81.4,63.9,51.4,59.1,68.1,3.2,12,0,2,55.1,0,73.8,Low,60.62,0,68.04,64.38
STU05191,19,Female,Electrical,3,5.85,53.0,37.5,35.2,40.4,56.9,0.4,31,2,4,28.1,0,49.7,High,42.5,2,37.24,50.72
STU05192,18,Male,Mechanical,2,6.54,75.4,60.8,84.6,51.5,60.7,3.4,14,2,2,51.6,0,71.8,Low,64.4,1,61.64,67.5
STU05193,21,Male,Mechanical,6,6.54,64.4,57.8,59.9,56.2,65.2,0.3,21,1,2,36.5,0,61.4,Medium,59.77,2,43.1,62.9
STU05194,21,Male,Electronics,7,7.9,92.9,84.7,74.4,72.5,68.2,5.0,4,1,2,86.9,0,79.6,Low,74.95,0,86.76,80.86
STU05195,20,Male,Computer Science,3,8.32,70.4,71.4,84.8,79.6,78.4,2.2,20,1,1,63.0,0,79.1,Low,78.55,1,63.2,78.14
STU05196,18,Male,Computer Science,2,6.94,72.1,59.8,66.0,78.5,75.1,3.8,19,3,3,51.2,0,62.9,Medium,69.85,1,60.48,70.26
STU05197,20,Female,Electrical,4,6.73,80.6,55.5,72.9,43.5,66.7,2.4,11,1,2,62.9,1,59.0,Medium,59.65,0,64.16,67.56
STU05198,21,Male,Computer Science,7,5.54,70.6,47.2,44.4,56.9,43.7,2.2,17,4,5,45.5,1,35.2,High,48.05,1,47.2,56.26
STU05199,21,Female,Management,6,6.89,70.0,48.0,68.4,44.6,50.6,2.3,21,0,2,59.8,1,56.5,Medium,52.9,1,65.42,62.77
STU05200,19,Female,Electrical,2,6.32,77.9,70.2,63.8,55.5,84.6,3.7,14,0,1,54.9,0,63.7,Medium,68.53,1,70.46,69.0
STU05201,18,Male,Electrical,2,7.25,76.7,70.9,57.2,61.7,71.9,2.9,14,1,1,53.3,0,65.6,Low,65.43,1,62.82,70.72
STU05202,18,Male,Management,2,6.0,74.6,59.3,72.4,35.2,59.9,3.5,15,3,1,53.0,0,59.2,Medium,56.7,1,59.7,62.33
STU05203,22,Female,Civil,7,5.37,61.6,49.8,52.2,41.3,61.6,1.1,22,3,4,50.7,0,53.2,Medium,51.22,2,46.78,54.68
STU05204,21,Male,Mechanical,7,4.87,54.3,53.9,39.1,49.0,62.4,0.7,26,1,3,32.8,0,31.9,High,51.1,2,43.62,51.06
STU05205,19,Female,Management,4,4.71,71.0,57.9,33.7,45.1,63.9,1.7,17,0,2,37.8,1,56.0,Medium,50.15,1,53.62,54.3
STU05206,20,Female,Electronics,6,6.54,90.3,59.2,66.6,54.3,66.6,3.6,6,2,3,65.9,0,68.1,Low,61.68,0,68.36,70.14
STU05207,18,Male,Computer Science,2,5.34,50.7,38.6,50.8,38.3,46.0,1.5,32,4,1,39.9,0,32.2,High,43.42,2,41.46,48.74
STU05208,21,Female,Mechanical,5,5.76,77.8,67.9,58.2,54.4,70.1,2.2,15,0,1,61.5,0,61.9,Medium,62.65,1,65.6,64.67
STU05209,20,Male,Computer Science,3,6.33,79.5,69.8,64.1,56.0,67.7,2.9,13,0,1,59.5,0,70.4,Low,64.4,1,68.3,67.79
STU05210,22,Male,Civil,7,5.91,93.2,65.9,65.1,51.4,71.5,3.3,4,3,3,61.4,0,66.2,Low,63.48,0,62.06,69.38
STU05211,21,Other,Management,5,7.4,76.0,64.8,72.2,59.4,73.5,4.3,14,0,1,77.1,0,73.6,Low,67.47,1,82.34,71.89
STU05212,22,Male,Civil,7,7.86,85.8,71.0,67.5,63.9,83.0,3.4,8,0,1,72.2,0,72.4,Low,71.35,0,75.88,77.5
STU05213,20,Male,Computer Science,5,7.16,91.7,79.4,61.7,59.3,83.5,3.6,5,2,2,75.6,2,64.0,Medium,70.98,0,72.24,76.38
STU05214,20,Male,Computer Science,5,5.88,64.4,55.7,60.4,34.2,53.8,3.2,24,2,3,45.0,0,62.8,Medium,51.03,2,58.0,57.09
STU05215,22,Male,Electronics,8,6.71,62.5,52.7,66.7,68.1,67.2,1.2,25,0,3,49.6,0,66.7,Low,63.68,2,55.84,64.58
STU05216,21,Male,Computer Science,8,6.08,62.7,45.3,55.9,46.1,61.7,1.7,22,2,1,45.9,4,53.9,Medium,52.25,2,50.86,57.86
STU05217,20,Female,Mechanical,5,6.59,93.0,69.9,65.1,55.4,66.3,2.6,4,0,0,78.5,2,59.3,Medium,64.18,0,74.4,71.98
STU05218,19,Male,Electrical,4,9.02,96.1,99.4,88.4,87.7,83.6,5.1,3,0,0,70.7,0,98.3,Low,89.78,0,83.78,91.5
STU05219,21,Female,Civil,6,8.07,81.8,61.1,69.7,70.4,78.0,2.4,11,2,4,64.3,1,74.7,Low,69.8,0,61.72,76.62
STU05220,20,Male,Mechanical,3,7.67,60.1,65.6,72.6,73.1,79.2,2.1,27,0,4,55.4,1,67.8,Low,72.62,2,62.66,70.92
STU05221,19,Male,Electronics,4,7.15,71.5,85.6,76.1,82.7,48.7,4.2,17,1,3,83.5,1,73.5,Low,73.27,1,81.4,72.21
STU05222,21,Female,Computer Science,7,5.17,72.6,50.5,45.0,43.2,68.0,3.0,18,1,3,70.6,3,46.8,High,51.68,1,70.24,56.92
STU05223,22,Female,Civil,8,8.37,72.5,73.0,68.6,65.8,54.9,2.5,18,2,2,54.0,0,70.0,Low,65.57,1,58.1,73.65
STU05224,19,Female,Electronics,4,6.89,58.6,51.1,59.3,63.1,59.4,1.3,27,1,1,32.9,0,57.1,Medium,58.22,2,46.66,62.06
STU05225,19,Male,Electronics,4,8.77,100.0,91.5,83.8,74.9,78.6,4.8,0,0,1,77.2,0,100.0,Low,82.2,0,84.88,88.57
STU05226,22,Male,Civil,8,6.67,84.8,87.6,78.1,59.8,69.0,4.7,10,1,3,60.2,0,67.6,Low,73.62,0,74.58,74.0
STU05227,20,Female,Electronics,3,6.83,90.1,75.0,66.4,60.0,71.7,3.2,7,3,3,80.5,0,67.6,Low,68.28,0,69.2,73.74
STU05228,19,Female,Computer Science,2,6.57,78.5,63.5,46.7,65.1,68.4,4.0,15,1,1,53.3,0,73.7,Low,60.92,1,68.32,66.99
STU05229,18,Female,Mechanical,2,6.8,83.5,65.4,58.6,72.3,83.5,3.0,11,2,4,68.3,1,63.9,Medium,69.95,0,66.32,72.66
STU05230,18,Male,Electronics,2,6.42,61.1,52.1,49.6,57.5,47.5,1.6,27,0,3,42.1,0,54.7,Medium,51.68,2,54.84,58.42
STU05231,21,Male,Civil,8,7.48,80.6,63.5,61.8,68.4,78.0,2.4,11,4,2,55.1,0,51.0,Medium,67.92,0,52.04,73.5
STU05232,19,Male,Computer Science,2,4.37,76.7,43.7,40.0,45.6,54.3,1.7,12,3,2,47.4,3,41.3,High,45.9,1,48.46,52.83
STU05233,19,Male,Electrical,4,5.32,57.4,31.5,50.7,49.5,49.0,0.6,23,2,2,47.9,1,34.9,High,45.18,2,46.16,51.04
STU05234,20,Male,Mechanical,6,8.83,82.3,74.7,75.9,78.3,94.1,5.0,10,0,2,76.8,0,98.2,Low,80.75,0,85.72,83.78
STU05235,21,Male,Computer Science,6,6.06,71.9,58.3,55.0,55.7,66.9,3.3,15,3,2,39.6,0,48.4,High,58.98,1,53.34,62.78
STU05236,21,Male,Computer Science,7,7.19,76.5,69.9,61.4,55.9,52.6,2.6,16,1,4,40.4,0,54.7,Medium,59.95,1,56.16,68.27
STU05237,22,Female,Management,8,6.05,76.7,50.0,41.0,43.9,57.4,1.1,21,2,5,56.4,0,43.6,High,48.08,1,52.06,59.58
STU05238,19,Female,Mechanical,4,6.31,75.0,63.4,63.9,57.4,59.7,2.5,14,1,1,61.9,0,60.4,Medium,61.1,1,64.26,65.27
STU05239,19,Female,Electrical,3,4.84,58.1,36.0,58.5,39.6,48.8,0.7,23,1,2,29.6,0,40.5,High,45.72,2,42.34,49.76
STU05240,19,Male,Management,2,6.63,84.3,59.9,59.2,56.0,66.5,2.4,10,0,1,56.1,1,61.6,Medium,60.4,0,64.44,68.44
STU05241,22,Male,Electronics,8,7.75,73.0,53.7,70.1,69.1,76.1,3.6,19,4,1,71.8,1,72.9,Low,67.25,1,64.72,72.28
STU05242,19,Female,Mechanical,4,6.15,50.3,66.8,50.1,51.5,45.9,0.6,32,1,3,48.1,3,35.0,High,53.58,2,49.24,55.53
STU05243,22,Male,Civil,8,8.53,79.4,74.2,71.3,81.9,73.0,3.5,14,1,2,59.5,0,79.4,Low,75.1,1,68.3,79.74
STU05244,20,Female,Electrical,4,8.47,78.9,71.9,69.4,73.5,70.0,3.5,13,1,0,67.0,0,69.7,Low,71.2,1,71.3,77.85
STU05245,22,Male,Electronics,7,7.66,67.7,75.2,70.5,72.0,76.3,3.6,18,2,0,59.4,0,60.6,Medium,73.5,1,65.76,73.13
STU05246,20,Female,Management,6,6.75,54.6,70.5,40.6,37.5,56.4,0.3,27,1,4,36.4,1,47.9,High,51.25,2,43.06,57.78
STU05247,20,Male,Mechanical,6,10.0,100.0,93.8,100.0,100.0,100.0,6.4,0,0,2,95.3,0,100.0,Low,98.45,0,98.12,99.38
STU05248,21,Female,Management,6,7.11,74.7,59.4,58.6,62.5,71.0,2.7,14,0,4,48.4,0,64.9,Medium,62.88,1,62.86,68.71
STU05249,20,Female,Computer Science,4,6.41,80.1,83.1,68.7,58.8,75.1,3.2,12,2,0,58.1,4,66.9,Low,71.43,0,63.24,71.03
STU05250,19,Male,Mechanical,2,5.77,58.7,44.9,54.6,56.3,58.2,0.9,23,4,2,62.1,2,40.3,High,53.5,2,47.34,56.27
STU05251,18,Female,Computer Science,2,5.99,80.5,71.7,62.4,48.5,57.0,2.0,11,3,4,47.8,0,57.3,Medium,59.9,0,50.12,65.05
STU05252,20,Female,Management,4,8.41,92.6,84.7,75.4,84.8,83.1,4.5,5,0,4,94.3,0,97.0,Low,82.0,0,90.22,85.38
STU05253,22,Female,Computer Science,8,8.57,91.5,86.4,85.0,79.2,79.7,4.3,5,0,4,76.7,0,96.5,Low,82.58,0,82.18,85.9
STU05254,21,Male,Civil,6,8.94,97.6,75.5,81.2,80.3,91.3,5.0,1,1,2,79.5,0,86.4,Low,82.08,0,83.8,88.52
STU05255,20,Male,Computer Science,6,8.41,85.2,92.7,67.1,71.2,82.0,3.4,9,1,2,72.4,1,71.1,Low,78.25,0,72.96,82.04
STU05256,20,Female,Computer Science,3,5.71,82.8,55.8,67.2,36.6,59.9,3.7,10,3,3,63.6,0,59.9,Medium,54.88,0,64.94,62.64
STU05257,20,Female,Electronics,5,6.58,66.9,53.1,51.4,58.2,62.6,1.4,22,3,5,58.0,0,50.1,Medium,56.32,1,51.2,62.28
STU05258,20,Female,Electrical,4,4.55,69.5,57.7,51.4,51.9,45.4,2.2,17,3,3,47.3,1,41.1,High,51.6,1,50.92,53.94
STU05259,19,Male,Computer Science,2,5.46,66.5,47.9,57.5,40.4,52.4,2.8,21,0,1,52.7,0,46.7,High,49.55,1,65.08,55.56
STU05260,20,Female,Electrical,6,7.57,92.0,79.1,73.4,95.6,59.4,3.8,5,0,0,68.9,0,75.9,Low,76.88,0,76.56,80.24
STU05261,19,Female,Electrical,4,7.04,74.0,58.0,60.2,65.2,74.8,1.9,14,2,3,53.2,0,63.5,Medium,64.55,1,54.78,68.96
STU05262,20,Female,Management,4,8.47,85.4,76.1,68.3,62.5,92.2,3.4,9,1,2,68.8,0,77.6,Low,74.77,0,71.52,80.9
STU05263,20,Female,Civil,6,6.96,76.7,67.3,57.1,62.8,69.4,4.1,12,0,1,71.6,1,73.2,Low,64.15,1,79.14,69.19
STU05264,18,Male,Civil,2,7.54,87.3,72.6,73.9,55.4,80.4,4.3,7,1,0,65.7,0,83.2,Low,70.58,0,74.78,76.45
STU05265,21,Female,Mechanical,8,5.71,65.0,50.5,52.1,56.1,62.5,2.8,23,1,1,38.2,1,53.2,Medium,55.3,1,56.28,58.36
STU05266,19,Female,Computer Science,3,6.81,82.3,76.9,62.8,74.7,64.0,2.7,10,1,5,57.9,0,81.8,Low,69.6,0,63.66,72.25
STU05267,21,Male,Mechanical,6,4.99,51.5,40.0,49.4,41.9,45.6,0.2,31,3,0,30.2,0,36.6,High,44.22,2,34.08,48.03
STU05268,22,Male,Electrical,7,4.46,62.6,37.7,33.0,22.7,46.4,1.0,26,4,5,44.0,2,26.7,High,34.95,2,40.6,45.24
STU05269,19,Female,Computer Science,3,7.39,66.2,59.7,61.8,53.3,61.9,1.6,21,2,4,34.9,0,68.6,Low,59.18,1,45.96,66.08
STU05270,19,Male,Computer Science,3,6.59,79.3,73.1,70.0,59.7,67.0,2.6,13,0,0,67.2,2,55.9,Medium,67.45,1,69.88,69.87
STU05271,19,Male,Mechanical,4,7.99,85.2,71.1,65.2,69.0,76.6,3.2,8,1,1,81.7,0,93.7,Low,70.47,0,75.68,77.46
STU05272,22,Female,Electrical,7,8.22,94.7,82.5,82.3,70.1,76.1,4.2,3,1,2,68.1,0,100.0,Low,77.75,0,75.24,83.54
STU05273,20,Female,Electronics,6,6.23,79.2,50.1,57.7,42.1,64.0,2.0,14,2,3,61.9,1,59.1,Medium,53.48,1,58.76,63.0
STU05274,20,Female,Management,5,7.25,79.8,65.6,65.2,80.0,81.7,1.9,13,2,4,63.1,1,66.1,Low,73.12,1,58.74,74.58
STU05275,21,Male,Electronics,7,6.18,62.0,67.3,62.3,47.8,48.1,2.5,22,0,5,46.0,0,63.5,Medium,56.37,2,60.9,59.68
STU05276,20,Male,Mechanical,5,5.66,85.4,44.3,50.5,49.6,46.8,2.2,8,1,3,58.9,1,62.1,Medium,47.8,0,61.56,60.28
STU05277,21,Male,Management,8,7.66,99.3,71.8,68.8,72.4,70.2,4.1,0,0,1,69.6,0,76.3,Low,70.8,0,78.34,79.96
STU05278,22,Male,Electronics,7,6.81,94.9,65.9,44.5,50.5,65.8,2.5,3,1,0,62.2,0,72.9,Low,56.68,0,64.38,70.23
STU05279,20,Female,Mechanical,3,6.19,76.2,67.3,45.4,56.2,64.6,3.0,14,1,3,63.9,1,61.2,Medium,58.37,1,67.56,64.06
STU05280,20,Male,Management,4,10.0,100.0,99.5,61.8,81.2,91.9,4.7,0,0,1,78.5,1,95.0,Low,83.6,0,84.9,93.44
STU05281,19,Male,Computer Science,2,4.71,69.2,40.1,51.0,52.0,55.1,2.9,21,2,2,51.5,0,49.0,High,49.55,1,59.1,53.6
STU05282,19,Female,Computer Science,3,7.37,70.9,76.4,74.6,55.9,67.8,3.1,19,1,3,59.9,0,68.5,Low,68.68,1,66.46,70.99
STU05283,18,Male,Management,2,5.59,65.4,60.7,71.4,50.3,68.4,1.4,20,2,2,43.0,0,42.4,High,62.7,1,48.2,61.0
STU05284,19,Male,Mechanical,2,8.02,75.4,65.1,64.4,63.4,63.0,3.3,14,2,3,59.2,0,79.3,Low,63.98,1,64.18,72.51
STU05285,19,Male,Management,2,7.55,67.8,57.0,63.6,55.6,75.7,2.8,22,6,3,69.6,0,64.9,Medium,62.97,1,53.84,68.56
STU05286,20,Male,Management,6,6.93,61.0,57.6,61.8,69.0,78.5,2.7,25,2,4,49.2,0,66.8,Low,66.72,2,57.18,66.19
STU05287,19,Male,Mechanical,4,6.94,86.1,72.4,55.0,48.2,56.2,2.5,8,0,1,70.5,1,68.7,Low,57.95,0,70.7,69.0
STU05288,20,Other,Mechanical,5,6.19,80.8,63.6,54.4,38.1,51.5,3.5,12,3,1,51.2,0,56.5,Medium,51.9,0,58.98,62.62
STU05289,21,Female,Mechanical,7,8.75,100.0,81.8,75.8,80.2,84.7,6.1,0,0,1,92.8,0,100.0,Low,80.62,0,97.12,87.88
STU05290,22,Female,Computer Science,7,7.9,74.5,62.7,81.6,69.7,77.0,2.9,15,3,2,60.3,0,88.2,Low,72.75,1,59.62,75.38
STU05291,20,Female,Electronics,5,8.22,96.9,87.7,82.2,74.4,82.9,4.4,2,0,3,87.2,0,81.5,Low,81.8,0,86.88,85.72
STU05292,21,Male,Electrical,5,5.01,65.7,47.2,52.8,49.9,37.1,2.0,21,1,7,33.5,1,44.8,High,46.75,1,50.4,52.66
STU05293,21,Female,Management,6,6.87,65.4,59.1,50.5,62.4,52.0,1.6,22,2,5,56.8,0,61.1,Medium,56.0,1,54.72,62.8
STU05294,20,Male,Management,4,9.23,82.4,80.9,85.1,94.4,79.8,4.0,11,0,2,72.2,0,88.0,Low,85.05,0,78.88,86.93
STU05295,20,Male,Management,5,7.84,89.0,71.0,72.5,55.9,79.2,5.7,6,1,3,79.6,0,77.7,Low,69.65,0,87.34,77.55
STU05296,19,Male,Computer Science,4,8.22,89.6,73.6,93.8,88.3,78.2,3.5,7,1,0,82.4,0,100.0,Low,83.48,0,77.46,84.56
STU05297,19,Male,Mechanical,3,7.42,70.4,47.7,54.4,47.7,62.3,2.7,17,1,3,48.7,0,53.2,Medium,53.03,1,59.98,64.78
STU05298,19,Male,Computer Science,3,5.97,60.7,56.0,56.9,45.0,64.4,3.7,26,0,5,63.7,0,74.1,Low,55.58,2,73.98,58.3
STU05299,20,Male,Mechanical,6,7.2,66.2,49.2,71.0,42.7,71.5,2.8,21,1,0,57.3,0,72.1,Low,58.6,1,63.92,65.19
STU05300,21,Male,Management,7,7.83,89.2,80.2,69.9,66.7,69.5,4.7,6,0,2,62.5,0,84.9,Low,71.58,0,78.5,78.33
STU05301,19,Male,Management,4,6.6,80.8,60.5,61.9,47.4,67.2,3.0,12,0,2,77.7,0,71.8,Low,59.25,0,76.08,67.0
STU05302,19,Male,Management,2,6.27,82.2,65.7,63.9,49.1,79.5,3.0,12,0,0,63.2,1,72.3,Low,64.55,0,70.28,68.32
STU05303,20,Female,Electronics,6,8.18,88.9,76.4,70.5,76.2,72.4,4.4,7,1,1,71.5,0,86.9,Low,73.88,0,77.6,80.4
STU05304,21,Male,Mechanical,8,7.02,49.8,52.4,56.8,78.2,57.8,1.1,31,0,2,44.1,0,66.6,Low,61.3,2,53.14,61.54
STU05305,21,Female,Electronics,5,8.92,76.3,61.7,71.7,66.5,73.3,2.4,15,1,3,48.5,0,72.1,Low,68.3,1,58.4,77.61
STU05306,18,Male,Mechanical,2,8.67,100.0,85.3,79.7,84.5,77.3,5.1,0,0,2,59.5,0,94.0,Low,81.7,0,79.3,88.02
STU05307,18,Male,Electronics,2,6.85,70.7,77.8,49.7,55.7,58.8,3.2,17,1,5,53.3,1,55.7,Medium,60.5,1,64.32,65.85
STU05308,20,Female,Electrical,5,6.09,70.6,66.1,61.8,46.2,59.9,1.8,17,5,3,59.5,1,58.8,Medium,58.5,1,47.8,62.36
STU05309,21,Female,Mechanical,8,7.6,72.7,78.5,75.5,64.1,70.5,3.3,16,1,3,50.2,0,71.0,Low,72.15,1,63.58,73.64
STU05310,19,Male,Civil,2,7.34,88.0,69.0,68.1,85.5,84.2,3.5,8,1,1,57.0,0,72.4,Low,76.7,0,67.3,78.37
STU05311,22,Female,Management,7,6.32,69.7,59.7,47.1,49.9,56.7,1.7,19,0,1,46.4,2,59.3,Medium,53.35,1,57.06,60.89
STU05312,21,Female,Electronics,7,5.67,88.0,59.6,57.4,47.8,63.0,3.1,7,0,2,67.5,0,59.2,Medium,56.95,0,72.5,64.62
STU05313,19,Male,Civil,2,6.85,76.2,75.8,78.2,58.1,76.9,1.8,15,0,1,43.1,1,77.7,Low,72.25,1,56.24,71.92
STU05314,20,Female,Electrical,3,6.34,73.6,72.2,69.1,59.0,75.8,2.2,18,1,3,63.7,1,69.4,Low,69.03,1,63.48,68.2
STU05315,19,Male,Management,2,6.56,60.0,55.7,64.9,49.5,59.4,1.1,27,1,2,41.8,1,62.8,Medium,57.38,2,49.22,60.91
STU05316,21,Female,Computer Science,5,8.0,81.9,57.8,70.2,88.0,76.9,3.5,10,0,3,74.9,0,79.4,Low,73.22,0,77.46,77.76
STU05317,19,Male,Civil,3,6.87,45.1,47.2,61.2,61.6,53.1,1.7,32,1,6,40.2,0,57.4,Medium,55.78,2,51.58,57.63
STU05318,21,Female,Electronics,8,7.44,76.2,70.7,67.4,71.4,71.4,2.1,14,0,2,42.1,0,78.3,Low,70.23,1,57.34,73.18
STU05319,18,Female,Electronics,2,4.95,60.7,46.0,34.4,36.1,61.8,0.8,22,4,1,50.6,1,20.3,High,44.58,2,42.24,50.33
STU05320,20,Female,Computer Science,6,7.66,100.0,83.1,77.6,82.6,92.7,4.4,0,0,0,80.7,0,78.3,Low,84.0,0,84.28,85.41
STU05321,22,Male,Mechanical,7,7.06,67.0,63.9,53.8,61.4,63.0,0.7,22,2,4,53.0,1,58.0,Medium,60.52,1,48.7,65.67
STU05322,19,Female,Electronics,3,4.81,63.4,53.3,34.1,32.8,51.4,1.6,25,4,2,41.9,3,23.7,High,42.9,2,42.76,49.84
STU05323,19,Male,Civil,3,5.52,78.4,56.7,52.6,54.1,59.0,2.2,13,3,1,48.6,1,52.5,Medium,55.6,1,51.44,61.16
STU05324,22,Male,Electronics,7,7.52,93.0,75.1,58.9,62.8,65.1,4.2,4,1,1,70.6,0,75.3,Low,65.47,0,76.24,75.76
STU05325,18,Male,Computer Science,2,7.25,85.1,78.8,63.0,70.5,66.8,1.9,10,1,2,56.9,0,70.3,Low,69.78,0,59.26,74.56
STU05326,21,Female,Electrical,5,8.93,90.1,93.9,65.9,84.3,86.6,5.3,6,1,0,74.1,0,97.4,Low,82.68,0,83.14,86.85
STU05327,19,Female,Computer Science,3,9.07,97.7,76.4,74.2,85.2,86.9,3.7,2,2,2,67.6,0,82.3,Low,80.68,0,69.54,88.44
STU05328,18,Female,Computer Science,2,6.79,70.1,58.1,63.6,56.1,58.2,1.0,19,2,2,35.8,0,57.1,Medium,59.0,1,43.32,64.89
STU05329,20,Male,Computer Science,5,7.99,80.4,76.1,67.9,44.9,75.7,2.9,13,1,2,66.6,0,68.1,Low,66.15,0,68.14,74.53
STU05330,21,Female,Electronics,5,7.43,69.0,66.3,69.2,65.0,50.7,2.8,19,0,2,54.0,0,72.6,Low,62.8,1,65.6,68.38
STU05331,19,Female,Mechanical,4,7.23,84.4,72.2,72.9,62.8,76.4,3.2,9,1,2,57.7,0,81.0,Low,71.08,0,66.08,74.84
STU05332,21,Female,Electrical,7,6.54,67.0,46.4,57.7,59.2,57.6,2.1,19,1,2,36.5,0,73.6,Low,55.22,1,52.1,61.73
STU05333,19,Female,Civil,2,6.71,87.3,68.3,62.4,69.9,66.7,4.8,8,0,1,54.6,0,90.8,Low,66.82,0,75.84,72.04
STU05334,21,Male,Computer Science,5,8.53,97.3,75.1,75.5,90.7,84.6,4.5,1,0,3,88.0,0,95.2,Low,81.47,0,87.7,86.77
STU05335,20,Female,Computer Science,3,8.29,78.6,64.7,88.2,61.6,85.5,3.3,14,1,1,64.2,0,76.2,Low,75.0,1,69.18,78.66
STU05336,22,Female,Electrical,7,5.52,76.7,47.2,38.8,35.0,50.2,2.0,26,2,2,41.2,0,43.1,High,42.8,1,50.48,55.61
STU05337,21,Female,Computer Science,5,7.69,65.6,72.0,61.8,58.9,74.8,2.7,23,1,3,68.3,0,70.7,Low,66.88,1,67.82,70.06
STU05338,21,Male,Computer Science,6,8.01,100.0,78.3,73.8,70.6,78.9,4.4,0,0,1,100.0,1,83.8,Low,75.4,0,92.0,83.2
STU05339,19,Male,Computer Science,2,7.41,69.6,51.7,61.8,52.1,83.6,2.9,20,1,4,53.4,1,71.5,Low,62.3,1,62.86,68.26
STU05340,20,Male,Electrical,5,8.56,98.0,76.2,75.8,92.0,67.4,3.9,1,0,3,64.7,0,90.2,Low,77.85,0,75.38,85.6
STU05341,18,Male,Civil,2,5.8,69.2,63.6,58.4,65.9,63.7,2.6,19,2,2,43.6,1,65.8,Low,62.9,1,54.44,62.76
STU05342,19,Male,Electronics,4,7.24,64.4,68.9,56.5,56.1,74.7,2.4,22,1,1,59.5,0,59.6,Medium,64.05,2,62.8,67.06
STU05343,22,Female,Computer Science,8,7.51,73.3,52.8,56.6,56.4,60.9,2.6,17,1,2,31.3,0,59.3,Medium,56.68,1,52.52,67.28
STU05344,22,Male,Electrical,7,4.67,67.6,41.9,29.5,32.3,62.5,2.9,19,3,2,60.5,3,46.1,High,41.55,1,59.7,49.86
STU05345,18,Male,Computer Science,2,5.8,77.2,74.0,65.8,61.7,55.0,5.0,15,2,0,67.5,1,73.8,Low,64.12,1,76.0,65.25
STU05346,19,Male,Mechanical,4,5.94,80.2,65.2,58.3,46.9,63.8,1.7,11,2,1,57.1,1,57.5,Medium,58.55,0,55.34,64.26
STU05347,21,Male,Electrical,8,4.53,66.5,45.6,51.1,29.9,51.8,1.6,20,2,4,31.0,2,42.9,High,44.6,1,44.4,50.32
STU05348,20,Male,Computer Science,3,8.01,84.1,64.8,71.5,71.6,76.5,2.9,10,2,2,78.2,0,77.7,Low,71.1,0,69.78,77.5
STU05349,22,Female,Electronics,7,7.06,91.4,75.2,75.8,79.3,63.9,4.1,5,1,0,64.1,0,82.4,Low,73.55,0,73.14,76.98
STU05350,20,Other,Civil,4,7.22,76.4,58.1,64.1,46.9,64.5,3.0,13,0,0,73.4,1,55.2,Medium,58.4,1,74.36,67.73
STU05351,21,Male,Civil,5,6.56,75.3,62.2,55.7,60.8,59.6,2.5,17,1,2,51.1,0,52.1,Medium,59.58,1,59.94,65.61
STU05352,22,Male,Mechanical,8,8.0,92.7,82.2,90.0,75.4,82.9,4.5,5,0,0,80.6,0,81.8,Low,82.62,0,84.74,84.22
STU05353,20,Female,Electronics,6,8.18,78.3,82.2,71.6,65.3,78.0,2.3,12,3,2,45.6,1,72.5,Low,74.28,1,50.74,77.92
STU05354,20,Male,Electronics,3,6.13,79.3,66.0,54.8,60.0,68.5,3.3,12,1,1,76.2,0,74.2,Low,62.32,1,73.98,66.21
STU05355,18,Female,Mechanical,2,6.54,59.8,72.3,68.7,57.2,64.3,2.2,24,1,3,33.9,1,58.6,Medium,65.62,2,51.56,64.09
STU05356,20,Female,Electronics,3,9.02,86.3,78.0,78.3,56.0,87.3,4.2,8,0,1,78.4,0,75.7,Low,74.9,0,82.36,83.1
STU05357,19,Female,Computer Science,4,5.36,71.4,50.4,59.3,35.8,65.3,3.6,17,1,2,67.5,2,46.7,High,52.7,1,72.0,57.69
STU05358,19,Male,Electronics,2,6.93,77.6,54.7,44.1,54.3,47.9,2.4,13,1,2,39.8,1,55.5,Medium,50.25,1,54.92,63.76
STU05359,21,Female,Mechanical,8,5.7,55.0,48.3,49.3,61.7,63.3,2.3,26,1,3,54.2,1,49.1,High,55.65,2,60.18,55.96
STU05360,18,Female,Electronics,2,5.91,65.0,54.8,48.8,47.6,61.2,0.6,20,2,4,53.3,0,42.9,High,53.1,1,48.32,58.18
STU05361,20,Male,Mechanical,5,5.71,65.0,58.7,38.7,49.8,58.7,1.3,24,4,2,55.0,0,49.6,High,51.47,1,46.5,56.82
STU05362,22,Male,Civil,8,7.98,67.7,57.8,67.3,54.4,68.9,4.2,21,1,1,71.1,0,66.2,Low,62.1,1,76.44,69.7
STU05363,20,Male,Management,4,7.87,70.3,81.5,74.1,78.8,68.9,3.4,17,2,3,64.7,0,93.5,Low,75.82,1,66.88,75.45
STU05364,20,Male,Mechanical,5,7.0,74.3,74.4,43.1,46.9,52.4,2.5,16,3,1,59.6,0,64.0,Medium,54.2,1,57.34,64.76
STU05365,19,Female,Civil,2,6.98,67.8,45.6,51.9,66.6,67.8,1.2,20,3,1,38.4,1,50.0,Medium,57.97,1,42.36,64.57
STU05366,22,Male,Computer Science,7,8.2,84.8,87.7,92.9,80.1,87.6,3.5,10,0,0,69.2,1,88.0,Low,87.08,0,75.18,84.73
STU05367,22,Male,Electrical,8,6.45,56.4,65.7,58.0,39.4,56.4,1.9,27,1,2,43.0,1,60.9,Medium,54.88,2,53.7,58.63
STU05368,22,Male,Mechanical,7,8.67,81.3,67.6,75.0,91.6,86.7,4.0,13,1,4,87.0,1,92.2,Low,80.22,0,81.8,82.76
STU05369,19,Female,Management,3,6.14,65.3,59.4,53.7,47.7,72.3,1.6,20,2,2,54.6,0,59.0,Medium,58.28,1,53.84,61.12
STU05370,20,Female,Management,4,8.55,77.3,66.5,81.9,79.2,62.5,2.0,13,1,2,59.1,0,74.4,Low,72.53,1,60.64,78.26
STU05371,21,Female,Computer Science,7,7.1,74.5,74.5,51.0,54.7,71.8,2.9,16,2,3,59.9,0,72.0,Low,63.0,1,62.46,68.68
STU05372,21,Female,Management,7,6.82,73.9,59.3,65.5,62.5,63.3,2.8,16,2,1,57.0,0,59.9,Medium,62.65,1,60.8,67.4
STU05373,19,Male,Civil,4,6.16,54.1,53.5,40.4,62.7,63.0,1.3,28,3,4,40.1,0,59.7,Medium,54.9,2,43.54,57.04
STU05374,21,Female,Civil,8,6.21,80.3,71.1,73.7,51.3,70.6,2.6,13,1,5,75.1,0,82.7,Low,66.68,0,70.04,68.48
STU05375,19,Male,Mechanical,3,6.32,86.3,75.1,66.3,50.1,71.9,2.8,8,2,3,56.3,1,65.8,Low,65.85,0,60.52,70.04
STU05376,22,Male,Electronics,7,7.47,65.7,58.1,46.2,53.4,51.3,0.2,21,1,1,51.0,0,59.8,Medium,52.25,1,48.4,63.47
STU05377,20,Female,Electrical,5,6.82,69.5,58.4,55.8,57.0,73.5,2.2,19,1,4,45.9,0,53.5,Medium,61.18,1,56.36,65.72
STU05378,21,Female,Computer Science,6,6.99,77.7,67.6,65.6,75.1,67.1,4.0,14,1,0,65.6,1,79.1,Low,68.85,1,73.24,71.43
STU05379,21,Female,Mechanical,6,6.22,75.4,63.5,39.8,62.6,60.7,2.0,14,1,1,64.6,1,61.0,Medium,56.65,1,62.84,63.28
STU05380,20,Female,Computer Science,5,8.47,100.0,74.7,79.2,87.2,72.0,3.7,0,0,1,98.2,1,78.3,Low,78.28,0,87.78,85.96
STU05381,21,Male,Computer Science,7,7.58,68.9,70.1,74.6,63.1,71.9,4.0,18,1,3,65.2,0,77.7,Low,69.92,1,73.08,71.72
STU05382,22,Male,Civil,7,6.03,71.7,57.4,40.8,62.6,65.6,3.1,16,2,1,50.7,0,61.1,Medium,56.6,1,59.78,61.67
STU05383,22,Female,Electrical,7,7.31,84.5,59.1,65.9,63.7,68.2,3.7,10,2,2,49.3,0,67.4,Low,64.22,0,62.22,72.4
STU05384,19,Female,Management,2,7.85,85.3,58.5,67.1,68.8,68.4,4.2,9,0,3,72.6,1,73.1,Low,65.7,0,80.04,75.08
STU05385,20,Female,Civil,4,7.8,75.6,65.6,78.8,68.3,63.5,2.5,17,2,4,59.5,1,73.6,Low,69.05,1,60.3,73.82
STU05386,22,Female,Civil,7,7.12,85.7,76.5,67.7,78.2,76.0,2.6,8,0,1,54.4,0,68.2,Low,74.6,0,64.76,76.18
STU05387,21,Male,Management,8,5.2,75.1,49.8,46.0,43.8,52.8,4.2,15,0,1,62.0,1,61.7,Medium,48.1,1,75.8,56.22
STU05388,20,Male,Mechanical,4,6.07,68.5,62.3,46.2,59.0,67.0,1.6,18,1,5,53.2,1,61.0,Medium,58.62,1,56.28,61.82
STU05389,22,Male,Civil,7,6.29,85.2,60.4,54.4,49.3,78.2,4.0,9,0,1,86.4,0,64.2,Medium,60.58,0,84.56,67.54
STU05390,21,Female,Management,5,6.53,75.9,53.5,55.6,47.2,79.0,1.7,16,1,4,56.0,0,55.2,Medium,58.82,1,57.9,65.36
STU05391,19,Female,Electrical,3,8.71,83.0,82.3,88.0,76.9,73.7,3.4,11,0,0,72.9,0,96.3,Low,80.23,0,76.16,83.32
STU05392,22,Female,Electrical,8,5.09,53.2,54.4,38.2,53.1,53.1,1.3,31,1,1,34.9,4,42.1,High,49.7,2,47.46,50.99
STU05393,21,Female,Mechanical,5,4.52,60.1,59.3,29.6,28.6,48.0,2.6,26,2,1,45.5,2,33.9,High,41.38,2,55.2,47.4
STU05394,20,Female,Mechanical,6,6.41,74.9,55.4,45.5,54.5,65.1,1.9,17,3,2,56.9,2,45.1,High,55.12,1,53.26,63.21
STU05395,20,Male,Civil,4,7.19,74.7,69.3,53.9,71.1,74.3,2.4,14,1,3,58.1,0,70.5,Low,67.15,1,62.24,70.7
STU05396,19,Male,Civil,2,7.72,79.2,74.4,71.8,66.5,71.3,3.9,13,0,1,73.3,0,78.2,Low,71.0,1,78.82,75.22
STU05397,20,Male,Mechanical,5,7.22,88.2,90.0,73.4,62.7,67.7,3.1,8,1,3,76.1,0,79.8,Low,73.45,0,72.94,76.7
STU05398,22,Female,Computer Science,7,8.12,72.3,70.2,78.0,62.5,71.8,3.6,16,2,3,55.3,0,74.2,Low,70.62,1,64.12,74.74
STU05399,20,Male,Computer Science,4,5.66,60.7,53.5,36.6,45.2,44.2,1.5,22,3,3,47.8,0,31.0,High,44.88,2,47.62,52.94
STU05400,22,Female,Mechanical,8,7.77,73.6,72.7,69.8,65.7,78.1,2.7,16,1,2,87.5,0,81.8,Low,71.57,1,75.5,74.22
STU05401,21,Male,Computer Science,7,5.72,67.2,50.8,49.7,30.0,59.9,2.2,22,0,3,37.4,0,51.5,Medium,47.6,1,55.96,55.86
STU05402,21,Female,Electronics,6,7.64,91.0,91.5,74.1,75.5,76.0,3.4,6,0,1,73.4,0,87.8,Low,79.28,0,76.36,81.2
STU05403,22,Male,Computer Science,7,5.32,69.9,54.5,43.5,32.6,52.5,3.2,19,2,3,53.4,1,53.1,Medium,45.78,1,61.36,54.4
STU05404,22,Female,Computer Science,8,6.56,68.9,65.4,73.4,57.9,70.6,1.6,21,1,1,60.5,0,74.1,Low,66.82,1,59.2,66.91
STU05405,22,Male,Electrical,7,6.84,76.7,74.8,63.8,53.9,77.4,3.4,10,0,1,57.4,0,82.9,Low,67.47,1,69.96,70.1
STU05406,21,Female,Mechanical,7,8.07,82.3,68.6,73.0,69.2,70.9,2.9,12,2,2,55.0,0,83.1,Low,70.43,0,60.5,76.99
STU05407,20,Female,Electrical,6,5.38,61.3,39.0,31.4,34.9,45.8,1.7,22,2,2,28.1,1,32.8,High,37.78,2,43.74,49.26
STU05408,21,Male,Computer Science,8,6.51,71.4,54.7,51.4,58.5,56.1,1.0,19,3,0,51.0,0,51.1,Medium,55.18,1,46.4,62.7
STU05409,19,Female,Electronics,2,6.06,72.1,66.6,45.5,61.5,83.8,5.0,16,3,2,59.4,0,68.4,Low,64.35,1,69.76,64.97
STU05410,19,Female,Computer Science,4,7.62,75.5,73.2,59.5,66.5,65.8,3.1,15,0,3,71.7,0,76.3,Low,66.25,1,74.18,72.04
STU05411,22,Male,Computer Science,8,7.45,62.2,56.9,77.1,63.9,66.2,1.6,26,4,3,59.6,1,53.7,Medium,66.03,2,49.84,68.04
STU05412,21,Female,Computer Science,5,8.99,88.2,93.0,81.5,75.1,83.2,4.5,7,1,1,63.4,1,86.0,Low,83.2,0,74.86,86.8
STU05413,19,Female,Mechanical,2,6.26,68.1,57.7,51.0,58.7,56.0,2.2,18,2,3,54.5,0,54.1,Medium,55.85,1,56.8,61.28
STU05414,22,Female,Computer Science,7,7.59,73.0,68.4,62.3,58.9,64.2,2.1,17,0,2,58.2,0,69.2,Low,63.45,1,63.78,70.2
STU05415,21,Female,Electrical,6,7.51,90.8,78.8,80.7,68.7,70.1,2.2,5,0,3,80.2,0,77.5,Low,74.57,0,73.08,78.82
STU05416,21,Female,Mechanical,8,5.83,74.2,53.2,42.8,43.8,54.9,2.7,16,1,1,55.9,2,48.1,High,48.68,1,62.86,58.42
STU05417,19,Male,Computer Science,2,6.51,70.8,54.2,45.4,52.7,62.8,1.1,17,1,4,48.7,1,50.5,Medium,53.78,1,51.98,62.0
STU05418,19,Male,Electrical,3,7.24,73.7,70.2,71.9,79.7,64.7,3.3,16,2,5,75.8,0,83.8,Low,71.62,1,70.82,72.42
STU05419,21,Male,Mechanical,5,6.75,63.6,54.4,52.4,59.8,67.7,3.0,24,3,3,59.5,0,60.3,Medium,58.58,2,59.8,62.96
STU05420,20,Female,Electronics,3,6.84,86.0,65.1,46.5,41.4,53.1,4.0,9,3,1,81.1,0,67.5,Low,51.52,0,73.44,66.05
STU05421,20,Male,Mechanical,5,8.41,93.8,91.7,65.8,76.9,72.9,3.7,4,0,0,65.4,1,72.8,Low,76.82,0,74.66,83.62
STU05422,19,Male,Civil,4,5.34,66.7,63.4,48.7,52.6,50.9,2.1,23,2,1,31.7,0,37.2,High,53.9,1,47.18,56.92
STU05423,20,Female,Mechanical,3,6.78,91.4,81.0,66.6,57.9,82.4,3.7,5,0,0,76.4,0,71.1,Low,71.97,0,79.06,75.37
STU05424,21,Male,Management,7,7.09,64.6,64.9,47.2,65.2,47.0,1.2,21,1,3,48.7,0,48.9,High,56.08,2,52.48,63.4
STU05425,18,Male,Electronics,2,7.72,80.3,77.0,74.5,71.8,82.2,3.2,13,0,1,72.4,0,71.0,Low,76.38,0,74.96,77.64
STU05426,21,Female,Electronics,8,6.27,83.4,61.2,51.1,55.8,70.5,4.1,9,1,1,67.7,0,58.8,Medium,59.65,0,74.58,66.66
STU05427,19,Female,Electrical,3,6.13,62.7,66.1,37.5,57.9,45.1,1.5,26,1,2,46.6,0,56.0,Medium,51.65,2,53.14,57.79
STU05428,21,Female,Civil,6,7.04,80.0,64.8,55.9,65.5,76.5,3.3,11,0,4,83.1,2,66.6,Low,65.68,0,79.74,70.91
STU05429,22,Male,Management,8,7.45,80.2,77.5,70.3,73.4,66.4,3.2,12,0,1,73.8,0,62.1,Medium,71.9,0,75.52,74.89
STU05430,19,Female,Electrical,2,9.25,93.7,85.6,83.1,91.3,93.8,4.7,4,0,1,84.5,0,100.0,Low,88.45,0,87.3,91.18
STU05431,21,Female,Mechanical,8,4.4,59.9,38.4,38.2,20.6,50.1,0.2,26,0,7,36.7,2,30.2,High,36.82,2,45.68,45.1
STU05432,20,Male,Civil,4,6.84,84.5,74.6,75.8,68.4,77.9,2.6,11,1,0,75.8,0,82.4,Low,74.18,0,70.32,74.74
STU05433,21,Male,Electronics,7,5.06,62.8,68.7,43.6,47.2,53.2,2.6,23,2,1,50.1,0,49.2,High,53.18,2,57.04,54.68
STU05434,21,Male,Computer Science,7,8.8,86.0,91.9,99.5,73.8,87.3,3.7,9,1,1,66.1,0,94.4,Low,88.12,0,71.94,87.55
STU05435,20,Female,Electronics,3,6.2,68.1,60.5,54.1,28.0,71.2,3.1,21,1,3,53.1,2,51.8,Medium,53.45,1,63.74,60.1
STU05436,19,Male,Electronics,4,6.24,98.7,69.3,59.5,61.5,67.8,3.4,1,0,3,65.0,0,66.6,Low,64.53,0,73.0,72.32
STU05437,21,Male,Civil,8,6.85,77.0,70.1,47.6,47.9,65.2,1.5,13,2,2,62.7,0,64.5,Medium,57.7,1,56.58,66.31
STU05438,19,Female,Civil,2,6.92,80.0,74.1,57.8,49.6,71.6,3.3,13,1,0,47.8,0,57.8,Medium,63.27,0,62.62,69.53
STU05439,19,Female,Management,2,7.36,78.0,61.6,67.2,57.2,55.1,4.4,14,2,1,60.1,0,83.0,Low,60.28,1,70.04,69.37
STU05440,20,Male,Computer Science,4,7.12,80.3,74.3,76.9,53.3,69.4,4.3,11,0,1,81.0,0,76.8,Low,68.47,0,83.9,72.39
STU05441,21,Female,Mechanical,6,7.21,80.1,61.7,59.4,65.4,77.7,3.1,13,2,0,65.3,1,57.9,Medium,66.05,0,65.62,71.68
STU05442,21,Female,Electronics,7,5.57,59.3,38.4,40.6,53.9,45.6,0.2,25,1,2,27.8,3,34.1,High,44.62,2,39.12,52.17
STU05443,21,Male,Mechanical,5,7.35,64.2,56.5,65.3,60.5,66.5,2.2,24,5,4,51.3,0,61.9,Medium,62.2,2,46.52,66.66
STU05444,21,Female,Computer Science,5,7.76,85.5,62.2,75.8,71.2,68.9,3.7,10,0,2,71.7,0,68.8,Low,69.53,0,77.18,76.34
STU05445,22,Male,Mechanical,8,7.61,77.2,57.8,76.6,68.6,70.1,2.7,15,3,1,56.7,0,72.8,Low,68.27,1,57.18,73.24
STU05446,20,Male,Civil,3,6.86,90.8,62.3,61.4,56.9,63.8,3.2,6,0,1,49.5,2,61.6,Medium,61.1,0,65.8,71.15
STU05447,22,Male,Electronics,8,5.38,77.5,61.8,61.8,42.6,47.3,2.4,14,0,5,53.8,3,55.2,Medium,53.38,1,63.52,59.56
STU05448,20,Male,Civil,4,5.54,74.3,55.2,67.2,63.1,72.7,1.9,16,2,3,54.9,1,57.8,Medium,64.55,1,55.46,63.78
STU05449,19,Male,Computer Science,3,7.28,60.5,57.1,70.4,58.5,61.8,2.1,23,0,4,47.7,0,69.9,Low,61.95,2,59.58,65.38
STU05450,21,Female,Electronics,8,6.94,64.8,66.3,63.2,60.6,64.1,3.5,24,1,3,40.1,1,61.4,Medium,63.55,2,60.54,65.91
STU05451,20,Male,Management,6,7.87,87.9,80.3,73.1,74.6,65.9,4.8,7,0,1,79.1,0,70.8,Low,73.47,0,85.64,78.91
STU05452,20,Male,Computer Science,5,5.62,59.3,65.1,61.6,51.7,52.5,0.9,24,2,4,46.5,0,52.5,Medium,57.72,2,47.1,57.58
STU05453,20,Female,Computer Science,4,8.5,80.6,81.5,77.6,81.0,84.2,3.2,13,1,0,57.0,0,77.0,Low,81.08,0,65.8,82.33
STU05454,20,Female,Management,5,5.22,55.1,43.8,52.3,44.4,60.8,1.9,25,2,3,36.2,3,29.1,High,50.32,2,47.98,52.18
STU05455,21,Male,Computer Science,7,7.24,85.6,63.5,54.8,52.9,69.5,4.2,10,1,1,69.3,1,64.6,Medium,60.18,0,75.72,70.81
STU05456,20,Male,Electronics,3,8.1,76.0,74.2,78.8,63.2,66.7,3.4,15,1,4,62.4,0,67.4,Low,70.72,1,68.96,75.64
STU05457,19,Male,Electronics,3,4.43,58.0,40.6,43.1,22.5,50.1,1.6,23,3,3,47.3,2,41.4,High,39.08,2,47.92,45.64
STU05458,20,Male,Civil,4,8.03,100.0,83.5,79.4,85.0,89.6,6.8,0,0,0,100.0,0,92.3,Low,84.38,0,100.0,86.85
STU05459,20,Female,Mechanical,5,6.94,79.8,63.0,70.8,80.7,65.7,3.0,14,1,2,74.7,0,76.3,Low,70.05,1,71.88,72.26
STU05460,21,Male,Civil,7,7.81,82.1,58.0,65.3,69.8,71.5,3.7,12,2,2,50.4,0,75.4,Low,66.15,0,62.66,74.32
STU05461,19,Male,Management,3,7.14,73.9,71.2,62.1,62.3,70.7,2.6,18,1,4,59.5,0,65.2,Low,66.58,1,63.8,70.1
STU05462,21,Female,Electronics,7,6.76,80.7,73.6,67.5,67.2,73.0,5.5,13,0,0,68.1,1,81.4,Low,70.32,0,84.74,71.96
STU05463,22,Female,Mechanical,8,5.91,78.7,53.1,49.3,30.1,59.7,1.4,12,1,2,51.8,4,56.5,Medium,48.05,1,54.72,59.58
STU05464,20,Male,Management,5,5.68,55.6,51.1,40.4,48.3,53.0,2.7,28,2,3,36.5,1,45.5,High,48.2,2,52.1,53.06
STU05465,22,Male,Computer Science,8,5.63,63.4,58.2,57.5,40.7,52.3,2.1,23,2,2,42.6,0,44.8,High,52.18,2,51.54,56.42
STU05466,22,Male,Management,8,6.87,71.5,57.9,63.9,48.0,76.7,2.2,20,0,2,49.9,2,73.3,Low,61.62,1,60.96,66.57
STU05467,21,Female,Management,7,6.85,60.6,67.6,66.7,66.4,77.0,1.8,23,0,4,61.3,0,60.1,Medium,69.43,2,63.52,66.9
STU05468,20,Female,Management,4,7.61,58.6,70.4,67.4,55.4,63.8,3.5,26,3,1,55.0,0,60.2,Medium,64.25,2,60.5,66.99
STU05469,19,Male,Computer Science,4,6.74,76.7,71.8,67.9,65.9,62.0,1.7,19,3,2,44.5,0,64.4,Medium,66.9,1,47.3,69.53
STU05470,21,Female,Mechanical,8,7.73,78.8,61.4,67.7,69.6,79.5,3.4,13,3,3,48.6,0,65.6,Low,69.55,1,57.44,74.58
STU05471,20,Male,Electrical,5,6.96,70.2,50.7,54.2,53.1,67.2,3.5,17,1,1,56.4,0,73.5,Low,56.3,1,67.06,64.43
STU05472,19,Female,Electronics,2,7.46,88.6,65.7,63.1,66.7,78.0,4.1,7,0,0,84.9,0,72.5,Low,68.38,0,84.46,75.61
STU05473,22,Female,Mechanical,7,7.38,77.4,73.2,75.7,65.9,57.5,2.9,13,5,2,70.2,0,61.1,Medium,68.08,1,57.58,72.41
STU05474,20,Female,Computer Science,4,6.35,61.4,75.7,58.8,58.4,70.4,3.9,24,2,4,70.2,2,54.5,Medium,65.82,2,71.58,63.9
STU05475,21,Male,Computer Science,8,7.1,88.0,76.9,67.0,67.5,71.1,3.4,8,2,2,68.4,1,81.8,Low,70.62,0,68.36,75.1
STU05476,22,Male,Electrical,7,4.91,77.2,51.2,46.2,39.3,60.0,1.9,15,1,4,60.0,0,44.2,High,49.18,1,60.5,56.16
STU05477,19,Female,Management,2,6.09,80.6,69.8,52.1,63.3,58.5,1.0,11,2,4,69.2,1,53.4,Medium,60.92,0,56.68,65.84
STU05478,22,Female,Computer Science,8,7.28,80.4,69.7,78.7,78.8,86.1,4.4,12,1,2,85.1,1,74.5,Low,78.32,0,83.04,76.91
STU05479,21,Male,Computer Science,8,8.42,77.5,68.2,64.6,74.7,68.8,3.3,14,1,0,70.7,0,60.8,Medium,69.08,1,71.78,76.47
STU05480,21,Female,Mechanical,7,6.69,90.3,74.2,70.2,59.7,89.8,5.4,7,0,0,77.6,1,73.0,Low,73.48,0,88.04,75.38
STU05481,20,Male,Computer Science,3,8.25,82.0,73.4,79.0,77.7,78.6,4.0,10,1,2,83.7,0,79.8,Low,77.18,0,80.48,80.24
STU05482,21,Male,Civil,6,5.76,77.9,49.5,53.0,59.5,56.5,2.7,15,2,3,35.2,1,47.1,High,54.62,1,51.58,61.48
STU05483,21,Female,Civil,8,6.74,80.0,77.2,62.4,76.8,64.1,4.3,12,2,1,74.0,1,73.8,Low,70.12,0,75.1,71.64
STU05484,22,Male,Electronics,7,8.4,82.8,68.6,61.2,69.9,70.9,2.4,12,1,3,73.7,0,82.6,Low,67.65,0,68.48,77.16
STU05485,20,Male,Electrical,5,8.03,90.5,64.4,77.9,79.9,75.4,3.5,6,0,1,78.9,1,80.9,Low,74.4,0,79.06,80.49
STU05486,21,Male,Computer Science,6,7.43,69.7,67.4,51.0,63.8,67.3,2.6,17,1,3,43.9,0,58.6,Medium,62.38,1,57.56,68.38
STU05487,20,Female,Electronics,4,8.5,71.6,67.4,78.1,66.2,80.3,4.0,18,1,2,63.6,0,75.7,Low,73.0,1,72.44,76.85
STU05488,20,Male,Electrical,3,6.63,79.5,56.1,56.7,59.4,63.0,3.0,12,3,3,69.6,2,64.8,Medium,58.8,1,63.84,66.6
STU05489,20,Male,Computer Science,6,6.48,74.3,69.6,62.6,63.5,69.8,3.5,14,2,2,69.1,0,76.3,Low,66.38,1,69.14,67.81
STU05490,20,Male,Electronics,5,5.33,81.3,58.4,49.6,60.9,73.5,3.0,13,1,3,61.5,1,67.7,Low,60.6,0,66.6,63.22
STU05491,20,Male,Civil,3,6.8,77.2,66.5,55.8,58.8,78.3,3.0,15,1,1,69.3,1,70.9,Low,64.85,1,69.72,69.04
STU05492,21,Male,Computer Science,6,5.0,65.2,49.7,43.3,35.8,56.2,1.8,23,2,2,77.9,1,32.4,High,46.25,1,64.16,52.3
STU05493,19,Male,Mechanical,4,6.28,74.8,63.5,59.3,63.7,70.9,2.9,16,1,1,52.2,0,65.7,Low,64.35,1,62.38,66.42
STU05494,21,Male,Electrical,6,5.4,77.9,55.2,37.7,56.0,53.4,3.0,13,1,2,41.2,0,49.5,High,50.58,1,58.48,58.6
STU05495,20,Female,Computer Science,4,7.94,74.0,61.4,74.1,82.5,80.2,5.4,17,0,0,64.7,0,86.7,Low,74.55,1,82.88,76.11
STU05496,21,Male,Electronics,8,7.85,100.0,74.5,85.1,75.8,69.0,3.4,0,1,3,91.8,0,77.2,Low,76.1,0,80.72,82.92
STU05497,22,Male,Computer Science,7,6.04,68.4,72.0,59.8,47.8,70.1,3.1,20,3,2,63.0,0,49.7,High,62.42,1,61.7,63.21
STU05498,21,Female,Civil,5,8.07,78.4,74.4,58.2,67.0,74.0,3.4,12,0,1,58.1,0,70.8,Low,68.4,1,70.24,75.21
STU05499,20,Male,Electronics,6,9.02,97.8,79.9,80.9,70.9,90.7,3.0,1,0,1,100.0,0,91.1,Low,80.6,0,85.0,88.26
STU05500,19,Male,Management,3,5.22,74.7,62.9,61.7,51.8,70.1,1.9,17,1,1,45.7,0,58.0,Medium,61.62,1,54.78,61.6
STU05501,22,Other,Computer Science,8,6.23,80.1,66.9,43.4,39.3,67.7,3.0,12,2,2,53.1,0,61.7,Medium,54.32,0,60.24,63.56
STU05502,20,Female,Electrical,3,3.69,73.1,45.3,38.6,50.1,48.7,1.8,17,3,4,41.3,2,42.1,High,45.68,1,46.52,49.46
STU05503,21,Female,Electrical,8,6.01,82.5,65.3,60.5,40.1,43.2,2.6,12,1,2,53.9,4,43.4,High,52.28,0,61.56,62.57
STU05504,21,Male,Electrical,7,5.54,70.0,55.6,38.1,43.7,61.3,1.2,19,2,4,52.6,0,43.6,High,49.68,1,51.04,56.76
STU05505,20,Female,Civil,3,6.89,80.1,66.9,62.3,63.0,69.6,2.6,12,2,1,66.0,0,62.9,Medium,65.45,0,63.4,70.32
STU05506,18,Male,Computer Science,2,6.41,68.3,69.2,50.2,37.3,66.0,3.2,18,1,2,65.4,0,46.8,High,55.68,1,69.16,61.78
STU05507,21,Male,Electronics,7,6.38,87.5,59.7,62.1,58.1,79.4,4.5,8,0,2,71.6,0,75.4,Low,64.82,0,81.14,70.14
STU05508,22,Female,Electronics,8,5.16,85.3,53.1,63.9,49.4,67.1,3.2,8,2,0,58.3,2,46.7,High,58.38,0,63.32,62.74
STU05509,22,Male,Computer Science,7,5.86,83.1,67.9,70.7,73.0,67.7,2.2,11,1,2,58.7,0,66.4,Low,69.82,0,61.48,69.22
STU05510,19,Female,Mechanical,2,8.16,91.9,79.0,67.5,69.1,63.9,4.4,6,3,3,86.7,0,67.0,Low,69.88,0,77.68,79.48
STU05511,20,Male,Civil,6,7.89,63.0,82.8,59.6,62.8,81.7,3.3,23,0,2,70.2,0,77.0,Low,71.72,2,74.58,72.05
STU05512,20,Male,Mechanical,4,7.22,75.4,59.1,78.6,56.1,66.8,3.0,16,1,0,70.6,1,76.8,Low,65.15,1,70.24,70.18
STU05513,22,Female,Management,8,4.53,64.0,56.0,49.5,56.3,48.4,1.4,23,4,1,53.6,0,31.3,High,52.55,2,46.44,52.88
STU05514,22,Female,Civil,7,6.68,74.4,53.5,56.3,53.8,61.9,2.1,15,1,4,56.8,1,61.6,Medium,56.38,1,60.22,64.53
STU05515,22,Female,Electronics,7,7.68,74.0,65.0,62.5,55.3,64.4,2.2,15,1,2,59.5,3,56.6,Medium,61.8,1,61.8,70.1
STU05516,19,Male,Electronics,4,6.39,82.9,62.7,63.2,44.3,63.0,3.1,9,1,2,57.2,1,69.9,Low,58.3,0,65.38,66.41
STU05517,20,Male,Mechanical,4,6.14,76.6,66.6,51.6,61.7,59.6,1.6,15,2,1,41.6,1,58.0,Medium,59.87,1,48.64,64.59
STU05518,22,Female,Electronics,7,9.15,90.9,79.7,75.0,74.9,88.0,5.5,6,0,1,68.8,0,79.9,Low,79.4,0,85.02,86.51
STU05519,19,Male,Computer Science,2,7.39,76.0,82.4,72.6,83.3,67.4,2.8,14,1,1,83.2,0,74.6,Low,76.43,1,74.28,75.44
STU05520,19,Female,Mechanical,2,6.12,76.0,60.8,42.3,56.6,64.8,3.5,16,1,2,69.6,2,60.6,Medium,56.12,1,72.34,62.87
STU05521,18,Male,Civil,2,6.42,80.9,70.9,66.3,69.2,58.6,4.2,10,0,0,65.9,0,73.2,Low,66.25,0,77.36,69.19
STU05522,20,Male,Electronics,5,7.3,79.2,69.8,60.4,55.7,63.4,3.2,13,1,2,60.8,0,75.1,Low,62.32,1,67.32,70.28
STU05523,19,Male,Electronics,2,5.74,72.5,76.5,58.7,52.4,55.3,3.0,15,0,4,60.6,0,69.4,Low,60.72,1,69.24,62.5
STU05524,21,Female,Computer Science,6,8.1,78.3,73.4,58.1,65.6,75.2,3.6,14,1,1,58.5,0,75.2,Low,68.08,1,68.4,75.16
STU05525,19,Male,Electronics,3,6.65,75.5,73.4,68.9,63.2,74.3,3.2,15,0,2,66.6,0,65.4,Low,69.95,1,72.64,70.13
STU05526,21,Male,Computer Science,8,6.12,63.3,66.3,54.1,31.2,57.5,3.0,25,2,0,64.7,0,57.5,Medium,52.28,2,64.88,58.16
STU05527,20,Female,Electrical,5,7.75,85.6,85.7,72.0,63.1,56.4,3.2,9,0,1,65.8,1,79.3,Low,69.3,0,72.32,76.24
STU05528,18,Male,Civil,2,7.31,89.8,72.9,69.8,60.1,61.2,4.1,6,0,1,71.6,0,69.7,Low,66.0,0,79.14,74.44
STU05529,21,Female,Electronics,6,6.73,80.5,53.7,62.0,59.4,55.7,2.9,12,2,3,53.8,0,70.2,Low,57.7,0,60.02,66.76
STU05530,20,Male,Management,4,6.87,68.2,70.8,60.2,44.5,65.8,3.5,21,1,4,49.8,0,66.9,Low,60.32,1,64.42,65.22
STU05531,19,Male,Civil,3,5.98,67.5,62.5,56.5,63.7,69.9,3.0,22,1,3,57.2,0,54.8,Medium,63.15,1,64.88,63.06
STU05532,21,Male,Computer Science,6,6.99,76.7,64.7,60.3,75.2,59.5,2.9,12,1,1,55.3,1,68.4,Low,64.92,1,63.62,69.61
STU05533,22,Male,Electrical,8,7.53,86.2,69.1,62.4,56.6,65.8,4.2,10,0,2,82.0,0,78.6,Low,63.47,0,83.8,73.3
STU05534,22,Female,Electrical,8,6.41,91.3,75.3,79.2,84.0,60.9,3.8,5,3,0,65.5,0,83.7,Low,74.85,0,66.2,75.2
STU05535,21,Male,Mechanical,5,7.73,75.3,66.5,59.9,62.9,65.7,2.5,17,0,3,47.0,0,68.8,Low,63.75,1,61.3,71.38
STU05536,22,Female,Computer Science,7,6.37,93.4,62.5,58.8,52.2,54.6,3.4,4,0,0,53.5,2,62.0,Medium,57.02,0,68.4,68.46
STU05537,20,Female,Electrical,3,5.84,68.2,51.7,52.5,54.2,49.2,1.0,19,2,3,50.8,3,54.7,Medium,51.9,1,49.32,58.25
STU05538,21,Female,Computer Science,7,4.32,57.9,54.0,36.5,32.2,47.8,2.4,29,2,5,47.3,3,30.7,High,42.62,2,54.92,46.64
STU05539,21,Male,Electronics,8,6.95,84.6,71.1,59.6,64.7,78.3,2.1,10,1,3,60.1,0,57.8,Medium,68.42,0,61.54,72.84
STU05540,21,Male,Electrical,5,6.04,84.9,66.7,52.8,42.2,67.5,3.5,8,1,1,59.5,0,55.0,Medium,57.3,0,68.3,65.28
STU05541,21,Male,Electrical,5,7.14,94.0,83.5,79.6,65.1,77.3,5.4,4,1,0,77.0,0,78.4,Low,76.38,0,84.8,79.04
STU05542,20,Female,Civil,5,7.8,85.5,72.5,58.8,71.2,91.9,4.3,9,0,0,73.0,0,73.4,Low,73.6,0,80.7,78.11
STU05543,19,Female,Computer Science,2,7.94,82.6,78.5,76.1,79.1,76.6,3.4,11,0,1,90.8,0,75.7,Low,77.57,0,83.32,79.47
STU05544,21,Female,Electronics,8,6.12,75.0,64.5,48.6,61.5,61.9,2.6,16,1,1,64.9,0,62.9,Medium,59.12,1,65.96,63.82
STU05545,21,Male,Electrical,7,7.68,76.3,75.9,47.9,57.7,66.9,4.1,16,1,0,60.6,0,76.5,Low,62.1,1,71.74,70.8
STU05546,21,Male,Civil,8,8.41,79.1,71.8,80.5,82.3,93.4,4.6,14,1,2,76.7,0,80.3,Low,82.0,1,80.68,82.01
STU05547,18,Male,Electrical,2,8.83,81.8,76.3,73.3,77.7,88.2,4.0,12,0,1,81.6,0,89.9,Low,78.88,0,82.64,82.9
STU05548,21,Male,Computer Science,7,7.44,74.3,70.3,65.2,83.6,83.6,4.1,17,1,1,80.2,0,90.4,Low,75.68,1,79.58,74.89
STU05549,20,Male,Management,4,7.26,67.4,69.8,82.8,58.8,68.7,2.6,19,1,3,62.1,0,70.1,Low,70.02,1,64.84,70.27
STU05550,21,Male,Computer Science,7,6.08,82.3,62.0,59.3,45.8,61.2,3.3,12,1,1,80.6,0,58.9,Medium,57.08,0,75.74,64.68
STU05551,22,Male,Electronics,8,8.15,92.2,75.1,81.0,74.8,79.7,4.9,5,0,1,67.8,0,84.6,Low,77.65,0,81.62,82.64
STU05552,22,Female,Electrical,8,6.59,72.4,61.8,58.9,43.9,58.8,2.5,18,0,2,56.3,0,73.3,Low,55.85,1,65.02,63.5
STU05553,22,Male,Electronics,8,7.13,81.8,64.0,56.8,70.0,67.8,3.5,11,0,2,60.7,0,81.9,Low,64.65,0,71.78,71.26
STU05554,19,Male,Civil,2,7.51,88.1,54.0,56.3,51.6,67.8,3.5,7,2,2,49.6,0,73.5,Low,57.42,0,61.34,71.28
STU05555,19,Female,Mechanical,4,6.52,83.8,69.1,54.2,77.6,61.6,3.0,11,3,1,43.1,0,58.9,Medium,65.62,0,53.24,70.02
STU05556,20,Female,Management,4,6.77,66.8,57.5,42.0,52.0,67.4,3.0,19,1,1,59.5,0,57.7,Medium,54.72,1,65.8,62.28
STU05557,21,Male,Computer Science,5,7.03,87.0,84.6,84.4,65.2,78.3,4.6,8,1,1,69.5,0,71.9,Low,78.12,0,77.8,77.6
STU05558,21,Female,Computer Science,8,7.67,73.1,56.8,64.3,72.4,70.6,2.6,18,1,1,54.4,1,69.1,Low,66.03,1,61.76,71.53
STU05559,21,Male,Civil,6,6.24,77.6,65.0,49.3,59.3,57.5,2.6,14,2,0,40.9,2,54.6,Medium,57.78,1,53.36,64.35
STU05560,21,Male,Electrical,5,5.48,63.3,40.9,46.0,49.6,45.4,1.2,25,3,3,36.4,0,43.3,High,45.48,2,41.56,53.2
STU05561,22,Female,Management,7,9.45,96.3,100.0,74.1,82.5,80.1,5.1,2,0,1,77.2,0,82.2,Low,84.18,0,86.38,90.82
STU05562,19,Male,Electronics,3,9.76,97.5,79.8,84.7,84.4,99.9,4.5,1,0,0,81.2,0,100.0,Low,87.2,0,84.98,93.42
STU05563,20,Female,Civil,6,6.99,71.6,80.6,77.8,85.9,58.0,3.4,18,1,2,63.3,0,78.5,Low,75.57,1,69.32,72.6
STU05564,21,Male,Electronics,5,4.06,45.2,47.3,38.3,43.5,52.2,2.1,36,0,5,38.7,0,42.6,High,45.32,2,55.98,43.64
STU05565,20,Male,Electronics,3,5.79,65.7,56.1,52.1,51.0,61.3,2.3,23,0,4,46.3,2,35.1,High,55.12,1,60.02,58.74
STU05566,21,Male,Computer Science,6,7.32,93.6,78.1,70.9,74.8,70.4,3.4,4,1,1,72.0,0,82.3,Low,73.55,0,72.8,78.44
STU05567,21,Male,Computer Science,7,7.86,94.3,71.6,75.6,66.7,79.3,4.2,4,0,3,72.4,0,94.7,Low,73.3,0,79.96,80.4
STU05568,21,Male,Computer Science,7,6.31,77.1,62.4,45.5,42.0,60.4,3.2,15,1,3,45.7,0,44.6,High,52.58,1,61.28,62.39
STU05569,22,Male,Computer Science,7,7.28,75.3,72.4,79.9,50.9,60.2,2.6,14,2,1,79.2,0,66.6,Low,65.85,1,68.68,70.64
STU05570,22,Male,Electronics,7,6.54,80.2,72.7,61.7,66.6,68.3,3.8,11,1,1,48.1,1,71.6,Low,67.32,0,65.24,69.87
STU05571,21,Male,Electrical,5,7.87,91.0,74.5,63.7,59.4,73.6,3.6,6,1,1,71.0,0,81.4,Low,67.8,0,73.4,77.41
STU05572,19,Male,Computer Science,2,6.32,72.7,79.7,64.5,62.9,67.2,3.0,19,0,0,70.7,0,70.4,Low,68.58,1,73.28,67.73
STU05573,21,Male,Electrical,8,5.09,59.9,51.3,30.6,46.6,40.2,1.7,23,4,3,50.8,2,35.1,High,42.18,2,46.82,49.66
STU05574,20,Male,Electrical,5,8.05,100.0,82.6,88.9,86.5,87.5,4.4,0,0,0,91.3,0,93.7,Low,86.38,0,88.52,87.72
STU05575,21,Male,Mechanical,6,7.75,81.2,78.5,70.8,76.2,75.4,3.6,12,1,0,52.0,0,90.1,Low,75.22,0,65.8,77.52
STU05576,19,Female,Civil,2,7.31,76.6,62.9,63.1,61.3,74.9,4.4,15,1,2,79.3,1,93.9,Low,65.55,1,80.72,70.96
STU05577,22,Other,Electronics,8,7.89,91.3,67.9,71.3,63.8,73.7,4.1,6,0,1,55.8,0,83.4,Low,69.18,0,72.82,78.11
STU05578,22,Male,Computer Science,8,6.94,71.2,63.0,52.3,56.2,58.5,2.4,17,2,1,43.8,1,58.0,Medium,57.5,1,53.52,65.09
STU05579,21,Male,Civil,8,5.91,73.7,52.1,61.8,48.8,66.2,1.7,14,0,0,50.4,1,51.9,Medium,57.22,1,58.66,62.0
STU05580,19,Female,Mechanical,3,7.33,76.7,74.6,78.0,57.5,83.2,3.3,5,0,0,54.9,1,79.4,Low,73.32,1,68.46,74.16
STU05581,21,Male,Mechanical,7,7.42,55.5,67.8,65.8,56.3,55.5,2.6,26,1,3,42.5,1,62.3,Medium,61.35,2,57.0,64.38
STU05582,20,Other,Management,6,7.98,85.8,86.3,57.1,74.0,70.1,3.7,9,1,1,59.3,0,77.6,Low,71.88,0,69.22,78.13
STU05583,19,Female,Civil,3,8.22,65.5,71.6,67.1,63.0,54.9,1.5,21,1,5,35.9,0,56.4,Medium,64.15,1,48.86,70.8
STU05584,20,Female,Electronics,5,6.04,86.0,58.9,58.4,44.7,62.5,4.1,8,3,3,71.6,0,62.5,Medium,56.12,0,70.14,65.09
STU05585,20,Male,Computer Science,5,6.1,81.9,57.6,73.9,54.7,78.0,2.8,12,0,0,60.4,0,65.0,Low,66.05,0,68.16,68.24
STU05586,21,Male,Management,6,7.52,79.6,83.6,55.4,47.0,64.8,3.2,12,2,3,64.9,0,69.8,Low,62.7,1,65.96,71.3
STU05587,18,Female,Management,2,5.33,59.6,45.4,42.7,52.3,56.3,1.8,25,2,4,42.7,1,48.0,High,49.18,2,50.08,53.22
STU05588,20,Female,Civil,5,7.32,76.3,56.4,75.1,71.7,71.8,2.6,16,2,2,56.1,0,81.1,Low,68.75,1,59.44,72.2
STU05589,21,Female,Electrical,6,8.47,89.8,66.7,61.8,70.6,69.8,3.6,7,2,0,66.4,1,77.2,Low,67.22,0,68.56,78.98
STU05590,21,Other,Mechanical,7,8.2,100.0,91.2,66.1,65.5,80.2,5.4,0,0,0,97.9,0,89.4,Low,75.75,0,96.16,84.0
STU05591,22,Male,Computer Science,7,7.72,87.5,75.3,81.8,58.5,84.5,3.6,7,0,3,69.4,1,81.2,Low,75.03,0,75.76,78.9
STU05592,20,Male,Management,6,7.13,86.7,78.8,71.7,56.2,81.2,3.6,8,1,0,63.7,0,85.8,Low,71.97,0,70.48,75.42
STU05593,21,Female,Civil,6,7.74,87.2,76.8,81.2,77.8,93.3,4.5,9,2,3,69.4,0,100.0,Low,82.28,0,74.26,81.8
STU05594,19,Female,Mechanical,2,7.35,65.8,55.8,67.9,67.3,47.7,2.5,23,0,3,65.8,1,66.1,Low,59.68,1,68.82,66.04
STU05595,22,Female,Civil,7,8.39,96.1,63.9,72.5,60.5,80.4,4.9,2,1,0,67.2,0,84.0,Low,69.32,0,78.38,81.12
STU05596,20,Female,Mechanical,4,6.64,68.2,55.4,60.8,49.7,46.9,1.4,21,1,2,57.4,0,63.5,Medium,53.2,1,56.96,61.57
STU05597,21,Other,Computer Science,5,6.09,62.6,57.2,61.3,52.9,58.7,2.8,22,3,1,38.5,3,53.9,Medium,57.53,2,50.4,59.98
STU05598,21,Male,Civil,5,5.76,64.0,43.4,41.6,47.5,52.9,1.4,22,1,4,43.8,1,43.0,High,46.35,2,51.52,54.7
STU05599,22,Male,Computer Science,8,6.91,86.7,81.7,83.6,74.7,67.1,3.8,8,1,0,73.6,0,78.5,Low,76.78,0,75.44,76.57
STU05600,20,Male,Computer Science,4,5.92,82.2,55.9,54.0,61.0,60.2,2.6,12,1,2,49.7,0,58.6,Medium,57.78,0,59.88,64.38
STU05601,20,Male,Computer Science,4,8.19,92.3,68.8,88.4,80.4,79.0,5.5,5,1,0,68.0,0,97.3,Low,79.15,0,81.7,83.4
STU05602,22,Female,Electronics,7,8.56,84.6,76.8,80.1,84.6,80.8,3.4,9,0,4,59.5,0,100.0,Low,80.57,0,70.8,83.34
STU05603,20,Male,Management,6,7.31,75.8,68.9,58.9,60.6,57.8,3.8,14,3,2,45.4,0,68.8,Low,61.55,1,58.16,69.16
STU05604,20,Female,Computer Science,4,7.59,74.4,75.0,66.6,59.6,61.3,3.2,14,0,2,55.8,0,73.7,Low,65.62,1,68.32,71.41
STU05605,20,Male,Electronics,4,5.82,64.0,49.9,59.1,63.3,66.7,1.6,22,3,1,68.1,0,65.8,Low,59.75,2,56.24,60.27
STU05606,21,Female,Electrical,7,4.42,62.9,56.4,27.9,46.9,54.5,0.5,22,2,3,42.8,4,29.1,High,46.42,2,43.62,49.76
STU05607,21,Male,Management,7,6.71,59.9,62.2,61.8,63.3,81.1,2.6,28,3,1,54.2,0,62.9,Medium,67.1,2,55.68,65.3
STU05608,19,Female,Civil,3,6.25,46.6,55.3,47.9,55.7,63.1,2.2,31,0,3,63.1,1,60.0,Medium,55.5,2,66.24,55.72
STU05609,19,Male,Management,4,6.98,87.7,76.5,71.2,65.6,76.8,3.3,8,2,1,55.2,0,64.0,Medium,72.52,0,62.58,75.36
STU05610,22,Male,Civil,7,8.07,88.2,83.7,69.0,61.3,73.2,3.4,8,1,4,81.3,0,76.6,Low,71.8,0,76.52,79.02
STU05611,18,Male,Electrical,2,7.19,72.5,53.1,72.5,73.5,76.9,3.5,15,0,3,50.0,0,53.3,Medium,69.0,1,67.5,70.89
STU05612,19,Female,Electronics,3,5.87,78.9,55.4,47.7,45.7,53.7,2.5,15,4,4,55.7,0,43.8,High,50.62,1,52.78,60.52
STU05613,20,Male,Electronics,3,6.69,90.0,69.0,53.3,42.8,72.1,4.6,6,0,0,79.9,0,66.1,Low,59.3,0,84.96,69.63
STU05614,20,Female,Mechanical,5,8.02,73.6,75.6,63.9,70.4,74.8,3.0,15,0,2,63.9,0,67.8,Low,71.18,1,70.56,74.94
STU05615,21,Female,Electrical,5,8.16,89.8,85.3,88.3,64.2,79.2,3.8,6,0,2,65.6,0,90.1,Low,79.25,0,75.24,82.71
STU05616,20,Male,Civil,4,5.98,71.6,64.1,82.6,34.0,71.4,4.4,19,1,2,66.4,2,54.4,Medium,63.02,1,75.56,64.04
STU05617,18,Male,Electrical,2,7.07,84.9,70.4,82.1,58.3,71.3,4.3,9,1,2,66.3,0,76.2,Low,70.53,0,75.02,74.18
STU05618,21,Male,Civil,6,7.41,80.6,70.3,50.0,66.1,74.4,5.0,13,0,0,58.7,1,69.3,Low,65.2,0,78.48,72.16
STU05619,21,Male,Civil,7,7.75,75.3,61.7,49.3,62.0,55.2,3.2,14,2,3,55.8,0,63.0,Medium,57.05,1,62.32,68.77
STU05620,19,Male,Computer Science,3,6.81,78.1,55.1,58.8,69.3,73.1,2.8,12,2,2,68.2,1,67.3,Low,64.07,1,65.28,68.99
STU05621,21,Female,Electronics,6,9.75,88.4,90.7,95.2,100.0,74.3,5.3,8,0,4,67.2,0,94.8,Low,90.05,0,83.38,92.24
STU05622,21,Female,Mechanical,7,6.98,70.5,73.8,80.4,57.3,66.7,3.0,18,3,3,52.5,0,70.7,Low,69.55,1,57.0,69.88
STU05623,20,Male,Computer Science,5,7.11,63.9,70.1,69.9,53.9,82.4,3.3,20,0,2,36.1,0,49.9,High,69.08,2,60.94,68.49
STU05624,20,Female,Management,6,5.18,90.2,52.5,51.7,48.1,63.1,2.7,6,2,0,59.5,2,60.7,Medium,53.85,0,61.3,62.22
STU05625,20,Female,Computer Science,3,7.08,82.5,73.4,54.6,61.0,66.3,2.6,10,1,2,77.0,1,63.9,Medium,63.82,0,70.8,70.94
STU05626,21,Male,Computer Science,8,6.89,75.2,79.7,67.6,60.9,74.5,2.8,14,1,2,86.6,0,75.0,Low,70.68,1,75.64,71.18
STU05627,22,Female,Civil,8,8.36,67.5,85.0,65.5,62.4,68.4,4.0,21,0,4,62.0,1,73.5,Low,70.32,1,74.8,74.26
STU05628,20,Other,Computer Science,6,2.5,66.9,32.3,21.9,9.9,23.9,0.2,20,3,1,46.6,6,14.3,High,22.0,1,40.64,34.28
STU05629,21,Female,Mechanical,8,6.44,65.0,70.6,59.6,66.0,53.0,2.8,21,0,3,53.6,0,61.6,Medium,62.3,1,65.44,63.71
STU05630,21,Female,Computer Science,6,9.23,63.3,62.1,76.4,82.1,71.5,1.9,21,0,7,54.9,0,71.8,Low,73.03,2,61.46,77.34
STU05631,20,Male,Computer Science,6,4.55,59.9,37.5,40.0,27.7,46.5,2.0,27,2,0,40.8,2,25.1,High,37.92,2,50.32,46.07
STU05632,22,Male,Civil,7,8.18,76.5,82.8,77.1,65.8,75.3,3.2,15,1,0,65.6,0,83.8,Low,75.25,1,69.24,77.85
STU05633,18,Other,Electronics,2,3.58,51.3,19.7,22.9,13.4,43.3,0.5,33,4,0,29.5,6,27.3,High,24.82,2,32.3,35.28
STU05634,19,Male,Mechanical,3,7.32,74.6,75.9,73.7,79.0,85.4,3.4,15,0,0,64.6,1,74.4,Low,78.5,1,72.84,75.67
STU05635,19,Male,Computer Science,3,7.45,94.3,83.7,66.7,72.6,79.1,3.5,3,2,0,87.3,0,73.5,Low,75.53,0,76.42,79.86
STU05636,20,Male,Mechanical,6,4.67,77.7,57.6,35.1,33.2,51.6,1.2,14,2,2,59.2,1,45.3,High,44.38,1,53.68,53.52
STU05637,20,Male,Electronics,3,7.81,77.5,73.7,73.2,77.1,71.1,2.2,13,1,2,55.3,0,69.3,Low,73.78,1,60.12,76.22
STU05638,20,Male,Computer Science,4,7.89,56.5,62.7,77.9,65.7,73.7,1.8,27,1,1,55.4,1,69.0,Low,70.0,2,58.16,69.74
STU05639,21,Female,Civil,5,7.95,80.6,70.9,70.6,63.1,80.6,4.1,12,1,1,78.3,0,76.2,Low,71.3,0,78.82,76.5
STU05640,21,Male,Mechanical,7,7.65,81.8,86.8,68.5,56.4,77.0,4.7,11,1,1,54.1,0,82.9,Low,72.18,0,72.14,76.1
STU05641,20,Male,Management,5,7.33,71.4,74.1,65.8,56.0,63.4,2.8,19,0,2,71.2,0,61.5,Medium,64.82,1,72.48,69.44
STU05642,18,Male,Electrical,2,5.84,78.3,69.8,53.2,53.2,71.8,3.2,12,1,0,75.7,1,57.8,Medium,62.0,1,73.28,64.82
STU05643,21,Female,Mechanical,6,7.11,79.5,66.3,74.5,75.4,78.1,1.7,14,1,0,59.9,0,62.0,Medium,73.58,1,59.46,74.19
STU05644,19,Female,Computer Science,4,7.42,61.2,56.9,67.5,78.9,70.9,2.0,21,6,1,57.6,0,57.9,Medium,68.55,2,45.04,68.69
STU05645,19,Female,Electrical,2,7.43,74.2,75.7,73.5,73.8,91.4,3.1,16,4,0,66.1,0,71.0,Low,78.6,1,59.94,75.99
STU05646,21,Female,Mechanical,6,5.23,73.9,51.0,57.3,50.4,60.5,2.7,16,2,3,49.4,1,45.5,High,54.8,1,57.26,58.7
STU05647,19,Male,Electrical,3,4.71,68.2,54.5,56.4,33.9,64.4,2.5,21,1,0,52.8,1,54.2,Medium,52.3,1,60.62,54.46
STU05648,20,Female,Mechanical,5,5.67,61.1,55.3,46.1,54.5,58.9,1.3,23,2,2,56.4,3,45.0,High,53.7,2,53.06,56.6
STU05649,22,Female,Computer Science,8,4.37,58.3,45.1,47.2,37.4,46.5,1.9,27,2,2,33.1,4,32.2,High,44.05,2,46.74,47.49
STU05650,19,Female,Electrical,3,6.26,78.9,74.8,52.2,60.9,58.1,2.2,12,2,3,53.8,0,60.5,Medium,61.5,1,56.52,66.24
STU05651,22,Female,Electrical,8,6.41,70.8,51.6,58.6,48.7,58.6,1.8,18,2,4,53.5,0,61.8,Medium,54.38,1,54.4,61.88
STU05652,21,Male,Computer Science,5,5.55,82.8,58.4,56.1,47.3,54.5,2.0,10,1,3,54.9,3,56.8,Medium,54.08,0,58.96,61.76
STU05653,22,Male,Civil,8,7.93,77.6,84.5,80.4,77.1,63.2,3.0,15,0,2,83.5,0,69.2,Low,76.3,1,78.4,77.68
STU05654,22,Female,Mechanical,7,7.02,66.4,73.0,59.3,47.9,67.1,2.2,23,0,2,70.4,0,86.2,Low,61.82,1,69.16,65.9
STU05655,22,Male,Mechanical,7,5.13,73.7,55.1,52.4,56.8,59.4,1.6,18,1,5,69.7,0,45.6,High,55.92,1,62.88,58.75
STU05656,20,Female,Management,3,8.23,77.0,72.0,61.5,40.6,76.5,2.3,15,1,0,73.0,0,60.2,Medium,62.65,1,67.7,73.12
STU05657,21,Male,Computer Science,7,5.36,62.3,50.2,41.0,25.0,44.6,1.4,21,2,2,51.1,1,37.3,High,40.2,2,51.44,50.42
STU05658,20,Female,Computer Science,4,7.04,81.3,74.9,49.7,56.0,72.8,1.9,12,2,2,42.5,0,68.7,Low,63.35,0,50.5,70.31
STU05659,21,Female,Computer Science,8,7.7,80.9,73.0,66.9,73.4,71.0,3.4,11,2,2,65.4,1,76.5,Low,71.08,0,67.16,75.6
STU05660,22,Male,Management,8,7.1,69.6,60.8,53.2,60.8,71.5,2.4,20,1,5,50.7,0,64.4,Medium,61.58,1,59.28,66.88
STU05661,21,Male,Computer Science,6,6.89,73.7,63.8,70.2,64.4,64.4,3.4,16,0,3,38.8,0,60.2,Medium,65.7,1,62.52,68.82
STU05662,21,Female,Civil,8,7.52,82.9,66.0,71.9,52.9,80.4,3.2,11,1,3,65.5,0,60.2,Medium,67.8,0,69.2,74.16
STU05663,20,Male,Electrical,5,7.1,74.0,64.5,52.2,53.7,58.2,2.6,16,4,1,45.1,0,64.5,Medium,57.15,1,49.04,66.21
STU05664,18,Male,Electrical,2,8.17,95.7,84.3,64.7,70.9,78.1,5.3,3,0,2,75.3,0,79.5,Low,74.5,0,86.62,82.32
STU05665,21,Female,Computer Science,8,7.9,60.1,69.1,65.8,80.1,68.9,3.0,26,2,2,49.2,1,67.9,Low,70.97,2,58.68,71.06
STU05666,20,Male,Computer Science,5,6.1,85.0,65.4,54.8,51.3,67.6,2.2,10,0,3,57.1,0,66.7,Low,59.78,0,63.84,66.51
STU05667,19,Female,Management,2,7.15,76.5,64.2,64.1,59.0,72.6,3.1,15,0,1,62.6,1,72.8,Low,64.97,1,70.54,70.14
STU05668,18,Male,Mechanical,2,7.37,64.8,59.3,59.3,65.2,64.5,3.0,21,2,2,63.0,0,56.1,Medium,62.08,2,64.2,66.82
STU05669,21,Male,Computer Science,7,6.94,83.9,66.2,52.9,54.2,72.8,4.4,9,2,1,71.9,1,58.4,Medium,61.53,0,74.76,69.88
STU05670,21,Male,Computer Science,8,6.69,83.1,68.8,79.3,66.1,74.5,2.5,10,2,2,46.4,1,68.9,Low,72.18,0,55.06,73.06
STU05671,20,Female,Electrical,6,6.0,79.3,58.2,49.9,55.8,62.1,4.1,13,3,2,68.6,0,63.4,Medium,56.5,1,68.94,63.42
STU05672,20,Female,Management,5,8.27,82.4,82.3,77.4,62.7,88.5,3.0,10,1,2,60.1,0,73.7,Low,77.72,0,66.04,80.63
STU05673,20,Male,Mechanical,4,7.74,93.0,71.6,63.8,50.8,81.7,3.0,5,0,1,68.6,0,84.2,Low,66.97,0,72.44,77.13
STU05674,20,Male,Electronics,4,7.13,76.7,60.8,66.0,70.3,71.8,5.3,7,1,1,87.7,0,74.6,Low,67.22,1,88.58,71.02
STU05675,20,Female,Civil,4,6.6,79.9,76.2,61.5,56.4,73.4,3.2,11,1,2,56.2,1,65.9,Low,66.88,1,65.48,69.82
STU05676,20,Female,Computer Science,3,6.31,77.4,55.8,57.5,43.4,49.5,2.8,15,2,2,66.9,0,53.2,Medium,51.55,1,64.76,62.06
STU05677,19,Male,Management,2,4.94,70.2,60.7,42.9,46.3,47.6,2.8,20,1,3,57.2,0,46.6,High,49.37,1,63.88,54.59
STU05678,20,Male,Computer Science,5,6.98,85.9,74.3,62.8,81.3,70.4,2.9,8,1,2,67.9,0,83.6,Low,72.2,0,68.66,74.78
STU05679,19,Male,Computer Science,3,7.32,62.4,56.7,57.1,69.1,56.7,1.2,23,6,2,47.1,0,52.6,Medium,59.9,2,36.84,65.18
STU05680,20,Female,Electronics,3,8.22,76.7,78.2,70.0,90.6,85.6,3.9,5,0,0,72.3,0,87.4,Low,81.1,1,78.42,80.38
STU05681,19,Female,Computer Science,3,6.73,77.4,61.1,60.1,44.5,70.4,2.4,14,1,1,74.0,0,61.3,Medium,59.02,1,68.6,66.52
STU05682,21,Female,Electronics,7,9.13,86.4,83.5,96.3,84.9,93.9,3.3,9,0,3,64.8,0,85.9,Low,89.65,0,72.42,89.42
STU05683,21,Female,Civil,6,6.71,62.0,49.1,54.8,53.4,53.7,1.3,24,1,4,46.3,1,55.9,Medium,52.75,2,52.02,60.08
STU05684,21,Male,Mechanical,5,6.2,73.7,58.1,57.9,48.6,65.5,2.2,18,3,2,60.0,1,49.2,High,57.52,1,56.0,63.14
STU05685,21,Female,Civil,6,5.59,51.1,45.0,51.2,38.0,58.4,0.5,27,2,2,32.5,3,42.3,High,48.15,2,39.5,51.6
STU05686,21,Female,Computer Science,5,4.95,78.8,55.8,37.4,13.0,52.3,1.9,13,3,4,37.8,3,43.5,High,39.62,1,45.62,52.88
STU05687,21,Male,Electronics,5,7.9,88.3,71.8,61.0,90.1,83.6,3.7,7,1,4,62.2,0,73.3,Low,76.62,0,70.38,80.38
STU05688,21,Male,Mechanical,7,8.34,93.5,72.2,77.8,64.9,79.6,4.2,4,0,2,69.2,0,92.6,Low,73.62,0,78.68,82.02
STU05689,21,Male,Mechanical,7,8.43,94.1,79.6,84.1,81.7,92.6,3.1,4,1,0,68.0,0,86.9,Low,84.5,0,69.7,86.83
STU05690,19,Female,Computer Science,3,6.45,71.6,65.1,71.4,51.3,59.0,2.3,18,1,2,62.6,0,51.8,Medium,61.7,1,63.54,65.16
STU05691,22,Female,Electrical,7,9.95,98.5,77.9,80.1,87.4,79.6,4.5,1,0,2,96.7,0,96.2,Low,81.25,0,91.18,91.95
STU05692,20,Female,Computer Science,3,6.54,81.7,75.8,70.2,56.5,66.3,4.2,10,1,0,33.9,0,63.3,Medium,67.2,0,61.56,70.2
STU05693,18,Male,Computer Science,2,7.09,77.1,71.5,66.6,62.6,71.7,3.2,13,1,0,70.8,1,71.8,Low,68.1,1,71.32,71.33
STU05694,20,Female,Computer Science,4,8.98,100.0,93.1,82.8,89.7,92.9,4.0,0,0,2,59.3,0,100.0,Low,89.62,0,73.72,92.28
STU05695,19,Male,Civil,4,8.08,80.4,68.0,57.1,72.9,72.1,3.2,13,3,2,70.3,1,67.5,Low,67.53,0,65.12,75.39
STU05696,22,Male,Computer Science,7,9.13,68.1,73.8,76.6,82.8,75.6,3.5,18,1,2,60.3,0,81.9,Low,77.2,1,68.62,79.86
STU05697,20,Female,Computer Science,6,7.56,79.0,64.9,72.4,55.9,66.8,5.5,12,0,0,68.0,0,77.1,Low,65.0,1,84.7,72.21
STU05698,18,Male,Mechanical,2,6.46,82.2,57.9,67.6,45.2,76.3,1.8,10,0,3,48.5,0,61.6,Medium,61.75,0,58.4,67.86
STU05699,20,Female,Electronics,5,6.89,78.0,52.0,34.8,61.7,63.5,2.7,12,0,2,76.2,0,65.5,Low,53.0,1,73.98,64.82
STU05700,21,Male,Computer Science,7,4.22,59.7,51.8,45.5,34.3,48.8,1.1,25,1,2,65.3,1,37.1,High,45.1,2,58.62,47.74
STU05701,21,Female,Civil,7,5.84,74.5,58.6,51.6,46.1,64.6,1.6,15,4,3,42.6,3,34.0,High,55.22,1,43.04,61.16
STU05702,20,Female,Civil,5,8.73,94.2,75.4,77.9,74.2,79.4,4.4,4,0,2,71.3,0,93.5,Low,76.72,0,80.52,84.8
STU05703,21,Male,Computer Science,6,7.19,68.8,59.2,66.4,62.4,61.4,1.6,17,5,5,60.6,1,58.0,Medium,62.35,1,47.24,67.31
STU05704,21,Female,Computer Science,5,7.23,76.5,75.3,80.9,52.6,77.6,3.7,14,1,0,74.4,1,63.5,Medium,71.6,1,75.26,73.07
STU05705,20,Male,Electronics,3,6.45,76.5,70.5,48.3,49.6,56.1,3.0,13,1,0,55.5,0,57.1,Medium,56.12,1,64.2,64.15
STU05706,20,Female,Management,5,6.65,70.0,48.3,56.1,66.8,51.4,1.7,19,3,3,36.8,2,62.2,Medium,55.65,1,44.22,63.04
STU05707,20,Female,Electrical,6,7.53,72.0,83.8,56.1,68.2,68.7,3.7,18,1,3,71.7,0,67.5,Low,69.2,1,74.18,72.04
STU05708,18,Female,Electronics,2,7.04,77.2,58.3,66.9,48.6,69.4,3.0,14,0,4,53.8,0,67.6,Low,60.8,1,66.52,68.26
STU05709,20,Female,Management,6,7.37,82.7,59.2,60.9,71.1,82.2,4.2,10,0,2,63.4,0,71.8,Low,68.35,0,76.36,73.81
STU05710,20,Female,Electronics,3,5.77,75.9,69.4,64.5,57.8,62.1,2.4,15,3,3,52.8,0,44.5,High,63.45,1,54.12,64.55
STU05711,19,Female,Electronics,2,8.27,78.1,65.2,73.6,79.6,77.9,3.6,15,1,2,51.0,1,77.1,Low,74.08,1,65.4,78.1
STU05712,21,Female,Management,7,3.1,56.4,41.6,19.9,16.7,28.1,0.8,28,3,3,21.6,6,11.4,High,26.58,2,33.64,35.58
STU05713,19,Male,Civil,4,8.19,100.0,80.0,74.9,92.2,85.6,4.4,0,0,0,75.4,0,100.0,Low,83.18,0,82.16,86.94
STU05714,19,Male,Mechanical,4,9.27,92.9,85.2,92.2,97.5,80.6,3.9,5,0,2,58.2,0,100.0,Low,88.88,0,72.78,91.22
STU05715,20,Female,Mechanical,6,5.95,75.1,48.0,54.1,67.4,65.5,2.7,14,1,2,47.9,1,57.0,Medium,58.75,1,59.66,63.1
STU05716,21,Male,Management,5,7.11,68.0,69.4,47.5,65.8,63.8,2.4,20,3,2,52.8,0,52.2,Medium,61.62,1,54.12,66.54
STU05717,21,Male,Computer Science,6,6.06,67.9,69.6,57.6,67.0,63.8,1.4,19,2,2,46.4,0,63.9,Medium,64.5,1,49.56,63.98
STU05718,21,Female,Electronics,8,7.23,93.4,70.4,66.2,56.7,78.9,4.9,4,1,0,74.1,0,80.5,Low,68.05,0,81.14,75.88
STU05719,20,Female,Electronics,6,7.3,58.0,61.1,65.4,57.7,61.7,2.9,28,2,1,38.2,0,48.0,High,61.47,2,53.78,64.64
STU05720,19,Male,Management,2,7.62,78.4,76.3,78.7,67.8,69.9,4.4,13,0,0,70.9,0,83.4,Low,73.18,1,80.36,75.54
STU05721,19,Male,Computer Science,3,6.86,61.2,55.8,46.4,55.7,55.6,1.6,26,6,3,58.1,0,53.1,Medium,53.37,2,43.24,60.66
STU05722,20,Male,Computer Science,5,6.6,81.0,79.3,76.1,63.9,84.4,3.7,11,0,2,66.7,0,69.2,Low,75.92,0,75.18,73.72
STU05723,21,Male,Electronics,5,7.05,74.8,61.1,62.0,56.7,62.9,2.2,15,1,4,55.3,0,61.3,Medium,60.68,1,60.12,67.64
STU05724,20,Male,Computer Science,4,10.0,92.7,81.5,86.7,93.4,84.9,3.9,4,0,1,76.9,0,95.1,Low,86.62,0,80.26,92.82
STU05725,19,Female,Civil,3,6.89,76.1,56.4,70.2,56.9,74.2,3.9,15,3,6,55.6,0,70.1,Low,64.42,1,62.74,68.91
STU05726,18,Male,Electronics,2,5.82,49.9,41.4,48.7,57.8,54.9,1.8,32,3,3,29.4,0,45.3,High,50.7,2,41.76,53.13
STU05727,19,Female,Electrical,3,4.98,56.2,54.2,28.0,31.9,36.6,1.5,28,1,4,46.0,0,53.3,Medium,37.67,2,52.9,46.55
STU05728,22,Female,Electrical,8,6.05,74.9,62.6,28.4,52.7,77.4,2.3,17,1,1,50.9,0,70.4,Low,55.28,1,58.86,62.01
STU05729,20,Male,Mechanical,4,6.79,79.2,71.9,57.8,59.1,65.8,3.5,14,0,2,59.5,0,74.6,Low,63.65,1,71.3,69.02
STU05730,22,Female,Electrical,8,5.72,83.1,61.3,61.8,50.3,60.4,3.5,11,0,0,84.5,0,66.8,Low,58.45,0,81.3,64.17
STU05731,19,Male,Computer Science,4,3.94,60.2,33.1,37.9,33.0,46.6,0.2,24,1,2,65.0,3,42.6,High,37.65,2,54.0,43.9
STU05732,20,Female,Mechanical,4,7.01,75.0,61.2,66.0,51.8,63.3,3.1,17,1,2,66.2,1,62.5,Medium,60.58,1,68.98,67.52
STU05733,20,Other,Mechanical,5,7.41,80.5,87.4,61.8,75.0,71.8,2.6,12,0,1,65.8,0,77.8,Low,74.0,0,69.32,75.66
STU05734,22,Female,Computer Science,8,6.48,82.5,59.0,50.8,59.4,68.7,2.8,10,4,4,41.8,0,68.6,Low,59.47,0,48.72,67.1
STU05735,21,Male,Computer Science,5,6.75,98.6,71.8,61.7,57.2,59.8,4.4,1,0,2,66.7,2,73.2,Low,62.62,0,78.68,73.32
STU05736,19,Male,Mechanical,2,6.11,92.5,50.6,52.5,43.2,72.8,2.9,5,1,0,65.8,1,63.2,Medium,54.78,0,67.82,66.42
STU05737,20,Male,Mechanical,3,8.88,89.6,71.0,84.2,71.9,82.5,4.4,7,1,1,63.8,0,76.9,Low,77.4,0,74.52,84.44
STU05738,21,Female,Civil,8,8.1,89.0,75.7,78.6,72.4,67.6,3.2,7,0,1,86.5,0,76.2,Low,73.58,0,80.6,80.03
STU05739,20,Male,Computer Science,3,5.13,82.4,65.4,38.2,52.5,67.1,3.0,12,0,3,78.7,1,51.2,Medium,55.8,0,76.48,60.88
STU05740,21,Male,Computer Science,7,7.87,84.6,74.6,72.6,66.5,72.3,4.0,9,1,2,65.4,0,90.3,Low,71.5,0,73.16,77.29
STU05741,22,Male,Management,8,8.53,93.1,72.1,83.1,73.8,79.9,3.9,4,1,2,74.0,0,89.5,Low,77.22,0,76.1,84.02
STU05742,19,Male,Computer Science,3,7.75,91.0,75.8,77.8,71.9,83.8,3.4,6,0,1,72.4,0,92.4,Low,77.32,0,75.96,80.81
STU05743,21,Male,Management,5,8.06,85.2,70.3,55.8,68.2,79.4,3.7,9,0,2,48.4,1,69.6,Low,68.43,0,67.86,76.88
STU05744,20,Male,Civil,6,7.83,84.1,66.7,77.1,71.5,77.4,4.0,10,0,0,78.9,0,81.7,Low,73.18,0,81.56,77.7
STU05745,22,Female,Civil,7,6.78,61.6,52.1,61.7,49.9,51.9,1.6,24,3,1,53.2,0,60.7,Medium,53.9,2,50.28,60.69
STU05746,21,Male,Electronics,7,7.16,85.0,82.0,71.3,76.5,76.9,4.1,10,0,2,56.9,0,76.7,Low,76.68,0,73.26,76.98
STU05747,18,Male,Management,2,4.88,47.5,36.6,29.1,49.2,48.4,3.5,35,1,3,23.4,2,30.2,High,40.83,2,53.86,45.28
STU05748,20,Male,Management,4,4.43,59.1,46.1,46.6,36.9,41.6,0.2,26,1,5,50.5,1,44.2,High,42.8,2,48.2,47.4
STU05749,21,Male,Civil,8,6.26,72.3,60.1,40.7,44.8,57.4,1.2,17,2,3,65.0,1,54.0,Medium,50.75,1,56.0,60.28
STU05750,20,Female,Civil,4,6.32,59.3,48.9,42.9,51.8,60.1,2.8,26,1,2,65.3,0,61.2,Medium,50.92,2,67.12,57.32
STU05751,19,Male,Mechanical,3,6.59,81.8,66.8,60.2,62.1,75.0,2.4,11,2,2,55.5,0,64.5,Medium,66.03,0,58.2,69.93
STU05752,21,Male,Computer Science,6,7.18,83.1,71.6,68.5,59.2,67.4,3.5,12,0,0,79.7,0,82.6,Low,66.68,0,79.38,72.58
STU05753,19,Male,Management,3,7.6,79.5,88.4,63.7,80.1,79.4,4.2,13,1,2,60.2,0,79.1,Low,77.9,1,72.08,77.64
STU05754,19,Male,Computer Science,3,7.52,78.7,63.9,65.4,56.0,63.0,2.8,14,2,1,60.0,0,72.1,Low,62.08,1,62.0,70.82
STU05755,22,Female,Mechanical,7,6.47,84.3,64.3,54.4,55.0,68.2,3.5,9,2,1,48.1,1,65.3,Low,60.47,0,60.74,67.91
STU05756,19,Female,Electronics,2,7.44,89.3,73.7,66.8,72.9,56.6,4.2,6,0,0,56.4,0,90.8,Low,67.5,0,73.56,75.36
STU05757,21,Male,Electrical,8,6.14,75.1,70.9,53.0,61.1,66.1,2.5,15,1,2,61.2,0,56.1,Medium,62.78,1,63.98,65.38
STU05758,20,Male,Civil,3,5.9,64.8,51.9,52.1,61.3,65.9,2.8,23,4,3,44.2,1,53.1,Medium,57.8,2,49.68,59.97
STU05759,18,Male,Civil,2,6.89,73.5,66.3,58.9,58.0,68.3,2.1,18,2,1,66.4,0,75.2,Low,62.88,1,61.06,67.64
STU05760,22,Female,Computer Science,7,3.37,71.7,53.5,40.2,34.3,51.6,2.4,16,3,1,43.2,5,29.2,High,44.9,1,50.28,47.68
STU05761,20,Male,Computer Science,3,8.81,98.7,95.6,97.2,96.1,94.1,5.4,1,1,0,84.2,0,100.0,Low,95.75,0,87.68,93.81
STU05762,20,Female,Computer Science,4,7.26,78.7,72.5,69.1,75.3,58.2,2.6,12,0,6,53.3,0,82.8,Low,68.77,1,64.32,72.6
STU05763,19,Male,Management,4,5.34,66.3,65.7,46.9,59.3,52.0,2.9,19,1,4,48.6,1,63.5,Medium,55.97,1,60.94,57.66
STU05764,20,Female,Computer Science,5,8.64,81.2,78.9,73.4,82.3,74.8,3.2,13,2,2,69.8,0,96.4,Low,77.35,0,67.92,81.48
STU05765,21,Male,Management,5,5.66,67.8,59.8,59.0,51.3,60.5,2.5,18,3,4,45.8,1,51.4,Medium,57.65,1,51.82,59.82
STU05766,19,Male,Computer Science,3,6.03,54.0,53.0,52.0,75.2,55.5,1.4,26,0,0,46.2,0,62.3,Medium,58.92,2,55.48,58.18
STU05767,20,Male,Management,3,6.64,76.9,59.4,48.8,39.3,54.9,1.9,14,3,1,51.8,2,56.6,Medium,50.6,1,51.22,62.7
STU05768,20,Male,Mechanical,3,8.87,81.1,82.4,84.7,81.2,64.5,3.7,13,0,2,90.8,0,90.1,Low,78.2,0,84.82,82.6
STU05769,19,Other,Electrical,2,5.68,68.4,68.3,46.7,44.5,74.4,1.8,22,3,4,51.9,1,56.5,Medium,58.48,1,50.76,60.37
STU05770,21,Male,Civil,6,6.78,76.1,67.8,61.8,62.4,80.6,2.1,16,0,1,60.1,0,72.6,Low,68.15,1,64.54,70.02
STU05771,20,Male,Electrical,5,8.21,81.4,75.6,80.7,76.7,70.2,4.7,12,1,3,62.9,0,81.8,Low,75.8,0,75.66,79.4
STU05772,19,Other,Civil,2,7.59,90.0,70.8,74.3,66.0,68.5,4.0,7,2,0,77.7,0,76.1,Low,69.9,0,75.08,77.03
STU05773,19,Male,Computer Science,4,6.48,71.4,69.9,50.1,52.5,74.3,2.4,16,2,2,50.3,0,55.6,Medium,61.7,1,56.12,65.21
STU05774,21,Male,Management,6,7.99,79.9,65.8,74.7,60.8,58.5,2.3,13,0,3,57.2,0,68.7,Low,64.95,1,64.38,73.92
STU05775,19,Male,Civil,3,9.32,82.3,78.9,79.8,91.4,90.2,5.0,10,0,2,63.2,0,93.7,Low,85.08,0,80.28,87.22
STU05776,20,Male,Computer Science,4,6.41,84.1,70.1,66.7,55.8,68.4,2.0,11,2,3,51.7,0,67.1,Low,65.25,0,54.68,69.56
STU05777,21,Female,Electronics,7,7.21,80.4,76.7,69.8,66.8,69.5,3.1,12,1,1,75.6,2,77.2,Low,70.7,0,72.74,73.62
STU05778,21,Male,Mechanical,6,6.91,69.4,60.5,60.4,57.4,78.3,2.6,21,2,3,56.9,0,69.2,Low,64.15,1,59.76,67.19
STU05779,21,Female,Management,6,9.08,76.0,69.4,70.0,78.2,73.9,3.6,15,1,3,56.7,1,82.8,Low,72.88,1,67.68,79.93
STU05780,20,Male,Electrical,4,6.65,89.3,68.2,55.0,63.5,76.5,3.6,7,0,0,55.2,0,78.5,Low,65.8,0,70.08,71.92
STU05781,21,Male,Electronics,5,7.11,78.0,68.6,86.1,65.5,71.7,3.1,12,0,0,97.2,0,63.7,Medium,72.97,1,84.38,73.58
STU05782,22,Female,Civil,7,4.85,76.7,32.3,19.7,36.6,38.1,1.4,32,3,1,27.7,0,37.4,High,31.67,1,39.08,48.82
STU05783,21,Female,Computer Science,8,5.72,68.4,55.5,38.6,47.2,76.8,2.2,19,1,1,76.2,2,56.9,Medium,54.53,1,68.48,58.93
STU05784,18,Female,Electronics,2,6.11,79.0,44.1,66.5,58.4,60.3,3.5,14,1,0,56.9,1,55.0,Medium,57.32,1,67.26,64.06
STU05785,21,Male,Electrical,7,6.89,80.5,68.8,66.3,52.7,61.9,1.6,13,3,2,46.6,0,48.9,High,62.42,0,47.64,69.21
STU05786,21,Male,Computer Science,8,9.09,83.8,88.4,85.0,81.3,89.4,4.3,10,0,1,73.0,0,90.9,Low,86.02,0,80.7,87.18
STU05787,21,Female,Electronics,8,7.83,66.8,68.7,43.5,62.7,71.0,1.1,21,3,6,52.4,1,61.2,Medium,61.48,1,47.46,68.7
STU05788,19,Female,Computer Science,3,6.76,69.6,70.9,63.7,66.8,60.0,3.3,17,1,3,66.5,0,56.2,Medium,65.35,1,70.1,67.2
STU05789,21,Male,Computer Science,5,6.65,73.3,60.4,49.0,48.2,75.4,3.4,17,0,2,55.1,1,57.7,Medium,58.25,1,69.04,64.9
STU05790,18,Male,Computer Science,2,8.38,80.1,78.5,71.5,66.4,73.7,3.8,14,3,4,46.0,1,75.3,Low,72.53,0,58.4,78.37
STU05791,19,Female,Computer Science,2,7.58,75.8,66.3,74.3,73.8,72.8,4.4,14,1,5,55.5,0,84.0,Low,71.8,1,71.2,74.2
STU05792,21,Male,Mechanical,5,5.79,76.7,45.6,58.2,63.5,57.3,1.8,20,2,3,47.6,0,57.0,Medium,56.15,1,52.04,61.9
STU05793,19,Female,Management,3,5.88,58.4,59.3,50.7,59.9,62.6,2.5,29,1,2,40.5,0,60.3,Medium,58.12,2,55.7,58.43
STU05794,20,Female,Computer Science,3,8.24,74.2,74.8,81.8,72.1,63.1,2.5,15,2,4,58.2,1,71.8,Low,72.95,1,59.78,76.57
STU05795,19,Male,Management,4,6.05,62.4,43.4,51.8,52.6,55.5,0.2,24,4,2,43.8,1,49.9,High,50.82,2,36.52,57.1
STU05796,20,Male,Civil,5,7.9,88.8,67.0,62.1,53.3,76.9,4.3,7,0,1,80.5,0,82.0,Low,64.82,0,83.7,75.78
STU05797,20,Female,Computer Science,3,9.65,100.0,90.0,88.1,100.0,90.5,5.1,0,0,1,75.8,0,100.0,Low,92.15,0,85.82,95.64
STU05798,21,Female,Electronics,7,7.86,79.1,70.4,58.0,59.9,70.9,3.1,14,0,0,79.3,2,65.3,Low,64.8,1,77.22,73.21
STU05799,21,Female,Computer Science,6,5.78,63.2,56.7,51.9,54.4,58.8,2.1,25,1,1,56.6,1,52.1,Medium,55.45,2,60.14,58.21
STU05800,22,Female,Electrical,7,6.96,78.5,90.7,73.4,74.7,73.2,3.1,14,2,2,56.1,0,71.4,Low,78.0,1,61.94,75.18
STU05801,21,Male,Civil,8,6.51,88.2,61.1,42.2,55.7,67.1,3.2,8,1,1,58.3,0,52.2,Medium,56.52,0,66.32,67.44
STU05802,21,Male,Electronics,6,5.65,52.2,52.7,26.3,39.4,49.4,2.5,28,0,4,34.8,2,37.4,High,41.95,2,56.42,49.6
STU05803,19,Female,Computer Science,4,7.04,66.3,57.2,59.6,62.9,64.3,2.0,19,1,4,43.9,0,71.2,Low,61.0,1,54.56,65.62
STU05804,22,Male,Computer Science,8,7.21,84.4,77.2,83.1,86.0,80.3,2.0,10,1,2,62.4,0,71.8,Low,81.65,0,61.96,79.0
STU05805,20,Female,Civil,5,6.67,71.2,61.9,61.8,59.9,59.5,2.9,19,1,0,59.3,0,64.8,Medium,60.78,1,65.22,65.46
STU05806,20,Male,Computer Science,5,6.85,85.8,62.9,70.7,57.2,72.5,2.3,8,1,1,60.3,0,55.8,Medium,65.82,0,62.62,71.76
STU05807,20,Male,Mechanical,4,6.89,90.2,71.4,61.8,61.1,59.3,3.5,6,2,2,47.7,1,44.1,High,63.4,0,60.58,72.02
STU05808,18,Male,Mechanical,2,6.67,60.9,52.0,46.4,48.3,64.2,2.0,24,1,1,36.7,0,51.3,Medium,52.72,2,51.68,59.66
STU05809,21,Female,Civil,8,5.91,81.9,56.7,45.9,53.7,77.5,4.6,13,0,1,71.4,0,69.1,Low,58.45,0,81.56,64.54
STU05810,22,Female,Computer Science,7,6.16,60.7,49.8,44.8,55.2,59.7,3.2,22,2,1,60.8,0,50.0,Medium,52.38,2,64.32,57.68
STU05811,20,Female,Electronics,6,6.89,100.0,99.6,89.1,100.0,100.0,6.2,0,0,0,84.5,0,100.0,Low,97.18,0,93.8,87.98
STU05812,20,Male,Mechanical,3,6.6,62.6,68.0,45.6,64.6,73.8,3.0,22,0,4,44.1,0,72.8,Low,63.0,2,62.64,63.95
STU05813,21,Female,Electrical,8,7.89,76.7,73.3,62.8,71.3,75.6,3.8,14,1,3,56.4,1,74.3,Low,70.75,1,68.56,75.09
STU05814,20,Female,Mechanical,3,9.32,100.0,83.0,78.0,68.9,95.3,5.3,0,0,0,100.0,0,100.0,Low,81.3,0,96.5,90.14
STU05815,20,Male,Electronics,3,7.77,86.2,87.7,71.2,80.4,73.2,3.9,9,2,0,40.5,0,89.8,Low,78.12,0,59.7,79.99
STU05816,19,Female,Computer Science,2,7.52,65.3,72.5,57.0,46.0,75.9,3.7,21,2,3,51.6,0,63.5,Medium,62.85,1,63.14,67.78
STU05817,20,Female,Civil,4,6.4,66.3,62.5,62.7,55.2,65.1,1.9,20,2,0,60.5,1,62.6,Medium,61.38,1,57.7,63.53
STU05818,19,Male,Mechanical,4,6.66,79.4,63.4,53.5,64.1,69.5,4.0,14,1,1,74.7,0,69.4,Low,62.62,1,76.88,68.21
STU05819,22,Male,Civil,7,6.84,66.9,72.9,52.0,55.7,61.7,2.7,23,1,3,50.2,1,62.1,Medium,60.58,1,60.58,64.9
STU05820,19,Female,Civil,4,7.25,77.9,79.6,75.0,50.3,79.3,4.6,13,0,1,74.4,0,67.6,Low,71.05,1,82.76,73.27
STU05821,21,Male,Management,8,6.47,66.8,60.5,53.7,43.6,55.9,1.9,23,1,2,51.2,0,50.9,Medium,53.42,1,56.98,60.72
STU05822,19,Female,Management,4,5.1,72.1,62.4,53.9,43.8,69.8,2.3,15,2,2,45.3,2,49.0,High,57.47,1,53.62,58.86
STU05823,20,Female,Electronics,5,6.83,66.6,54.2,55.6,68.3,70.1,1.8,21,5,2,54.1,0,52.3,Medium,62.05,1,45.64,65.38
STU05824,20,Male,Computer Science,6,7.38,91.4,66.6,67.8,74.0,65.5,3.9,5,0,1,88.8,1,70.9,Low,68.47,0,85.02,76.07
STU05825,21,Male,Management,7,5.54,63.6,49.9,45.1,38.9,57.1,0.5,22,4,4,25.5,2,36.5,High,47.75,2,30.7,54.39
STU05826,21,Female,Civil,7,6.81,73.0,51.1,57.1,62.8,58.2,1.7,16,0,4,44.4,0,60.4,Medium,57.3,1,56.26,65.0
STU05827,21,Male,Management,8,8.49,93.3,74.4,72.8,82.9,76.9,3.7,4,0,1,75.0,1,85.3,Low,76.75,0,78.5,83.74
STU05828,21,Male,Mechanical,8,9.67,83.0,86.9,80.7,99.5,81.6,3.8,10,0,1,65.3,0,95.5,Low,87.18,0,75.12,89.46
STU05829,18,Male,Management,2,6.6,81.4,66.7,58.9,57.4,61.7,2.8,12,1,1,61.4,1,60.6,Medium,61.18,0,65.56,67.92
STU05830,18,Female,Computer Science,2,6.52,79.2,57.6,65.0,57.8,73.7,2.6,12,2,2,64.6,0,58.6,Medium,63.52,1,62.84,68.03
STU05831,21,Male,Mechanical,5,4.96,73.4,57.3,49.4,49.9,63.8,2.6,16,1,2,46.9,0,64.7,Medium,55.1,1,58.76,57.75
STU05832,20,Male,Mechanical,3,6.42,64.6,43.7,63.0,62.2,60.0,2.5,22,3,2,45.4,0,65.3,Low,57.22,2,51.66,61.51
STU05833,21,Female,Computer Science,5,7.61,90.2,68.9,81.4,54.2,73.6,3.2,5,2,2,66.8,0,73.9,Low,69.53,0,66.72,77.0
STU05834,20,Male,Computer Science,6,5.98,70.0,54.6,46.0,49.8,57.4,2.2,20,1,1,65.4,3,51.5,Medium,51.95,1,64.16,59.21
STU05835,19,Female,Computer Science,3,6.25,78.3,69.3,68.1,59.8,61.1,2.5,15,1,5,65.4,0,62.7,Medium,64.58,1,65.66,67.28
STU05836,19,Male,Computer Science,2,4.02,57.8,48.1,40.6,20.3,59.7,1.4,25,0,2,45.2,1,35.7,High,42.18,2,55.08,45.39
STU05837,22,Female,Management,8,7.54,65.6,61.0,67.1,72.5,63.6,1.0,20,2,1,55.0,0,70.5,Low,66.05,1,51.0,69.21
STU05838,19,Male,Management,4,6.17,70.1,58.3,53.8,59.9,72.9,4.0,19,4,2,36.6,2,61.6,Medium,61.22,1,52.64,63.61
STU05839,22,Male,Management,7,7.03,64.4,44.6,64.9,38.8,55.5,0.5,24,1,4,27.6,0,51.0,Medium,50.95,2,40.54,61.08
STU05840,20,Male,Management,6,4.65,71.2,51.8,48.4,38.2,55.6,0.8,16,4,3,58.5,3,38.8,High,48.5,1,45.4,53.47
STU05841,21,Female,Electrical,6,6.13,78.6,65.7,53.8,50.5,66.5,3.4,12,4,1,56.8,0,62.0,Medium,59.12,1,57.72,64.76
STU05842,21,Female,Management,7,6.37,87.8,72.5,60.8,53.6,80.2,2.3,8,1,1,80.0,2,76.0,Low,66.78,0,70.5,70.96
STU05843,20,Male,Computer Science,3,7.08,70.3,65.3,48.4,50.7,70.0,2.8,19,2,3,62.0,2,60.9,Medium,58.6,1,62.8,65.8
STU05844,19,Male,Computer Science,3,8.45,91.8,84.8,69.4,67.2,82.2,5.1,5,1,2,62.9,0,88.2,Low,75.9,0,77.66,82.88
STU05845,22,Male,Management,8,9.6,100.0,99.4,91.4,86.0,85.2,4.0,0,1,1,83.5,0,94.4,Low,90.5,0,80.4,94.8
STU05846,20,Male,Mechanical,6,7.76,67.7,61.2,76.3,77.3,64.9,3.0,19,1,0,53.2,0,72.5,Low,69.93,1,63.28,72.06
STU05847,19,Male,Civil,4,7.9,68.1,68.0,61.7,71.9,67.8,2.5,18,0,2,52.5,2,70.4,Low,67.35,1,63.5,71.61
STU05848,21,Female,Mechanical,6,8.14,74.1,70.5,61.5,64.8,86.9,1.9,16,2,3,43.4,0,76.8,Low,70.93,1,50.86,75.38
STU05849,20,Male,Electronics,4,7.85,91.7,70.2,76.9,74.3,67.3,3.1,5,0,0,75.0,1,78.3,Low,72.18,0,75.5,79.27
STU05850,22,Female,Electronics,8,6.89,68.0,56.4,61.5,61.6,59.6,2.2,18,1,4,57.1,0,58.8,Medium,59.78,1,60.84,65.02
STU05851,20,Male,Electrical,5,8.64,91.7,85.7,62.5,53.4,73.1,4.2,5,0,0,72.1,0,100.0,Low,68.68,0,79.84,80.63
STU05852,19,Female,Mechanical,4,8.77,68.8,73.0,93.1,80.4,67.2,3.4,21,1,1,52.9,0,63.6,Medium,78.42,1,65.16,79.26
STU05853,20,Male,Electronics,6,7.38,69.1,57.9,64.6,65.5,59.6,2.5,20,0,0,62.3,0,73.6,Low,61.9,1,67.42,67.87
STU05854,21,Male,Mechanical,7,5.45,75.6,43.2,61.5,44.5,49.4,2.8,15,2,1,46.4,1,47.0,High,49.65,1,56.56,57.84
STU05855,19,Female,Electronics,4,5.87,75.8,51.2,51.3,33.2,59.8,1.7,14,2,4,42.9,0,40.5,High,48.88,1,49.66,59.04
STU05856,21,Male,Mechanical,7,6.55,73.8,59.1,50.8,69.6,71.0,3.3,15,4,3,51.8,0,48.2,High,62.62,1,55.22,66.42
STU05857,20,Female,Civil,3,8.16,85.3,83.1,76.4,76.0,82.2,4.9,8,0,0,67.4,1,82.6,Low,79.42,0,81.46,81.66
STU05858,20,Female,Electronics,3,6.83,78.4,60.1,50.6,66.4,61.4,1.7,14,2,4,67.1,1,77.3,Low,59.63,1,59.34,67.36
STU05859,22,Other,Management,7,8.65,74.5,74.8,73.5,63.7,65.8,4.0,17,1,2,70.0,0,92.5,Low,69.45,1,75.0,76.68
STU05860,20,Female,Mechanical,6,8.83,93.3,66.1,68.1,80.9,65.1,3.4,4,0,2,64.8,0,81.7,Low,70.05,0,72.92,82.25
STU05861,19,Male,Management,2,8.57,60.7,53.5,64.9,72.4,59.1,1.9,22,1,1,41.6,0,62.8,Medium,62.48,2,53.14,70.16
STU05862,20,Male,Electrical,6,8.29,88.9,73.0,78.5,75.0,72.5,4.2,6,0,3,70.8,0,83.1,Low,74.75,0,79.32,81.14
STU05863,19,Female,Management,4,5.99,74.7,56.9,54.2,37.6,57.6,2.7,16,1,2,52.9,0,57.2,Medium,51.58,1,61.66,60.27
STU05864,20,Male,Electrical,3,7.82,91.4,70.1,59.6,68.8,78.7,3.9,5,2,0,78.4,0,91.6,Low,69.3,0,74.86,77.94
STU05865,19,Female,Mechanical,4,6.55,80.8,66.1,53.4,47.3,64.0,3.7,11,2,2,55.6,1,69.3,Low,57.7,0,64.74,66.2
STU05866,21,Male,Mechanical,5,5.6,66.4,39.4,27.9,33.5,65.1,2.1,21,1,0,52.0,0,49.7,High,41.47,1,58.3,52.79
STU05867,21,Female,Mechanical,8,6.21,87.4,69.1,68.9,69.7,87.8,3.2,8,0,0,65.8,0,73.6,Low,73.88,0,72.32,73.13
STU05868,21,Male,Computer Science,5,8.41,86.4,73.4,76.1,75.7,75.9,4.2,8,0,1,67.8,1,69.4,Low,75.28,0,78.12,81.15
STU05869,19,Male,Computer Science,4,8.37,92.5,61.2,58.6,65.9,59.6,4.2,5,0,1,79.7,0,64.7,Medium,61.32,0,82.88,76.95
STU05870,21,Female,Computer Science,7,9.54,78.4,81.9,93.0,74.0,78.2,3.0,14,0,3,66.8,0,83.7,Low,81.78,1,71.72,85.7
STU05871,20,Female,Electrical,5,7.8,71.1,55.3,69.8,63.6,70.2,3.1,16,1,2,85.0,0,62.8,Medium,64.72,1,76.5,70.96
STU05872,18,Male,Computer Science,2,9.74,77.4,78.5,85.1,87.2,89.7,3.4,15,0,2,69.2,1,80.6,Low,85.12,1,74.68,87.49
STU05873,21,Male,Mechanical,6,7.37,82.0,84.0,61.8,60.6,69.5,5.7,12,0,0,67.4,0,89.0,Low,68.97,0,85.46,73.88
STU05874,20,Female,Computer Science,5,7.26,88.2,64.1,66.8,76.7,68.4,4.6,8,0,0,93.5,0,81.1,Low,69.0,0,90.4,75.06
STU05875,21,Male,Computer Science,6,5.51,70.1,66.2,46.4,56.0,64.9,3.2,17,2,1,77.0,0,51.0,Medium,58.38,1,70.8,60.16
STU05876,20,Female,Mechanical,3,8.07,94.4,77.1,90.4,73.2,81.7,5.2,3,0,2,72.9,0,84.7,Low,80.6,0,85.16,84.08
STU05877,21,Female,Management,5,6.28,65.5,47.5,51.6,51.2,51.3,0.2,21,1,3,35.2,1,51.5,Medium,50.4,1,42.08,58.52
STU05878,21,Male,Electronics,6,6.4,64.4,61.1,40.0,31.9,48.7,0.8,24,2,2,49.9,0,46.3,High,45.42,2,47.96,56.67
STU05879,21,Male,Management,6,8.34,77.2,69.8,84.3,76.9,73.3,4.9,13,2,0,69.8,0,70.6,Low,76.08,1,76.42,78.92
STU05880,20,Male,Computer Science,6,8.5,80.4,87.0,73.6,80.5,78.7,1.7,11,1,0,60.1,0,75.4,Low,79.95,0,59.54,81.83
STU05881,22,Male,Mechanical,8,8.16,93.3,71.7,65.6,64.1,58.9,2.4,4,0,1,56.8,0,92.0,Low,65.08,0,64.72,77.91
STU05882,21,Female,Computer Science,5,6.23,63.7,51.5,66.2,49.4,55.9,1.1,21,2,3,44.7,1,54.4,Medium,55.75,2,47.38,60.03
STU05883,20,Male,Electronics,5,6.89,88.2,79.2,61.8,64.8,79.0,3.3,8,1,0,69.5,0,74.8,Low,71.2,0,71.3,74.64
STU05884,20,Female,Computer Science,5,7.7,96.9,83.7,65.0,90.6,83.0,4.3,2,0,0,85.4,0,85.6,Low,80.57,0,85.66,83.4
STU05885,19,Female,Computer Science,4,7.96,91.1,82.0,76.3,95.1,96.2,3.7,6,0,1,82.1,0,82.9,Low,87.4,0,81.34,85.6
STU05886,20,Male,Civil,4,8.88,100.0,82.6,86.1,85.7,83.3,4.6,0,1,0,87.9,0,92.6,Low,84.42,0,85.16,89.85
STU05887,21,Female,Civil,6,7.47,79.9,59.6,60.9,60.0,71.5,3.6,13,1,1,46.0,0,65.7,Low,63.0,1,63.4,71.32
STU05888,19,Male,Computer Science,4,8.38,80.8,65.9,61.0,82.8,87.5,3.6,11,1,5,80.6,0,79.9,Low,74.3,0,77.24,79.25
STU05889,22,Male,Management,7,7.39,72.6,82.9,72.0,80.2,75.8,3.0,16,0,3,70.7,1,79.2,Low,77.73,1,73.28,75.1
STU05890,21,Female,Civil,7,7.02,91.0,90.1,61.2,51.8,88.8,5.4,6,0,2,74.8,0,90.8,Low,72.98,0,86.92,76.51
STU05891,22,Male,Electronics,8,7.01,74.9,71.3,61.8,52.0,78.2,3.2,15,0,0,60.7,0,76.7,Low,65.82,1,70.28,69.59
STU05892,18,Male,Electronics,2,8.03,84.9,64.4,71.3,69.9,79.7,4.2,8,1,5,71.7,0,91.3,Low,71.32,0,76.68,77.86
STU05893,19,Male,Electronics,4,8.92,93.1,84.2,79.6,94.7,89.8,5.2,5,0,1,84.7,0,86.6,Low,87.08,0,89.88,89.33
STU05894,22,Male,Electrical,7,7.9,94.3,77.7,77.9,85.5,82.3,4.4,3,0,0,80.6,0,94.0,Low,80.85,0,84.24,83.56
STU05895,21,Female,Mechanical,5,6.88,65.8,56.7,53.2,60.6,63.1,2.1,23,1,2,51.2,2,59.9,Medium,58.4,1,57.98,63.89
STU05896,20,Other,Computer Science,6,6.18,66.9,56.3,51.8,65.2,58.9,2.9,20,1,1,59.5,0,56.5,Medium,58.05,1,65.3,61.58
STU05897,21,Female,Computer Science,7,6.5,68.7,71.0,73.4,63.7,74.4,3.8,19,1,2,61.7,0,69.5,Low,70.62,1,70.68,68.18
STU05898,21,Other,Electronics,8,8.51,85.5,81.8,61.8,78.5,94.9,4.0,10,1,0,81.0,0,96.1,Low,79.25,0,79.4,82.86
STU05899,19,Female,Electronics,3,7.23,89.9,87.9,69.8,72.6,65.0,4.3,6,0,0,92.8,0,84.4,Low,73.82,0,88.62,77.31
STU05900,20,Male,Mechanical,3,7.77,71.0,61.6,62.6,76.2,75.2,2.9,17,1,1,63.7,0,64.1,Medium,68.9,1,66.98,72.5
STU05901,21,Female,Management,5,7.38,82.2,75.1,54.2,68.1,76.3,2.7,11,3,1,73.4,0,84.1,Low,68.42,0,63.86,73.75
STU05902,21,Male,Computer Science,5,5.93,75.3,69.2,50.1,55.6,73.3,1.9,15,0,1,42.4,0,63.2,Medium,62.05,1,56.46,64.4
STU05903,21,Male,Electronics,8,7.76,95.3,87.4,71.1,70.1,75.9,5.1,3,0,2,77.5,0,93.6,Low,76.12,0,86.5,81.44
STU05904,19,Female,Computer Science,2,7.19,74.4,60.6,64.3,74.3,69.6,2.7,16,2,1,82.9,0,66.0,Low,67.2,1,70.66,70.64
STU05905,20,Female,Electronics,3,8.57,85.8,82.1,73.3,77.7,89.7,3.6,10,1,3,72.4,0,86.8,Low,80.7,0,73.96,83.72
STU05906,22,Female,Civil,8,7.55,91.8,68.9,62.0,55.7,69.1,3.4,5,1,3,52.0,0,79.3,Low,63.92,0,64.8,74.95
STU05907,20,Male,Management,6,6.4,73.3,66.3,63.1,55.6,72.3,4.4,15,1,2,55.2,0,60.3,Medium,64.32,1,71.08,66.46
STU05908,21,Female,Electrical,6,5.85,47.3,47.4,49.0,49.1,46.9,0.9,29,3,3,27.1,1,53.8,Medium,48.1,2,36.34,51.54
STU05909,20,Male,Computer Science,3,7.39,76.7,82.2,73.7,61.6,70.8,1.7,7,3,2,57.9,0,66.3,Low,72.08,1,52.66,73.87
STU05910,21,Male,Management,6,8.25,89.5,69.1,84.8,80.8,80.8,3.6,6,1,4,62.1,0,86.6,Low,78.88,0,69.84,82.8
STU05911,20,Male,Electrical,4,7.74,79.9,61.9,72.3,62.0,74.4,3.2,12,3,5,49.3,1,76.6,Low,67.65,1,56.72,74.12
STU05912,21,Male,Computer Science,7,6.78,77.2,61.4,52.7,60.1,75.0,3.4,16,0,3,61.2,0,62.5,Medium,62.3,1,71.48,67.95
STU05913,19,Female,Management,2,6.89,56.6,54.8,55.8,58.7,58.3,1.8,24,3,5,25.3,0,45.7,High,56.9,2,40.12,61.02
STU05914,19,Female,Civil,3,5.77,67.7,64.5,48.6,71.1,64.8,2.1,18,3,3,61.7,0,50.9,Medium,62.25,1,56.18,62.02
STU05915,20,Female,Electrical,6,7.69,88.9,68.7,75.5,75.1,80.3,3.2,7,2,2,78.4,0,73.3,Low,74.9,0,71.36,79.1
STU05916,20,Male,Electronics,6,7.32,89.2,76.2,76.7,61.4,81.1,2.7,7,0,1,46.2,1,76.0,Low,73.85,0,61.98,77.46
STU05917,22,Male,Computer Science,7,6.15,68.1,63.7,60.6,55.0,60.2,2.2,20,2,2,66.0,1,59.3,Medium,59.88,1,61.4,62.5
STU05918,21,Female,Electrical,7,7.31,61.8,65.9,72.3,56.0,76.9,2.9,21,0,1,65.9,2,61.0,Medium,67.78,2,70.86,68.14
STU05919,18,Female,Mechanical,2,7.77,72.2,55.1,71.8,53.5,61.7,3.2,15,0,3,58.5,0,63.4,Medium,60.53,1,69.4,69.46
STU05920,18,Male,Management,2,6.29,70.1,76.4,61.4,69.4,67.2,4.9,20,0,1,58.8,0,64.5,Medium,68.6,1,78.02,66.98
STU05921,20,Male,Computer Science,4,6.31,72.0,64.1,63.9,51.2,68.4,3.0,19,0,3,61.1,0,62.4,Medium,61.9,1,69.44,64.84
STU05922,21,Male,Electronics,8,8.9,76.5,85.3,83.2,91.2,72.8,3.5,15,1,2,69.5,0,77.5,Low,83.12,1,72.3,83.52
STU05923,21,Male,Civil,5,10.0,96.4,85.4,80.6,94.9,89.4,3.0,2,0,0,80.8,0,93.9,Low,87.57,0,77.32,94.13
STU05924,21,Male,Mechanical,8,6.89,68.2,63.8,52.6,45.6,47.7,2.3,22,0,4,79.5,1,47.7,High,52.42,1,73.3,62.13
STU05925,19,Female,Electronics,2,5.88,69.6,50.8,52.4,44.8,62.3,3.3,20,0,2,45.2,0,57.8,Medium,52.58,1,64.58,59.01
STU05926,22,Male,Civil,8,6.82,76.7,87.1,52.0,67.2,72.4,4.6,5,0,0,92.2,0,70.4,Low,69.68,1,89.88,70.92
STU05927,18,Male,Civil,2,7.39,61.3,72.1,75.5,51.4,66.1,2.8,25,1,2,56.9,0,67.9,Low,66.28,2,63.76,67.7
STU05928,22,Female,Mechanical,7,7.74,82.5,77.3,78.8,73.9,69.4,5.3,12,1,1,59.2,1,77.9,Low,74.85,0,77.18,77.66
STU05929,21,Female,Electronics,8,7.57,76.7,62.9,75.0,65.3,75.3,3.8,15,1,0,68.6,0,83.6,Low,69.62,1,73.44,73.52
STU05930,20,Male,Mechanical,4,7.25,61.5,74.3,62.4,61.6,65.1,2.8,22,4,0,49.0,0,59.5,Medium,65.85,2,51.6,67.09
STU05931,20,Male,Mechanical,4,6.59,81.7,89.1,63.2,67.4,68.0,3.8,13,0,5,85.4,0,82.5,Low,71.93,0,83.16,72.26
STU05932,21,Female,Electrical,6,6.45,68.3,53.2,41.3,46.1,57.9,2.2,20,2,4,42.6,0,45.7,High,49.62,1,52.04,59.5
STU05933,21,Male,Civil,7,6.23,70.8,61.4,55.9,59.1,55.6,3.9,19,3,4,64.5,0,50.6,Medium,58.0,1,66.3,62.7
STU05934,18,Male,Mechanical,2,6.92,75.9,68.7,64.8,46.7,64.9,4.1,16,1,2,60.2,0,76.9,Low,61.28,1,71.58,67.71
STU05935,20,Female,Computer Science,3,5.65,62.2,32.8,45.0,48.1,54.8,1.0,26,0,3,39.6,1,45.5,High,45.18,2,50.84,53.4
STU05936,21,Male,Computer Science,7,4.95,47.9,52.9,55.1,40.0,50.3,0.2,29,2,2,27.5,1,27.1,High,49.58,2,36.0,49.13
STU05937,22,Female,Electronics,7,5.36,49.1,61.0,45.5,40.2,59.6,2.1,30,2,2,40.0,0,50.9,Medium,51.58,2,50.5,51.66
STU05938,19,Male,Mechanical,3,7.97,89.7,74.1,71.3,75.6,86.4,4.7,6,0,1,65.3,0,89.1,Low,76.85,0,79.62,81.06
STU05939,21,Female,Electrical,8,6.57,83.9,54.0,65.6,58.2,65.3,4.6,10,1,3,73.3,0,83.6,Low,60.78,0,79.32,68.28
STU05940,22,Female,Management,8,9.06,93.2,83.7,66.6,74.0,78.6,4.6,4,0,2,79.0,0,81.3,Low,75.72,0,84.6,85.3
STU05941,22,Female,Mechanical,8,5.19,77.9,48.2,58.3,41.1,45.4,2.4,14,2,3,63.2,2,46.8,High,48.25,1,61.28,56.94
STU05942,19,Female,Civil,3,6.25,67.8,46.4,46.9,54.0,56.8,3.5,22,1,4,57.5,1,48.8,High,51.03,1,67.5,59.24
STU05943,21,Female,Civil,6,8.08,95.5,86.5,80.0,77.5,79.7,4.3,3,0,2,72.1,0,90.7,Low,80.92,0,80.34,84.52
STU05944,20,Male,Electronics,3,3.95,55.7,52.1,38.9,16.8,50.3,1.3,30,0,2,45.6,3,26.8,High,39.52,2,54.74,43.56
STU05945,19,Male,Mechanical,3,8.64,88.3,74.8,69.1,79.8,81.1,3.7,7,2,1,73.5,0,86.3,Low,76.2,0,71.9,82.8
STU05946,18,Male,Electronics,2,4.48,61.7,59.5,45.0,43.5,64.2,2.0,26,2,2,33.2,2,32.1,High,53.05,2,47.28,52.32
STU05947,21,Female,Electronics,5,8.26,100.0,87.8,78.2,63.3,79.9,5.7,0,0,0,74.4,0,92.5,Low,77.3,0,88.26,84.83
STU05948,20,Male,Management,6,6.37,69.3,49.2,60.5,39.7,63.9,2.9,18,2,3,47.4,0,46.2,High,53.32,1,57.46,60.95
STU05949,19,Male,Mechanical,3,7.69,81.5,66.3,70.0,86.4,77.7,2.6,12,0,2,48.8,0,82.8,Low,75.1,0,62.52,77.33
STU05950,20,Male,Computer Science,3,10.0,96.6,100.0,75.6,98.7,100.0,5.0,2,0,0,86.2,0,100.0,Low,93.58,0,89.48,96.58
STU05951,20,Female,Mechanical,3,4.73,65.5,38.2,26.8,26.7,48.6,3.1,22,1,3,41.1,0,35.1,High,35.08,1,58.94,46.96
STU05952,19,Male,Management,3,8.44,93.4,80.9,61.8,70.2,76.1,2.8,4,0,2,81.1,0,85.2,Low,72.25,0,76.44,81.79
STU05953,21,Male,Computer Science,7,5.83,69.1,51.2,60.4,34.4,57.1,3.0,21,0,2,60.4,1,47.5,High,50.78,1,69.16,57.99
STU05954,20,Female,Management,3,6.98,79.2,73.2,76.9,50.3,73.5,2.2,14,3,1,58.0,1,67.0,Low,68.48,1,55.2,71.62
STU05955,20,Female,Management,3,6.61,88.7,71.1,45.3,50.7,79.2,3.6,7,1,1,61.4,1,64.9,Medium,61.58,0,69.56,69.94
STU05956,20,Female,Mechanical,4,6.33,66.0,55.4,48.2,50.8,57.5,3.0,21,0,2,62.5,0,57.2,Medium,52.97,1,70.0,59.84
STU05957,20,Male,Electronics,3,6.32,68.1,64.6,42.1,45.5,56.8,2.6,19,2,2,60.6,1,48.1,High,52.25,1,61.24,60.04
STU05958,22,Female,Computer Science,8,7.03,77.4,54.1,69.7,61.6,89.8,2.6,15,1,3,70.6,0,65.5,Low,68.8,1,68.24,71.47
STU05959,20,Male,Computer Science,3,5.81,90.7,65.8,52.8,41.3,65.2,4.2,5,0,2,65.9,0,73.5,Low,56.27,0,77.36,65.52
STU05960,21,Male,Electronics,5,7.94,86.0,73.9,73.7,71.3,84.6,2.6,10,2,0,54.7,0,72.1,Low,75.88,0,58.88,79.64
STU05961,20,Male,Electrical,5,5.85,64.7,66.9,43.8,61.7,64.3,3.4,20,3,5,48.1,0,54.9,Medium,59.18,2,57.24,60.32
STU05962,19,Male,Management,3,5.36,59.2,35.3,44.1,32.3,51.4,0.9,25,3,3,47.2,0,39.0,High,40.78,2,44.38,49.87
STU05963,20,Female,Computer Science,5,9.39,86.6,87.4,71.5,83.0,79.3,5.1,8,0,2,96.3,0,98.1,Low,80.3,0,94.02,86.64
STU05964,19,Female,Mechanical,3,6.5,66.7,65.3,79.6,69.4,84.4,3.3,20,0,3,49.4,0,48.9,High,74.68,1,66.26,69.3
STU05965,21,Female,Mechanical,5,8.56,75.3,77.9,90.3,74.8,79.6,4.3,15,1,3,68.6,0,79.8,Low,80.65,1,75.94,81.04
STU05966,19,Female,Electronics,2,7.16,85.6,77.4,96.3,100.0,75.8,3.8,8,0,0,74.3,0,89.9,Low,87.38,0,78.72,81.41
STU05967,21,Male,Mechanical,5,6.07,69.5,59.5,61.6,59.9,56.2,2.5,18,1,0,50.9,2,62.1,Medium,59.3,1,59.86,62.34
STU05968,19,Female,Management,4,7.58,77.0,67.8,76.6,62.0,56.9,3.5,13,1,0,57.9,0,70.3,Low,65.82,1,67.66,72.11
STU05969,20,Female,Electronics,4,6.8,82.5,73.9,70.5,59.6,74.0,3.0,11,1,1,59.9,1,64.3,Medium,69.5,0,65.96,72.22
STU05970,18,Male,Computer Science,2,8.07,92.0,74.6,70.7,90.0,75.0,3.5,5,1,2,59.2,0,85.3,Low,77.58,0,68.18,82.28
STU05971,21,Male,Civil,8,8.06,66.2,56.0,64.7,60.7,70.9,2.5,23,0,2,87.6,0,74.2,Low,63.08,1,77.54,69.99
STU05972,18,Female,Computer Science,2,6.7,77.5,72.9,68.8,60.0,67.1,3.7,16,0,2,54.7,0,69.8,Low,67.2,1,70.38,69.7
STU05973,19,Female,Management,3,7.53,87.4,77.7,71.1,72.0,72.6,4.2,8,1,4,58.7,0,72.9,Low,73.35,0,71.48,77.54
STU05974,19,Male,Management,2,8.51,89.0,65.5,66.6,60.6,76.6,5.1,8,2,0,73.4,0,81.8,Low,67.32,0,78.86,78.96
STU05975,21,Female,Computer Science,8,8.25,86.9,86.5,80.4,72.4,83.8,3.2,8,2,1,70.5,0,79.5,Low,80.78,0,68.2,82.91
STU05976,19,Male,Mechanical,4,7.19,73.0,64.2,55.5,51.6,68.9,3.5,19,2,1,57.8,0,65.1,Low,60.05,1,64.62,67.44
STU05977,20,Male,Electrical,5,5.68,67.8,53.7,53.9,39.2,59.1,1.9,22,1,3,47.1,0,55.8,Medium,51.48,1,55.34,57.42
STU05978,22,Female,Mechanical,7,6.89,82.1,61.5,47.9,64.1,58.5,3.5,10,1,0,51.6,0,63.7,Medium,58.0,0,65.14,67.84
STU05979,18,Female,Mechanical,2,5.36,60.7,44.4,51.2,46.1,52.4,1.9,26,1,2,40.5,1,50.1,Medium,48.52,2,52.7,53.34
STU05980,18,Female,Management,2,5.2,54.0,43.9,34.8,44.7,50.5,1.1,26,2,3,26.4,3,45.2,High,43.47,2,40.06,49.09
STU05981,19,Male,Computer Science,3,6.42,78.9,64.8,48.2,53.0,68.2,4.4,12,1,0,57.7,0,64.4,Medium,58.55,1,72.08,65.62
STU05982,20,Female,Mechanical,6,8.9,98.5,96.0,80.2,80.7,75.3,4.4,1,0,2,76.3,0,100.0,Low,83.05,0,82.52,89.0
STU05983,22,Male,Computer Science,8,5.68,57.6,61.8,56.1,47.3,59.5,1.7,28,1,5,39.5,1,48.8,High,56.18,2,51.3,56.75
STU05984,20,Male,Electronics,6,7.62,85.4,61.6,75.2,74.4,67.1,3.3,9,0,3,52.1,1,82.9,Low,69.58,0,67.34,75.85
STU05985,21,Female,Electrical,8,3.86,51.5,33.3,32.6,21.8,46.5,2.2,29,1,2,31.7,0,40.3,High,33.55,2,50.68,39.8
STU05986,21,Male,Civil,8,7.0,72.8,73.2,75.3,69.0,77.7,2.9,18,1,2,57.6,0,78.9,Low,73.8,1,64.54,72.22
STU05987,19,Female,Mechanical,3,6.38,83.0,63.1,73.7,59.5,51.0,3.3,10,1,0,72.1,1,64.5,Medium,61.82,0,72.34,67.81
STU05988,19,Female,Computer Science,3,6.05,64.4,52.2,48.5,40.9,67.4,1.5,23,5,4,59.5,3,47.9,High,52.25,2,46.3,58.18
STU05989,19,Male,Electrical,3,6.4,65.0,63.9,66.4,54.4,55.8,2.4,23,1,0,58.8,1,60.3,Medium,60.12,1,62.52,62.7
STU05990,22,Male,Electronics,7,6.27,61.3,66.0,50.0,52.9,69.4,2.0,21,0,3,56.3,1,55.3,Medium,59.58,2,62.52,61.1
STU05991,21,Male,Mechanical,6,3.81,64.0,39.2,28.6,31.1,56.5,1.0,24,1,1,55.1,2,36.5,High,38.85,2,54.04,44.88
STU05992,21,Male,Computer Science,8,7.72,67.9,50.4,58.8,82.1,66.6,2.2,21,2,4,53.4,1,57.4,Medium,64.47,1,56.36,69.78
STU05993,20,Female,Mechanical,5,7.53,88.3,72.4,61.4,67.9,77.6,3.2,7,2,1,71.3,1,73.1,Low,69.82,0,68.52,76.36
STU05994,21,Female,Mechanical,8,6.33,68.4,54.7,61.8,53.0,58.3,2.3,18,2,1,60.6,1,54.6,Medium,56.95,1,59.74,62.04
STU05995,22,Female,Electronics,8,5.81,57.5,55.8,65.7,43.7,46.0,2.7,25,3,1,55.1,1,47.1,High,52.8,2,56.54,55.83
STU05996,21,Other,Mechanical,7,5.86,63.4,55.4,43.7,41.3,66.1,1.5,21,2,1,62.5,1,39.4,High,51.62,2,56.5,57.01
STU05997,21,Male,Electronics,7,6.44,74.5,60.1,60.7,57.4,64.2,2.7,15,3,5,66.2,0,64.2,Medium,60.6,1,60.98,65.4
STU05998,18,Male,Civil,2,8.91,93.9,99.3,84.2,76.3,98.0,6.1,4,0,0,71.1,0,97.3,Low,89.45,0,88.44,90.44
STU05999,21,Male,Mechanical,7,6.22,62.6,61.5,49.1,63.7,70.4,1.0,22,2,2,58.1,0,52.9,Medium,61.18,2,52.24,61.89
STU06000,22,Female,Management,8,5.01,52.4,41.5,42.0,50.1,43.3,0.3,32,5,2,31.6,1,35.5,High,44.22,2,29.14,48.32
