Student_ID,Cluster,Cluster_Name
STU00001,1,Average / inconsistent
STU00002,1,Average / inconsistent
STU00003,2,High attendance + high marks
STU00004,2,High attendance + high marks
STU00005,0,Struggling & disengaged
STU00006,1,Average / inconsistent
STU00007,1,Average / inconsistent
STU00008,0,Struggling & disengaged
STU00009,1,Average / inconsistent
STU00010,1,Average / inconsistent
STU00011,0,Struggling & disengaged
STU00012,2,High attendance + high marks
STU00013,1,Average / inconsistent
STU00014,2,High attendance + high marks
STU00015,1,Average / inconsistent
STU00016,0,Struggling & disengaged
STU00017,2,High attendance + high marks
STU00018,0,Struggling & disengaged
STU00019,2,High attendance + high marks
STU00020,1,Average / inconsistent
STU00021,1,Average / inconsistent
STU00022,0,Struggling & disengaged
STU00023,2,High attendance + high marks
STU00024,1,Average / inconsistent
STU00025,0,Struggling & disengaged
STU00026,1,Average / inconsistent
STU00027,2,High attendance + high marks
STU00028,1,Average / inconsistent
STU00029,1,Average / inconsistent
STU00030,0,Struggling & disengaged
STU00031,2,High attendance + high marks
STU00032,2,High attendance + high marks
STU00033,1,Average / inconsistent
STU00034,1,Average / inconsistent
STU00035,1,Average / inconsistent
STU00036,1,Average / inconsistent
STU00037,1,Average / inconsistent
STU00038,1,Average / inconsistent
STU00039,0,Struggling & disengaged
STU00040,2,High attendance + high marks
STU00041,2,High attendance + high marks
STU00042,1,Average / inconsistent
STU00043,0,Struggling & disengaged
STU00044,0,Struggling & disengaged
STU00045,2,High attendance + high marks
STU00046,1,Average / inconsistent
STU00047,2,High attendance + high marks
STU00048,1,Average / inconsistent
STU00049,2,High attendance + high marks
STU00050,1,Average / inconsistent
STU00051,1,Average / inconsistent
STU00052,1,Average / inconsistent
STU00053,0,Struggling & disengaged
STU00054,2,High attendance + high marks
STU00055,1,Average / inconsistent
STU00056,1,Average / inconsistent
STU00057,0,Struggling & disengaged
STU00058,1,Average / inconsistent
STU00059,0,Struggling & disengaged
STU00060,2,High attendance + high marks
STU00061,0,Struggling & disengaged
STU00062,0,Struggling & disengaged
STU00063,1,Average / inconsistent
STU00064,2,High attendance + high marks
STU00065,2,High attendance + high marks
STU00066,2,High attendance + high marks
STU00067,1,Average / inconsistent
STU00068,1,Average / inconsistent
STU00069,1,Average / inconsistent
STU00070,0,Struggling & disengaged
STU00071,0,Struggling & disengaged
STU00072,0,Struggling & disengaged
STU00073,1,Average / inconsistent
STU00074,1,Average / inconsistent
STU00075,1,Average / inconsistent
STU00076,0,Struggling & disengaged
STU00077,2,High attendance + high marks
STU00078,1,Average / inconsistent
STU00079,2,High attendance + high marks
STU00080,0,Struggling & disengaged
STU00081,1,Average / inconsistent
STU00082,0,Struggling & disengaged
STU00083,1,Average / inconsistent
STU00084,0,Struggling & disengaged
STU00085,0,Struggling & disengaged
STU00086,1,Average / inconsistent
STU00087,1,Average / inconsistent
STU00088,1,Average / inconsistent
STU00089,2,High attendance + high marks
STU00090,1,Average / inconsistent
STU00091,2,High attendance + high marks
STU00092,0,Struggling & disengaged
STU00093,0,Struggling & disengaged
STU00094,1,Average / inconsistent
STU00095,1,Average / inconsistent
STU00096,1,Average / inconsistent
STU00097,1,Average / inconsistent
STU00098,0,Struggling & disengaged
STU00099,2,High attendance + high marks
STU00100,1,Average / inconsistent
STU00101,1,Average / inconsistent
STU00102,1,Average / inconsistent
STU00103,0,Struggling & disengaged
STU00104,2,High attendance + high marks
STU00105,1,Average / inconsistent
STU00106,0,Struggling & disengaged
STU00107,0,Struggling & disengaged
STU00108,2,High attendance + high marks
STU00109,2,High attendance + high marks
STU00110,0,Struggling & disengaged
STU00111,1,Average / inconsistent
STU00112,1,Average / inconsistent
STU00113,1,Average / inconsistent
STU00114,0,Struggling & disengaged
STU00115,1,Average / inconsistent
STU00116,2,High attendance + high marks
STU00117,0,Struggling & disengaged
STU00118,0,Struggling & disengaged
STU00119,2,High attendance + high marks
STU00120,1,Average / inconsistent
STU00121,2,High attendance + high marks
STU00122,2,High attendance + high marks
STU00123,2,High attendance + high marks
STU00124,2,High attendance + high marks
STU00125,1,Average / inconsistent
STU00126,1,Average / inconsistent
STU00127,2,High attendance + high marks
STU00128,1,Average / inconsistent
STU00129,1,Average / inconsistent
STU00130,0,Struggling & disengaged
STU00131,1,Average / inconsistent
STU00132,0,Struggling & disengaged
STU00133,2,High attendance + high marks
STU00134,0,Struggling & disengaged
STU00135,1,Average / inconsistent
STU00136,0,Struggling & disengaged
STU00137,1,Average / inconsistent
STU00138,0,Struggling & disengaged
STU00139,2,High attendance + high marks
STU00140,2,High attendance + high marks
STU00141,2,High attendance + high marks
STU00142,1,Average / inconsistent
STU00143,1,Average / inconsistent
STU00144,1,Average / inconsistent
STU00145,1,Average / inconsistent
STU00146,1,Average / inconsistent
STU00147,1,Average / inconsistent
STU00148,1,Average / inconsistent
STU00149,0,Struggling & disengaged
STU00150,2,High attendance + high marks
STU00151,0,Struggling & disengaged
STU00152,0,Struggling & disengaged
STU00153,0,Struggling & disengaged
STU00154,0,Struggling & disengaged
STU00155,2,High attendance + high marks
STU00156,2,High attendance + high marks
STU00157,1,Average / inconsistent
STU00158,1,Average / inconsistent
STU00159,0,Struggling & disengaged
STU00160,1,Average / inconsistent
STU00161,1,Average / inconsistent
STU00162,1,Average / inconsistent
STU00163,2,High attendance + high marks
STU00164,0,Struggling & disengaged
STU00165,2,High attendance + high marks
STU00166,1,Average / inconsistent
STU00167,2,High attendance + high marks
STU00168,0,Struggling & disengaged
STU00169,1,Average / inconsistent
STU00170,2,High attendance + high marks
STU00171,2,High attendance + high marks
STU00172,0,Struggling & disengaged
STU00173,1,Average / inconsistent
STU00174,0,Struggling & disengaged
STU00175,1,Average / inconsistent
STU00176,1,Average / inconsistent
STU00177,2,High attendance + high marks
STU00178,1,Average / inconsistent
STU00179,0,Struggling & disengaged
STU00180,0,Struggling & disengaged
STU00181,2,High attendance + high marks
STU00182,2,High attendance + high marks
STU00183,0,Struggling & disengaged
STU00184,2,High attendance + high marks
STU00185,2,High attendance + high marks
STU00186,1,Average / inconsistent
STU00187,1,Average / inconsistent
STU00188,0,Struggling & disengaged
STU00189,1,Average / inconsistent
STU00190,1,Average / inconsistent
STU00191,2,High attendance + high marks
STU00192,1,Average / inconsistent
STU00193,0,Struggling & disengaged
STU00194,1,Average / inconsistent
STU00195,0,Struggling & disengaged
STU00196,0,Struggling & disengaged
STU00197,2,High attendance + high marks
STU00198,1,Average / inconsistent
STU00199,0,Struggling & disengaged
STU00200,1,Average / inconsistent
STU00201,2,High attendance + high marks
STU00202,1,Average / inconsistent
STU00203,1,Average / inconsistent
STU00204,1,Average / inconsistent
STU00205,0,Struggling & disengaged
STU00206,0,Struggling & disengaged
STU00207,1,Average / inconsistent
STU00208,0,Struggling & disengaged
STU00209,1,Average / inconsistent
STU00210,1,Average / inconsistent
STU00211,1,Average / inconsistent
STU00212,1,Average / inconsistent
STU00213,2,High attendance + high marks
STU00214,1,Average / inconsistent
STU00215,1,Average / inconsistent
STU00216,2,High attendance + high marks
STU00217,1,Average / inconsistent
STU00218,2,High attendance + high marks
STU00219,1,Average / inconsistent
STU00220,0,Struggling & disengaged
STU00221,2,High attendance + high marks
STU00222,1,Average / inconsistent
STU00223,1,Average / inconsistent
STU00224,1,Average / inconsistent
STU00225,1,Average / inconsistent
STU00226,1,Average / inconsistent
STU00227,2,High attendance + high marks
STU00228,2,High attendance + high marks
STU00229,0,Struggling & disengaged
STU00230,1,Average / inconsistent
STU00231,0,Struggling & disengaged
STU00232,1,Average / inconsistent
STU00233,1,Average / inconsistent
STU00234,2,High attendance + high marks
STU00235,0,Struggling & disengaged
STU00236,0,Struggling & disengaged
STU00237,0,Struggling & disengaged
STU00238,0,Struggling & disengaged
STU00239,0,Struggling & disengaged
STU00240,1,Average / inconsistent
STU00241,1,Average / inconsistent
STU00242,1,Average / inconsistent
STU00243,0,Struggling & disengaged
STU00244,1,Average / inconsistent
STU00245,2,High attendance + high marks
STU00246,1,Average / inconsistent
STU00247,0,Struggling & disengaged
STU00248,2,High attendance + high marks
STU00249,2,High attendance + high marks
STU00250,1,Average / inconsistent
STU00251,1,Average / inconsistent
STU00252,2,High attendance + high marks
STU00253,2,High attendance + high marks
STU00254,0,Struggling & disengaged
STU00255,1,Average / inconsistent
STU00256,2,High attendance + high marks
STU00257,1,Average / inconsistent
STU00258,1,Average / inconsistent
STU00259,1,Average / inconsistent
STU00260,0,Struggling & disengaged
STU00261,0,Struggling & disengaged
STU00262,1,Average / inconsistent
STU00263,1,Average / inconsistent
STU00264,0,Struggling & disengaged
STU00265,1,Average / inconsistent
STU00266,1,Average / inconsistent
STU00267,1,Average / inconsistent
STU00268,2,High attendance + high marks
STU00269,1,Average / inconsistent
STU00270,1,Average / inconsistent
STU00271,1,Average / inconsistent
STU00272,0,Struggling & disengaged
STU00273,1,Average / inconsistent
STU00274,2,High attendance + high marks
STU00275,2,High attendance + high marks
STU00276,1,Average / inconsistent
STU00277,1,Average / inconsistent
STU00278,1,Average / inconsistent
STU00279,2,High attendance + high marks
STU00280,0,Struggling & disengaged
STU00281,1,Average / inconsistent
STU00282,2,High attendance + high marks
STU00283,2,High attendance + high marks
STU00284,1,Average / inconsistent
STU00285,0,Struggling & disengaged
STU00286,0,Struggling & disengaged
STU00287,2,High attendance + high marks
STU00288,1,Average / inconsistent
STU00289,1,Average / inconsistent
STU00290,0,Struggling & disengaged
STU00291,0,Struggling & disengaged
STU00292,2,High attendance + high marks
STU00293,2,High attendance + high marks
STU00294,0,Struggling & disengaged
STU00295,0,Struggling & disengaged
STU00296,0,Struggling & disengaged
STU00297,1,Average / inconsistent
STU00298,1,Average / inconsistent
STU00299,1,Average / inconsistent
STU00300,1,Average / inconsistent
STU00301,2,High attendance + high marks
STU00302,0,Struggling & disengaged
STU00303,1,Average / inconsistent
STU00304,0,Struggling & disengaged
STU00305,2,High attendance + high marks
STU00306,1,Average / inconsistent
STU00307,0,Struggling & disengaged
STU00308,1,Average / inconsistent
STU00309,2,High attendance + high marks
STU00310,1,Average / inconsistent
STU00311,2,High attendance + high marks
STU00312,2,High attendance + high marks
STU00313,2,High attendance + high marks
STU00314,2,High attendance + high marks
STU00315,2,High attendance + high marks
STU00316,2,High attendance + high marks
STU00317,1,Average / inconsistent
STU00318,0,Struggling & disengaged
STU00319,1,Average / inconsistent
STU00320,1,Average / inconsistent
STU00321,1,Average / inconsistent
STU00322,1,Average / inconsistent
STU00323,1,Average / inconsistent
STU00324,1,Average / inconsistent
STU00325,2,High attendance + high marks
STU00326,2,High attendance + high marks
STU00327,0,Struggling & disengaged
STU00328,1,Average / inconsistent
STU00329,1,Average / inconsistent
STU00330,1,Average / inconsistent
STU00331,2,High attendance + high marks
STU00332,1,Average / inconsistent
STU00333,1,Average / inconsistent
STU00334,0,Struggling & disengaged
STU00335,0,Struggling & disengaged
STU00336,0,Struggling & disengaged
STU00337,1,Average / inconsistent
STU00338,0,Struggling & disengaged
STU00339,2,High attendance + high marks
STU00340,2,High attendance + high marks
STU00341,0,Struggling & disengaged
STU00342,1,Average / inconsistent
STU00343,1,Average / inconsistent
STU00344,1,Average / inconsistent
STU00345,1,Average / inconsistent
STU00346,1,Average / inconsistent
STU00347,1,Average / inconsistent
STU00348,1,Average / inconsistent
STU00349,0,Struggling & disengaged
STU00350,2,High attendance + high marks
STU00351,2,High attendance + high marks
STU00352,1,Average / inconsistent
STU00353,2,High attendance + high marks
STU00354,1,Average / inconsistent
STU00355,2,High attendance + high marks
STU00356,1,Average / inconsistent
STU00357,1,Average / inconsistent
STU00358,2,High attendance + high marks
STU00359,1,Average / inconsistent
STU00360,0,Struggling & disengaged
STU00361,2,High attendance + high marks
STU00362,2,High attendance + high marks
STU00363,1,Average / inconsistent
STU00364,0,Struggling & disengaged
STU00365,1,Average / inconsistent
STU00366,2,High attendance + high marks
STU00367,2,High attendance + high marks
STU00368,0,Struggling & disengaged
STU00369,1,Average / inconsistent
STU00370,2,High attendance + high marks
STU00371,2,High attendance + high marks
STU00372,2,High attendance + high marks
STU00373,1,Average / inconsistent
STU00374,2,High attendance + high marks
STU00375,1,Average / inconsistent
STU00376,2,High attendance + high marks
STU00377,0,Struggling & disengaged
STU00378,0,Struggling & disengaged
STU00379,2,High attendance + high marks
STU00380,1,Average / inconsistent
STU00381,1,Average / inconsistent
STU00382,1,Average / inconsistent
STU00383,0,Struggling & disengaged
STU00384,0,Struggling & disengaged
STU00385,0,Struggling & disengaged
STU00386,2,High attendance + high marks
STU00387,2,High attendance + high marks
STU00388,0,Struggling & disengaged
STU00389,1,Average / inconsistent
STU00390,0,Struggling & disengaged
STU00391,0,Struggling & disengaged
STU00392,0,Struggling & disengaged
STU00393,1,Average / inconsistent
STU00394,2,High attendance + high marks
STU00395,2,High attendance + high marks
STU00396,1,Average / inconsistent
STU00397,2,High attendance + high marks
STU00398,0,Struggling & disengaged
STU00399,1,Average / inconsistent
STU00400,1,Average / inconsistent
STU00401,2,High attendance + high marks
STU00402,1,Average / inconsistent
STU00403,1,Average / inconsistent
STU00404,0,Struggling & disengaged
STU00405,1,Average / inconsistent
STU00406,1,Average / inconsistent
STU00407,1,Average / inconsistent
STU00408,1,Average / inconsistent
STU00409,0,Struggling & disengaged
STU00410,0,Struggling & disengaged
STU00411,1,Average / inconsistent
STU00412,0,Struggling & disengaged
STU00413,0,Struggling & disengaged
STU00414,1,Average / inconsistent
STU00415,0,Struggling & disengaged
STU00416,0,Struggling & disengaged
STU00417,2,High attendance + high marks
STU00418,2,High attendance + high marks
STU00419,2,High attendance + high marks
STU00420,1,Average / inconsistent
STU00421,1,Average / inconsistent
STU00422,1,Average / inconsistent
STU00423,0,Struggling & disengaged
STU00424,0,Struggling & disengaged
STU00425,1,Average / inconsistent
STU00426,2,High attendance + high marks
STU00427,2,High attendance + high marks
STU00428,1,Average / inconsistent
STU00429,1,Average / inconsistent
STU00430,1,Average / inconsistent
STU00431,0,Struggling & disengaged
STU00432,1,Average / inconsistent
STU00433,1,Average / inconsistent
STU00434,1,Average / inconsistent
STU00435,2,High attendance + high marks
STU00436,1,Average / inconsistent
STU00437,1,Average / inconsistent
STU00438,1,Average / inconsistent
STU00439,1,Average / inconsistent
STU00440,2,High attendance + high marks
STU00441,1,Average / inconsistent
STU00442,2,High attendance + high marks
STU00443,2,High attendance + high marks
STU00444,2,High attendance + high marks
STU00445,1,Average / inconsistent
STU00446,2,High attendance + high marks
STU00447,2,High attendance + high marks
STU00448,1,Average / inconsistent
STU00449,1,Average / inconsistent
STU00450,2,High attendance + high marks
STU00451,2,High attendance + high marks
STU00452,2,High attendance + high marks
STU00453,2,High attendance + high marks
STU00454,2,High attendance + high marks
STU00455,1,Average / inconsistent
STU00456,0,Struggling & disengaged
STU00457,2,High attendance + high marks
STU00458,1,Average / inconsistent
STU00459,1,Average / inconsistent
STU00460,2,High attendance + high marks
STU00461,2,High attendance + high marks
STU00462,1,Average / inconsistent
STU00463,0,Struggling & disengaged
STU00464,0,Struggling & disengaged
STU00465,0,Struggling & disengaged
STU00466,0,Struggling & disengaged
STU00467,1,Average / inconsistent
STU00468,2,High attendance + high marks
STU00469,2,High attendance + high marks
STU00470,1,Average / inconsistent
STU00471,1,Average / inconsistent
STU00472,1,Average / inconsistent
STU00473,1,Average / inconsistent
STU00474,0,Struggling & disengaged
STU00475,0,Struggling & disengaged
STU00476,1,Average / inconsistent
STU00477,2,High attendance + high marks
STU00478,0,Struggling & disengaged
STU00479,1,Average / inconsistent
STU00480,2,High attendance + high marks
STU00481,1,Average / inconsistent
STU00482,1,Average / inconsistent
STU00483,0,Struggling & disengaged
STU00484,2,High attendance + high marks
STU00485,1,Average / inconsistent
STU00486,1,Average / inconsistent
STU00487,0,Struggling & disengaged
STU00488,1,Average / inconsistent
STU00489,0,Struggling & disengaged
STU00490,1,Average / inconsistent
STU00491,2,High attendance + high marks
STU00492,1,Average / inconsistent
STU00493,0,Struggling & disengaged
STU00494,2,High attendance + high marks
STU00495,1,Average / inconsistent
STU00496,0,Struggling & disengaged
STU00497,0,Struggling & disengaged
STU00498,1,Average / inconsistent
STU00499,0,Struggling & disengaged
STU00500,1,Average / inconsistent
STU00501,2,High attendance + high marks
STU00502,2,High attendance + high marks
STU00503,2,High attendance + high marks
STU00504,0,Struggling & disengaged
STU00505,0,Struggling & disengaged
STU00506,1,Average / inconsistent
STU00507,2,High attendance + high marks
STU00508,1,Average / inconsistent
STU00509,0,Struggling & disengaged
STU00510,2,High attendance + high marks
STU00511,0,Struggling & disengaged
STU00512,0,Struggling & disengaged
STU00513,2,High attendance + high marks
STU00514,1,Average / inconsistent
STU00515,0,Struggling & disengaged
STU00516,1,Average / inconsistent
STU00517,1,Average / inconsistent
STU00518,0,Struggling & disengaged
STU00519,2,High attendance + high marks
STU00520,2,High attendance + high marks
STU00521,1,Average / inconsistent
STU00522,0,Struggling & disengaged
STU00523,2,High attendance + high marks
STU00524,1,Average / inconsistent
STU00525,2,High attendance + high marks
STU00526,1,Average / inconsistent
STU00527,2,High attendance + high marks
STU00528,1,Average / inconsistent
STU00529,2,High attendance + high marks
STU00530,1,Average / inconsistent
STU00531,1,Average / inconsistent
STU00532,0,Struggling & disengaged
STU00533,1,Average / inconsistent
STU00534,2,High attendance + high marks
STU00535,0,Struggling & disengaged
STU00536,2,High attendance + high marks
STU00537,0,Struggling & disengaged
STU00538,1,Average / inconsistent
STU00539,0,Struggling & disengaged
STU00540,0,Struggling & disengaged
STU00541,0,Struggling & disengaged
STU00542,1,Average / inconsistent
STU00543,2,High attendance + high marks
STU00544,1,Average / inconsistent
STU00545,0,Struggling & disengaged
STU00546,1,Average / inconsistent
STU00547,1,Average / inconsistent
STU00548,1,Average / inconsistent
STU00549,0,Struggling & disengaged
STU00550,1,Average / inconsistent
STU00551,1,Average / inconsistent
STU00552,1,Average / inconsistent
STU00553,2,High attendance + high marks
STU00554,2,High attendance + high marks
STU00555,1,Average / inconsistent
STU00556,1,Average / inconsistent
STU00557,1,Average / inconsistent
STU00558,0,Struggling & disengaged
STU00559,0,Struggling & disengaged
STU00560,0,Struggling & disengaged
STU00561,1,Average / inconsistent
STU00562,0,Struggling & disengaged
STU00563,1,Average / inconsistent
STU00564,1,Average / inconsistent
STU00565,2,High attendance + high marks
STU00566,2,High attendance + high marks
STU00567,2,High attendance + high marks
STU00568,0,Struggling & disengaged
STU00569,1,Average / inconsistent
STU00570,0,Struggling & disengaged
STU00571,0,Struggling & disengaged
STU00572,1,Average / inconsistent
STU00573,2,High attendance + high marks
STU00574,0,Struggling & disengaged
STU00575,1,Average / inconsistent
STU00576,1,Average / inconsistent
STU00577,2,High attendance + high marks
STU00578,1,Average / inconsistent
STU00579,0,Struggling & disengaged
STU00580,1,Average / inconsistent
STU00581,0,Struggling & disengaged
STU00582,0,Struggling & disengaged
STU00583,1,Average / inconsistent
STU00584,1,Average / inconsistent
STU00585,2,High attendance + high marks
STU00586,2,High attendance + high marks
STU00587,1,Average / inconsistent
STU00588,0,Struggling & disengaged
STU00589,1,Average / inconsistent
STU00590,2,High attendance + high marks
STU00591,1,Average / inconsistent
STU00592,2,High attendance + high marks
STU00593,2,High attendance + high marks
STU00594,0,Struggling & disengaged
STU00595,0,Struggling & disengaged
STU00596,0,Struggling & disengaged
STU00597,1,Average / inconsistent
STU00598,1,Average / inconsistent
STU00599,1,Average / inconsistent
STU00600,1,Average / inconsistent
STU00601,2,High attendance + high marks
STU00602,1,Average / inconsistent
STU00603,2,High attendance + high marks
STU00604,1,Average / inconsistent
STU00605,1,Average / inconsistent
STU00606,0,Struggling & disengaged
STU00607,1,Average / inconsistent
STU00608,1,Average / inconsistent
STU00609,0,Struggling & disengaged
STU00610,1,Average / inconsistent
STU00611,0,Struggling & disengaged
STU00612,1,Average / inconsistent
STU00613,0,Struggling & disengaged
STU00614,1,Average / inconsistent
STU00615,2,High attendance + high marks
STU00616,1,Average / inconsistent
STU00617,1,Average / inconsistent
STU00618,1,Average / inconsistent
STU00619,2,High attendance + high marks
STU00620,2,High attendance + high marks
STU00621,1,Average / inconsistent
STU00622,1,Average / inconsistent
STU00623,2,High attendance + high marks
STU00624,1,Average / inconsistent
STU00625,1,Average / inconsistent
STU00626,1,Average / inconsistent
STU00627,1,Average / inconsistent
STU00628,1,Average / inconsistent
STU00629,0,Struggling & disengaged
STU00630,0,Struggling & disengaged
STU00631,2,High attendance + high marks
STU00632,2,High attendance + high marks
STU00633,1,Average / inconsistent
STU00634,0,Struggling & disengaged
STU00635,1,Average / inconsistent
STU00636,1,Average / inconsistent
STU00637,1,Average / inconsistent
STU00638,1,Average / inconsistent
STU00639,2,High attendance + high marks
STU00640,2,High attendance + high marks
STU00641,0,Struggling & disengaged
STU00642,1,Average / inconsistent
STU00643,2,High attendance + high marks
STU00644,1,Average / inconsistent
STU00645,1,Average / inconsistent
STU00646,1,Average / inconsistent
STU00647,1,Average / inconsistent
STU00648,1,Average / inconsistent
STU00649,0,Struggling & disengaged
STU00650,0,Struggling & disengaged
STU00651,2,High attendance + high marks
STU00652,1,Average / inconsistent
STU00653,1,Average / inconsistent
STU00654,0,Struggling & disengaged
STU00655,2,High attendance + high marks
STU00656,2,High attendance + high marks
STU00657,1,Average / inconsistent
STU00658,1,Average / inconsistent
STU00659,2,High attendance + high marks
STU00660,0,Struggling & disengaged
STU00661,1,Average / inconsistent
STU00662,2,High attendance + high marks
STU00663,0,Struggling & disengaged
STU00664,1,Average / inconsistent
STU00665,1,Average / inconsistent
STU00666,0,Struggling & disengaged
STU00667,0,Struggling & disengaged
STU00668,2,High attendance + high marks
STU00669,0,Struggling & disengaged
STU00670,0,Struggling & disengaged
STU00671,1,Average / inconsistent
STU00672,1,Average / inconsistent
STU00673,0,Struggling & disengaged
STU00674,0,Struggling & disengaged
STU00675,2,High attendance + high marks
STU00676,1,Average / inconsistent
STU00677,2,High attendance + high marks
STU00678,1,Average / inconsistent
STU00679,2,High attendance + high marks
STU00680,2,High attendance + high marks
STU00681,2,High attendance + high marks
STU00682,0,Struggling & disengaged
STU00683,1,Average / inconsistent
STU00684,1,Average / inconsistent
STU00685,1,Average / inconsistent
STU00686,0,Struggling & disengaged
STU00687,2,High attendance + high marks
STU00688,2,High attendance + high marks
STU00689,2,High attendance + high marks
STU00690,2,High attendance + high marks
STU00691,1,Average / inconsistent
STU00692,1,Average / inconsistent
STU00693,1,Average / inconsistent
STU00694,0,Struggling & disengaged
STU00695,1,Average / inconsistent
STU00696,0,Struggling & disengaged
STU00697,0,Struggling & disengaged
STU00698,0,Struggling & disengaged
STU00699,0,Struggling & disengaged
STU00700,2,High attendance + high marks
STU00701,1,Average / inconsistent
STU00702,2,High attendance + high marks
STU00703,0,Struggling & disengaged
STU00704,2,High attendance + high marks
STU00705,1,Average / inconsistent
STU00706,0,Struggling & disengaged
STU00707,0,Struggling & disengaged
STU00708,1,Average / inconsistent
STU00709,1,Average / inconsistent
STU00710,2,High attendance + high marks
STU00711,2,High attendance + high marks
STU00712,1,Average / inconsistent
STU00713,1,Average / inconsistent
STU00714,0,Struggling & disengaged
STU00715,0,Struggling & disengaged
STU00716,0,Struggling & disengaged
STU00717,0,Struggling & disengaged
STU00718,2,High attendance + high marks
STU00719,0,Struggling & disengaged
STU00720,0,Struggling & disengaged
STU00721,2,High attendance + high marks
STU00722,2,High attendance + high marks
STU00723,0,Struggling & disengaged
STU00724,0,Struggling & disengaged
STU00725,1,Average / inconsistent
STU00726,0,Struggling & disengaged
STU00727,1,Average / inconsistent
STU00728,1,Average / inconsistent
STU00729,1,Average / inconsistent
STU00730,0,Struggling & disengaged
STU00731,2,High attendance + high marks
STU00732,1,Average / inconsistent
STU00733,1,Average / inconsistent
STU00734,0,Struggling & disengaged
STU00735,2,High attendance + high marks
STU00736,2,High attendance + high marks
STU00737,2,High attendance + high marks
STU00738,2,High attendance + high marks
STU00739,0,Struggling & disengaged
STU00740,0,Struggling & disengaged
STU00741,1,Average / inconsistent
STU00742,2,High attendance + high marks
STU00743,0,Struggling & disengaged
STU00744,1,Average / inconsistent
STU00745,1,Average / inconsistent
STU00746,2,High attendance + high marks
STU00747,2,High attendance + high marks
STU00748,2,High attendance + high marks
STU00749,1,Average / inconsistent
STU00750,0,Struggling & disengaged
STU00751,1,Average / inconsistent
STU00752,1,Average / inconsistent
STU00753,0,Struggling & disengaged
STU00754,2,High attendance + high marks
STU00755,2,High attendance + high marks
STU00756,2,High attendance + high marks
STU00757,0,Struggling & disengaged
STU00758,1,Average / inconsistent
STU00759,2,High attendance + high marks
STU00760,2,High attendance + high marks
STU00761,2,High attendance + high marks
STU00762,2,High attendance + high marks
STU00763,1,Average / inconsistent
STU00764,2,High attendance + high marks
STU00765,1,Average / inconsistent
STU00766,0,Struggling & disengaged
STU00767,2,High attendance + high marks
STU00768,1,Average / inconsistent
STU00769,1,Average / inconsistent
STU00770,1,Average / inconsistent
STU00771,2,High attendance + high marks
STU00772,2,High attendance + high marks
STU00773,1,Average / inconsistent
STU00774,2,High attendance + high marks
STU00775,0,Struggling & disengaged
STU00776,2,High attendance + high marks
STU00777,0,Struggling & disengaged
STU00778,1,Average / inconsistent
STU00779,1,Average / inconsistent
STU00780,1,Average / inconsistent
STU00781,2,High attendance + high marks
STU00782,1,Average / inconsistent
STU00783,1,Average / inconsistent
STU00784,2,High attendance + high marks
STU00785,1,Average / inconsistent
STU00786,1,Average / inconsistent
STU00787,0,Struggling & disengaged
STU00788,0,Struggling & disengaged
STU00789,0,Struggling & disengaged
STU00790,0,Struggling & disengaged
STU00791,1,Average / inconsistent
STU00792,0,Struggling & disengaged
STU00793,2,High attendance + high marks
STU00794,1,Average / inconsistent
STU00795,0,Struggling & disengaged
STU00796,2,High attendance + high marks
STU00797,1,Average / inconsistent
STU00798,2,High attendance + high marks
STU00799,1,Average / inconsistent
STU00800,2,High attendance + high marks
STU00801,0,Struggling & disengaged
STU00802,1,Average / inconsistent
STU00803,1,Average / inconsistent
STU00804,1,Average / inconsistent
STU00805,2,High attendance + high marks
STU00806,1,Average / inconsistent
STU00807,1,Average / inconsistent
STU00808,0,Struggling & disengaged
STU00809,1,Average / inconsistent
STU00810,1,Average / inconsistent
STU00811,1,Average / inconsistent
STU00812,0,Struggling & disengaged
STU00813,1,Average / inconsistent
STU00814,0,Struggling & disengaged
STU00815,1,Average / inconsistent
STU00816,1,Average / inconsistent
STU00817,0,Struggling & disengaged
STU00818,1,Average / inconsistent
STU00819,1,Average / inconsistent
STU00820,0,Struggling & disengaged
STU00821,1,Average / inconsistent
STU00822,1,Average / inconsistent
STU00823,2,High attendance + high marks
STU00824,0,Struggling & disengaged
STU00825,0,Struggling & disengaged
STU00826,2,High attendance + high marks
STU00827,0,Struggling & disengaged
STU00828,0,Struggling & disengaged
STU00829,2,High attendance + high marks
STU00830,0,Struggling & disengaged
STU00831,1,Average / inconsistent
STU00832,2,High attendance + high marks
STU00833,0,Struggling & disengaged
STU00834,1,Average / inconsistent
STU00835,1,Average / inconsistent
STU00836,0,Struggling & disengaged
STU00837,1,Average / inconsistent
STU00838,2,High attendance + high marks
STU00839,2,High attendance + high marks
STU00840,1,Average / inconsistent
STU00841,2,High attendance + high marks
STU00842,1,Average / inconsistent
STU00843,2,High attendance + high marks
STU00844,1,Average / inconsistent
STU00845,1,Average / inconsistent
STU00846,2,High attendance + high marks
STU00847,2,High attendance + high marks
STU00848,0,Struggling & disengaged
STU00849,0,Struggling & disengaged
STU00850,2,High attendance + high marks
STU00851,2,High attendance + high marks
STU00852,2,High attendance + high marks
STU00853,1,Average / inconsistent
STU00854,0,Struggling & disengaged
STU00855,1,Average / inconsistent
STU00856,1,Average / inconsistent
STU00857,1,Average / inconsistent
STU00858,2,High attendance + high marks
STU00859,1,Average / inconsistent
STU00860,2,High attendance + high marks
STU00861,0,Struggling & disengaged
STU00862,0,Struggling & disengaged
STU00863,2,High attendance + high marks
STU00864,1,Average / inconsistent
STU00865,0,Struggling & disengaged
STU00866,2,High attendance + high marks
STU00867,0,Struggling & disengaged
STU00868,1,Average / inconsistent
STU00869,0,Struggling & disengaged
STU00870,2,High attendance + high marks
STU00871,1,Average / inconsistent
STU00872,2,High attendance + high marks
STU00873,2,High attendance + high marks
STU00874,1,Average / inconsistent
STU00875,0,Struggling & disengaged
STU00876,0,Struggling & disengaged
STU00877,0,Struggling & disengaged
STU00878,1,Average / inconsistent
STU00879,1,Average / inconsistent
STU00880,1,Average / inconsistent
STU00881,0,Struggling & disengaged
STU00882,1,Average / inconsistent
STU00883,1,Average / inconsistent
STU00884,0,Struggling & disengaged
STU00885,1,Average / inconsistent
STU00886,2,High attendance + high marks
STU00887,1,Average / inconsistent
STU00888,0,Struggling & disengaged
STU00889,0,Struggling & disengaged
STU00890,0,Struggling & disengaged
STU00891,0,Struggling & disengaged
STU00892,1,Average / inconsistent
STU00893,0,Struggling & disengaged
STU00894,1,Average / inconsistent
STU00895,1,Average / inconsistent
STU00896,1,Average / inconsistent
STU00897,1,Average / inconsistent
STU00898,0,Struggling & disengaged
STU00899,1,Average / inconsistent
STU00900,0,Struggling & disengaged
STU00901,0,Struggling & disengaged
STU00902,2,High attendance + high marks
STU00903,1,Average / inconsistent
STU00904,2,High attendance + high marks
STU00905,1,Average / inconsistent
STU00906,2,High attendance + high marks
STU00907,0,Struggling & disengaged
STU00908,0,Struggling & disengaged
STU00909,1,Average / inconsistent
STU00910,2,High attendance + high marks
STU00911,1,Average / inconsistent
STU00912,1,Average / inconsistent
STU00913,2,High attendance + high marks
STU00914,2,High attendance + high marks
STU00915,0,Struggling & disengaged
STU00916,1,Average / inconsistent
STU00917,2,High attendance + high marks
STU00918,1,Average / inconsistent
STU00919,2,High attendance + high marks
STU00920,0,Struggling & disengaged
STU00921,2,High attendance + high marks
STU00922,0,Struggling & disengaged
STU00923,1,Average / inconsistent
STU00924,1,Average / inconsistent
STU00925,1,Average / inconsistent
STU00926,2,High attendance + high marks
STU00927,0,Struggling & disengaged
STU00928,1,Average / inconsistent
STU00929,1,Average / inconsistent
STU00930,1,Average / inconsistent
STU00931,0,Struggling & disengaged
STU00932,1,Average / inconsistent
STU00933,2,High attendance + high marks
STU00934,2,High attendance + high marks
STU00935,2,High attendance + high marks
STU00936,1,Average / inconsistent
STU00937,0,Struggling & disengaged
STU00938,1,Average / inconsistent
STU00939,2,High attendance + high marks
STU00940,1,Average / inconsistent
STU00941,1,Average / inconsistent
STU00942,0,Struggling & disengaged
STU00943,1,Average / inconsistent
STU00944,2,High attendance + high marks
STU00945,1,Average / inconsistent
STU00946,2,High attendance + high marks
STU00947,2,High attendance + high marks
STU00948,0,Struggling & disengaged
STU00949,2,High attendance + high marks
STU00950,0,Struggling & disengaged
STU00951,1,Average / inconsistent
STU00952,2,High attendance + high marks
STU00953,2,High attendance + high marks
STU00954,1,Average / inconsistent
STU00955,1,Average / inconsistent
STU00956,2,High attendance + high marks
STU00957,1,Average / inconsistent
STU00958,2,High attendance + high marks
STU00959,1,Average / inconsistent
STU00960,1,Average / inconsistent
STU00961,0,Struggling & disengaged
STU00962,2,High attendance + high marks
STU00963,0,Struggling & disengaged
STU00964,1,Average / inconsistent
STU00965,2,High attendance + high marks
STU00966,0,Struggling & disengaged
STU00967,2,High attendance + high marks
STU00968,0,Struggling & disengaged
STU00969,2,High attendance + high marks
STU00970,2,High attendance + high marks
STU00971,1,Average / inconsistent
STU00972,2,High attendance + high marks
STU00973,1,Average / inconsistent
STU00974,1,Average / inconsistent
STU00975,1,Average / inconsistent
STU00976,0,Struggling & disengaged
STU00977,2,High attendance + high marks
STU00978,1,Average / inconsistent
STU00979,1,Average / inconsistent
STU00980,0,Struggling & disengaged
STU00981,2,High attendance + high marks
STU00982,0,Struggling & disengaged
STU00983,0,Struggling & disengaged
STU00984,1,Average / inconsistent
STU00985,1,Average / inconsistent
STU00986,2,High attendance + high marks
STU00987,0,Struggling & disengaged
STU00988,1,Average / inconsistent
STU00989,0,Struggling & disengaged
STU00990,0,Struggling & disengaged
STU00991,1,Average / inconsistent
STU00992,2,High attendance + high marks
STU00993,2,High attendance + high marks
STU00994,2,High attendance + high marks
STU00995,1,Average / inconsistent
STU00996,2,High attendance + high marks
STU00997,1,Average / inconsistent
STU00998,1,Average / inconsistent
STU00999,1,Average / inconsistent
STU01000,2,High attendance + high marks
STU01001,0,Struggling & disengaged
STU01002,0,Struggling & disengaged
STU01003,0,Struggling & disengaged
STU01004,1,Average / inconsistent
STU01005,1,Average / inconsistent
STU01006,2,High attendance + high marks
STU01007,0,Struggling & disengaged
STU01008,0,Struggling & disengaged
STU01009,2,High attendance + high marks
STU01010,1,Average / inconsistent
STU01011,0,Struggling & disengaged
STU01012,2,High attendance + high marks
STU01013,1,Average / inconsistent
STU01014,0,Struggling & disengaged
STU01015,0,Struggling & disengaged
STU01016,0,Struggling & disengaged
STU01017,2,High attendance + high marks
STU01018,1,Average / inconsistent
STU01019,1,Average / inconsistent
STU01020,2,High attendance + high marks
STU01021,1,Average / inconsistent
STU01022,1,Average / inconsistent
STU01023,1,Average / inconsistent
STU01024,2,High attendance + high marks
STU01025,0,Struggling & disengaged
STU01026,2,High attendance + high marks
STU01027,0,Struggling & disengaged
STU01028,1,Average / inconsistent
STU01029,1,Average / inconsistent
STU01030,1,Average / inconsistent
STU01031,2,High attendance + high marks
STU01032,2,High attendance + high marks
STU01033,1,Average / inconsistent
STU01034,1,Average / inconsistent
STU01035,1,Average / inconsistent
STU01036,0,Struggling & disengaged
STU01037,2,High attendance + high marks
STU01038,0,Struggling & disengaged
STU01039,2,High attendance + high marks
STU01040,1,Average / inconsistent
STU01041,0,Struggling & disengaged
STU01042,2,High attendance + high marks
STU01043,0,Struggling & disengaged
STU01044,2,High attendance + high marks
STU01045,0,Struggling & disengaged
STU01046,1,Average / inconsistent
STU01047,1,Average / inconsistent
STU01048,2,High attendance + high marks
STU01049,1,Average / inconsistent
STU01050,1,Average / inconsistent
STU01051,1,Average / inconsistent
STU01052,2,High attendance + high marks
STU01053,1,Average / inconsistent
STU01054,2,High attendance + high marks
STU01055,1,Average / inconsistent
STU01056,1,Average / inconsistent
STU01057,2,High attendance + high marks
STU01058,1,Average / inconsistent
STU01059,2,High attendance + high marks
STU01060,1,Average / inconsistent
STU01061,2,High attendance + high marks
STU01062,1,Average / inconsistent
STU01063,1,Average / inconsistent
STU01064,2,High attendance + high marks
STU01065,1,Average / inconsistent
STU01066,1,Average / inconsistent
STU01067,1,Average / inconsistent
STU01068,0,Struggling & disengaged
STU01069,2,High attendance + high marks
STU01070,1,Average / inconsistent
STU01071,1,Average / inconsistent
STU01072,1,Average / inconsistent
STU01073,1,Average / inconsistent
STU01074,0,Struggling & disengaged
STU01075,2,High attendance + high marks
STU01076,0,Struggling & disengaged
STU01077,2,High attendance + high marks
STU01078,2,High attendance + high marks
STU01079,1,Average / inconsistent
STU01080,2,High attendance + high marks
STU01081,2,High attendance + high marks
STU01082,2,High attendance + high marks
STU01083,1,Average / inconsistent
STU01084,2,High attendance + high marks
STU01085,1,Average / inconsistent
STU01086,1,Average / inconsistent
STU01087,0,Struggling & disengaged
STU01088,0,Struggling & disengaged
STU01089,2,High attendance + high marks
STU01090,1,Average / inconsistent
STU01091,0,Struggling & disengaged
STU01092,0,Struggling & disengaged
STU01093,2,High attendance + high marks
STU01094,1,Average / inconsistent
STU01095,1,Average / inconsistent
STU01096,2,High attendance + high marks
STU01097,1,Average / inconsistent
STU01098,1,Average / inconsistent
STU01099,1,Average / inconsistent
STU01100,2,High attendance + high marks
STU01101,2,High attendance + high marks
STU01102,1,Average / inconsistent
STU01103,2,High attendance + high marks
STU01104,2,High attendance + high marks
STU01105,0,Struggling & disengaged
STU01106,1,Average / inconsistent
STU01107,0,Struggling & disengaged
STU01108,1,Average / inconsistent
STU01109,2,High attendance + high marks
STU01110,2,High attendance + high marks
STU01111,1,Average / inconsistent
STU01112,2,High attendance + high marks
STU01113,1,Average / inconsistent
STU01114,1,Average / inconsistent
STU01115,0,Struggling & disengaged
STU01116,1,Average / inconsistent
STU01117,1,Average / inconsistent
STU01118,0,Struggling & disengaged
STU01119,1,Average / inconsistent
STU01120,0,Struggling & disengaged
STU01121,2,High attendance + high marks
STU01122,1,Average / inconsistent
STU01123,0,Struggling & disengaged
STU01124,2,High attendance + high marks
STU01125,1,Average / inconsistent
STU01126,1,Average / inconsistent
STU01127,2,High attendance + high marks
STU01128,1,Average / inconsistent
STU01129,0,Struggling & disengaged
STU01130,0,Struggling & disengaged
STU01131,0,Struggling & disengaged
STU01132,1,Average / inconsistent
STU01133,0,Struggling & disengaged
STU01134,2,High attendance + high marks
STU01135,1,Average / inconsistent
STU01136,2,High attendance + high marks
STU01137,0,Struggling & disengaged
STU01138,0,Struggling & disengaged
STU01139,2,High attendance + high marks
STU01140,1,Average / inconsistent
STU01141,1,Average / inconsistent
STU01142,0,Struggling & disengaged
STU01143,0,Struggling & disengaged
STU01144,1,Average / inconsistent
STU01145,1,Average / inconsistent
STU01146,1,Average / inconsistent
STU01147,2,High attendance + high marks
STU01148,1,Average / inconsistent
STU01149,2,High attendance + high marks
STU01150,2,High attendance + high marks
STU01151,1,Average / inconsistent
STU01152,2,High attendance + high marks
STU01153,2,High attendance + high marks
STU01154,1,Average / inconsistent
STU01155,2,High attendance + high marks
STU01156,2,High attendance + high marks
STU01157,1,Average / inconsistent
STU01158,2,High attendance + high marks
STU01159,0,Struggling & disengaged
STU01160,0,Struggling & disengaged
STU01161,0,Struggling & disengaged
STU01162,1,Average / inconsistent
STU01163,1,Average / inconsistent
STU01164,0,Struggling & disengaged
STU01165,0,Struggling & disengaged
STU01166,1,Average / inconsistent
STU01167,2,High attendance + high marks
STU01168,2,High attendance + high marks
STU01169,0,Struggling & disengaged
STU01170,2,High attendance + high marks
STU01171,1,Average / inconsistent
STU01172,0,Struggling & disengaged
STU01173,1,Average / inconsistent
STU01174,0,Struggling & disengaged
STU01175,2,High attendance + high marks
STU01176,1,Average / inconsistent
STU01177,1,Average / inconsistent
STU01178,1,Average / inconsistent
STU01179,2,High attendance + high marks
STU01180,1,Average / inconsistent
STU01181,0,Struggling & disengaged
STU01182,2,High attendance + high marks
STU01183,0,Struggling & disengaged
STU01184,1,Average / inconsistent
STU01185,1,Average / inconsistent
STU01186,0,Struggling & disengaged
STU01187,0,Struggling & disengaged
STU01188,2,High attendance + high marks
STU01189,1,Average / inconsistent
STU01190,1,Average / inconsistent
STU01191,2,High attendance + high marks
STU01192,1,Average / inconsistent
STU01193,1,Average / inconsistent
STU01194,1,Average / inconsistent
STU01195,2,High attendance + high marks
STU01196,2,High attendance + high marks
STU01197,0,Struggling & disengaged
STU01198,0,Struggling & disengaged
STU01199,1,Average / inconsistent
STU01200,1,Average / inconsistent
STU01201,0,Struggling & disengaged
STU01202,1,Average / inconsistent
STU01203,1,Average / inconsistent
STU01204,1,Average / inconsistent
STU01205,0,Struggling & disengaged
STU01206,0,Struggling & disengaged
STU01207,1,Average / inconsistent
STU01208,1,Average / inconsistent
STU01209,2,High attendance + high marks
STU01210,1,Average / inconsistent
STU01211,1,Average / inconsistent
STU01212,0,Struggling & disengaged
STU01213,1,Average / inconsistent
STU01214,0,Struggling & disengaged
STU01215,0,Struggling & disengaged
STU01216,0,Struggling & disengaged
STU01217,0,Struggling & disengaged
STU01218,0,Struggling & disengaged
STU01219,0,Struggling & disengaged
STU01220,1,Average / inconsistent
STU01221,1,Average / inconsistent
STU01222,2,High attendance + high marks
STU01223,2,High attendance + high marks
STU01224,1,Average / inconsistent
STU01225,0,Struggling & disengaged
STU01226,1,Average / inconsistent
STU01227,1,Average / inconsistent
STU01228,1,Average / inconsistent
STU01229,1,Average / inconsistent
STU01230,2,High attendance + high marks
STU01231,1,Average / inconsistent
STU01232,1,Average / inconsistent
STU01233,0,Struggling & disengaged
STU01234,1,Average / inconsistent
STU01235,2,High attendance + high marks
STU01236,1,Average / inconsistent
STU01237,2,High attendance + high marks
STU01238,2,High attendance + high marks
STU01239,2,High attendance + high marks
STU01240,2,High attendance + high marks
STU01241,2,High attendance + high marks
STU01242,0,Struggling & disengaged
STU01243,2,High attendance + high marks
STU01244,0,Struggling & disengaged
STU01245,1,Average / inconsistent
STU01246,2,High attendance + high marks
STU01247,0,Struggling & disengaged
STU01248,0,Struggling & disengaged
STU01249,2,High attendance + high marks
STU01250,0,Struggling & disengaged
STU01251,1,Average / inconsistent
STU01252,2,High attendance + high marks
STU01253,0,Struggling & disengaged
STU01254,1,Average / inconsistent
STU01255,1,Average / inconsistent
STU01256,0,Struggling & disengaged
STU01257,2,High attendance + high marks
STU01258,0,Struggling & disengaged
STU01259,2,High attendance + high marks
STU01260,0,Struggling & disengaged
STU01261,2,High attendance + high marks
STU01262,2,High attendance + high marks
STU01263,2,High attendance + high marks
STU01264,1,Average / inconsistent
STU01265,1,Average / inconsistent
STU01266,1,Average / inconsistent
STU01267,0,Struggling & disengaged
STU01268,2,High attendance + high marks
STU01269,2,High attendance + high marks
STU01270,1,Average / inconsistent
STU01271,2,High attendance + high marks
STU01272,2,High attendance + high marks
STU01273,0,Struggling & disengaged
STU01274,2,High attendance + high marks
STU01275,0,Struggling & disengaged
STU01276,1,Average / inconsistent
STU01277,2,High attendance + high marks
STU01278,2,High attendance + high marks
STU01279,1,Average / inconsistent
STU01280,2,High attendance + high marks
STU01281,1,Average / inconsistent
STU01282,0,Struggling & disengaged
STU01283,1,Average / inconsistent
STU01284,2,High attendance + high marks
STU01285,0,Struggling & disengaged
STU01286,1,Average / inconsistent
STU01287,0,Struggling & disengaged
STU01288,2,High attendance + high marks
STU01289,2,High attendance + high marks
STU01290,2,High attendance + high marks
STU01291,2,High attendance + high marks
STU01292,0,Struggling & disengaged
STU01293,0,Struggling & disengaged
STU01294,0,Struggling & disengaged
STU01295,0,Struggling & disengaged
STU01296,2,High attendance + high marks
STU01297,0,Struggling & disengaged
STU01298,0,Struggling & disengaged
STU01299,0,Struggling & disengaged
STU01300,1,Average / inconsistent
STU01301,1,Average / inconsistent
STU01302,0,Struggling & disengaged
STU01303,1,Average / inconsistent
STU01304,2,High attendance + high marks
STU01305,1,Average / inconsistent
STU01306,0,Struggling & disengaged
STU01307,1,Average / inconsistent
STU01308,0,Struggling & disengaged
STU01309,0,Struggling & disengaged
STU01310,1,Average / inconsistent
STU01311,0,Struggling & disengaged
STU01312,2,High attendance + high marks
STU01313,0,Struggling & disengaged
STU01314,1,Average / inconsistent
STU01315,1,Average / inconsistent
STU01316,2,High attendance + high marks
STU01317,0,Struggling & disengaged
STU01318,1,Average / inconsistent
STU01319,0,Struggling & disengaged
STU01320,1,Average / inconsistent
STU01321,0,Struggling & disengaged
STU01322,0,Struggling & disengaged
STU01323,2,High attendance + high marks
STU01324,0,Struggling & disengaged
STU01325,2,High attendance + high marks
STU01326,2,High attendance + high marks
STU01327,2,High attendance + high marks
STU01328,0,Struggling & disengaged
STU01329,0,Struggling & disengaged
STU01330,2,High attendance + high marks
STU01331,0,Struggling & disengaged
STU01332,2,High attendance + high marks
STU01333,1,Average / inconsistent
STU01334,2,High attendance + high marks
STU01335,1,Average / inconsistent
STU01336,2,High attendance + high marks
STU01337,2,High attendance + high marks
STU01338,0,Struggling & disengaged
STU01339,2,High attendance + high marks
STU01340,1,Average / inconsistent
STU01341,0,Struggling & disengaged
STU01342,1,Average / inconsistent
STU01343,2,High attendance + high marks
STU01344,1,Average / inconsistent
STU01345,1,Average / inconsistent
STU01346,1,Average / inconsistent
STU01347,2,High attendance + high marks
STU01348,1,Average / inconsistent
STU01349,2,High attendance + high marks
STU01350,1,Average / inconsistent
STU01351,1,Average / inconsistent
STU01352,1,Average / inconsistent
STU01353,0,Struggling & disengaged
STU01354,1,Average / inconsistent
STU01355,2,High attendance + high marks
STU01356,0,Struggling & disengaged
STU01357,1,Average / inconsistent
STU01358,0,Struggling & disengaged
STU01359,0,Struggling & disengaged
STU01360,1,Average / inconsistent
STU01361,1,Average / inconsistent
STU01362,2,High attendance + high marks
STU01363,0,Struggling & disengaged
STU01364,2,High attendance + high marks
STU01365,1,Average / inconsistent
STU01366,1,Average / inconsistent
STU01367,0,Struggling & disengaged
STU01368,2,High attendance + high marks
STU01369,2,High attendance + high marks
STU01370,2,High attendance + high marks
STU01371,1,Average / inconsistent
STU01372,2,High attendance + high marks
STU01373,0,Struggling & disengaged
STU01374,0,Struggling & disengaged
STU01375,1,Average / inconsistent
STU01376,1,Average / inconsistent
STU01377,0,Struggling & disengaged
STU01378,0,Struggling & disengaged
STU01379,1,Average / inconsistent
STU01380,2,High attendance + high marks
STU01381,2,High attendance + high marks
STU01382,0,Struggling & disengaged
STU01383,1,Average / inconsistent
STU01384,1,Average / inconsistent
STU01385,0,Struggling & disengaged
STU01386,1,Average / inconsistent
STU01387,2,High attendance + high marks
STU01388,0,Struggling & disengaged
STU01389,1,Average / inconsistent
STU01390,0,Struggling & disengaged
STU01391,0,Struggling & disengaged
STU01392,2,High attendance + high marks
STU01393,0,Struggling & disengaged
STU01394,2,High attendance + high marks
STU01395,0,Struggling & disengaged
STU01396,2,High attendance + high marks
STU01397,2,High attendance + high marks
STU01398,1,Average / inconsistent
STU01399,1,Average / inconsistent
STU01400,0,Struggling & disengaged
STU01401,2,High attendance + high marks
STU01402,2,High attendance + high marks
STU01403,0,Struggling & disengaged
STU01404,1,Average / inconsistent
STU01405,2,High attendance + high marks
STU01406,1,Average / inconsistent
STU01407,0,Struggling & disengaged
STU01408,1,Average / inconsistent
STU01409,0,Struggling & disengaged
STU01410,2,High attendance + high marks
STU01411,1,Average / inconsistent
STU01412,2,High attendance + high marks
STU01413,0,Struggling & disengaged
STU01414,2,High attendance + high marks
STU01415,1,Average / inconsistent
STU01416,0,Struggling & disengaged
STU01417,2,High attendance + high marks
STU01418,1,Average / inconsistent
STU01419,2,High attendance + high marks
STU01420,1,Average / inconsistent
STU01421,1,Average / inconsistent
STU01422,1,Average / inconsistent
STU01423,2,High attendance + high marks
STU01424,2,High attendance + high marks
STU01425,1,Average / inconsistent
STU01426,0,Struggling & disengaged
STU01427,2,High attendance + high marks
STU01428,1,Average / inconsistent
STU01429,1,Average / inconsistent
STU01430,2,High attendance + high marks
STU01431,1,Average / inconsistent
STU01432,1,Average / inconsistent
STU01433,1,Average / inconsistent
STU01434,0,Struggling & disengaged
STU01435,1,Average / inconsistent
STU01436,0,Struggling & disengaged
STU01437,1,Average / inconsistent
STU01438,0,Struggling & disengaged
STU01439,0,Struggling & disengaged
STU01440,2,High attendance + high marks
STU01441,0,Struggling & disengaged
STU01442,1,Average / inconsistent
STU01443,0,Struggling & disengaged
STU01444,1,Average / inconsistent
STU01445,1,Average / inconsistent
STU01446,2,High attendance + high marks
STU01447,2,High attendance + high marks
STU01448,2,High attendance + high marks
STU01449,1,Average / inconsistent
STU01450,1,Average / inconsistent
STU01451,0,Struggling & disengaged
STU01452,0,Struggling & disengaged
STU01453,2,High attendance + high marks
STU01454,0,Struggling & disengaged
STU01455,1,Average / inconsistent
STU01456,1,Average / inconsistent
STU01457,2,High attendance + high marks
STU01458,1,Average / inconsistent
STU01459,2,High attendance + high marks
STU01460,1,Average / inconsistent
STU01461,2,High attendance + high marks
STU01462,0,Struggling & disengaged
STU01463,1,Average / inconsistent
STU01464,1,Average / inconsistent
STU01465,2,High attendance + high marks
STU01466,1,Average / inconsistent
STU01467,0,Struggling & disengaged
STU01468,1,Average / inconsistent
STU01469,0,Struggling & disengaged
STU01470,0,Struggling & disengaged
STU01471,1,Average / inconsistent
STU01472,1,Average / inconsistent
STU01473,1,Average / inconsistent
STU01474,0,Struggling & disengaged
STU01475,2,High attendance + high marks
STU01476,1,Average / inconsistent
STU01477,1,Average / inconsistent
STU01478,0,Struggling & disengaged
STU01479,0,Struggling & disengaged
STU01480,2,High attendance + high marks
STU01481,2,High attendance + high marks
STU01482,1,Average / inconsistent
STU01483,1,Average / inconsistent
STU01484,0,Struggling & disengaged
STU01485,1,Average / inconsistent
STU01486,0,Struggling & disengaged
STU01487,2,High attendance + high marks
STU01488,0,Struggling & disengaged
STU01489,1,Average / inconsistent
STU01490,1,Average / inconsistent
STU01491,0,Struggling & disengaged
STU01492,1,Average / inconsistent
STU01493,0,Struggling & disengaged
STU01494,0,Struggling & disengaged
STU01495,0,Struggling & disengaged
STU01496,1,Average / inconsistent
STU01497,1,Average / inconsistent
STU01498,0,Struggling & disengaged
STU01499,1,Average / inconsistent
STU01500,0,Struggling & disengaged
STU01501,1,Average / inconsistent
STU01502,0,Struggling & disengaged
STU01503,2,High attendance + high marks
STU01504,1,Average / inconsistent
STU01505,1,Average / inconsistent
STU01506,1,Average / inconsistent
STU01507,0,Struggling & disengaged
STU01508,0,Struggling & disengaged
STU01509,2,High attendance + high marks
STU01510,0,Struggling & disengaged
STU01511,2,High attendance + high marks
STU01512,1,Average / inconsistent
STU01513,1,Average / inconsistent
STU01514,0,Struggling & disengaged
STU01515,1,Average / inconsistent
STU01516,1,Average / inconsistent
STU01517,1,Average / inconsistent
STU01518,1,Average / inconsistent
STU01519,2,High attendance + high marks
STU01520,0,Struggling & disengaged
STU01521,0,Struggling & disengaged
STU01522,0,Struggling & disengaged
STU01523,1,Average / inconsistent
STU01524,1,Average / inconsistent
STU01525,1,Average / inconsistent
STU01526,2,High attendance + high marks
STU01527,1,Average / inconsistent
STU01528,1,Average / inconsistent
STU01529,0,Struggling & disengaged
STU01530,2,High attendance + high marks
STU01531,1,Average / inconsistent
STU01532,1,Average / inconsistent
STU01533,1,Average / inconsistent
STU01534,1,Average / inconsistent
STU01535,2,High attendance + high marks
STU01536,1,Average / inconsistent
STU01537,2,High attendance + high marks
STU01538,0,Struggling & disengaged
STU01539,0,Struggling & disengaged
STU01540,2,High attendance + high marks
STU01541,0,Struggling & disengaged
STU01542,1,Average / inconsistent
STU01543,1,Average / inconsistent
STU01544,1,Average / inconsistent
STU01545,1,Average / inconsistent
STU01546,2,High attendance + high marks
STU01547,0,Struggling & disengaged
STU01548,0,Struggling & disengaged
STU01549,2,High attendance + high marks
STU01550,1,Average / inconsistent
STU01551,0,Struggling & disengaged
STU01552,1,Average / inconsistent
STU01553,1,Average / inconsistent
STU01554,1,Average / inconsistent
STU01555,1,Average / inconsistent
STU01556,1,Average / inconsistent
STU01557,0,Struggling & disengaged
STU01558,2,High attendance + high marks
STU01559,1,Average / inconsistent
STU01560,1,Average / inconsistent
STU01561,1,Average / inconsistent
STU01562,1,Average / inconsistent
STU01563,0,Struggling & disengaged
STU01564,0,Struggling & disengaged
STU01565,0,Struggling & disengaged
STU01566,0,Struggling & disengaged
STU01567,0,Struggling & disengaged
STU01568,1,Average / inconsistent
STU01569,2,High attendance + high marks
STU01570,0,Struggling & disengaged
STU01571,0,Struggling & disengaged
STU01572,1,Average / inconsistent
STU01573,1,Average / inconsistent
STU01574,1,Average / inconsistent
STU01575,0,Struggling & disengaged
STU01576,0,Struggling & disengaged
STU01577,1,Average / inconsistent
STU01578,2,High attendance + high marks
STU01579,0,Struggling & disengaged
STU01580,1,Average / inconsistent
STU01581,2,High attendance + high marks
STU01582,1,Average / inconsistent
STU01583,2,High attendance + high marks
STU01584,0,Struggling & disengaged
STU01585,2,High attendance + high marks
STU01586,0,Struggling & disengaged
STU01587,1,Average / inconsistent
STU01588,1,Average / inconsistent
STU01589,0,Struggling & disengaged
STU01590,2,High attendance + high marks
STU01591,0,Struggling & disengaged
STU01592,1,Average / inconsistent
STU01593,0,Struggling & disengaged
STU01594,1,Average / inconsistent
STU01595,1,Average / inconsistent
STU01596,1,Average / inconsistent
STU01597,1,Average / inconsistent
STU01598,1,Average / inconsistent
STU01599,2,High attendance + high marks
STU01600,1,Average / inconsistent
STU01601,1,Average / inconsistent
STU01602,1,Average / inconsistent
STU01603,2,High attendance + high marks
STU01604,0,Struggling & disengaged
STU01605,0,Struggling & disengaged
STU01606,2,High attendance + high marks
STU01607,1,Average / inconsistent
STU01608,1,Average / inconsistent
STU01609,2,High attendance + high marks
STU01610,1,Average / inconsistent
STU01611,1,Average / inconsistent
STU01612,0,Struggling & disengaged
STU01613,2,High attendance + high marks
STU01614,1,Average / inconsistent
STU01615,0,Struggling & disengaged
STU01616,1,Average / inconsistent
STU01617,2,High attendance + high marks
STU01618,1,Average / inconsistent
STU01619,1,Average / inconsistent
STU01620,1,Average / inconsistent
STU01621,2,High attendance + high marks
STU01622,1,Average / inconsistent
STU01623,1,Average / inconsistent
STU01624,2,High attendance + high marks
STU01625,1,Average / inconsistent
STU01626,2,High attendance + high marks
STU01627,0,Struggling & disengaged
STU01628,1,Average / inconsistent
STU01629,1,Average / inconsistent
STU01630,1,Average / inconsistent
STU01631,1,Average / inconsistent
STU01632,0,Struggling & disengaged
STU01633,1,Average / inconsistent
STU01634,1,Average / inconsistent
STU01635,1,Average / inconsistent
STU01636,1,Average / inconsistent
STU01637,1,Average / inconsistent
STU01638,2,High attendance + high marks
STU01639,1,Average / inconsistent
STU01640,1,Average / inconsistent
STU01641,0,Struggling & disengaged
STU01642,2,High attendance + high marks
STU01643,0,Struggling & disengaged
STU01644,1,Average / inconsistent
STU01645,1,Average / inconsistent
STU01646,2,High attendance + high marks
STU01647,0,Struggling & disengaged
STU01648,2,High attendance + high marks
STU01649,1,Average / inconsistent
STU01650,0,Struggling & disengaged
STU01651,0,Struggling & disengaged
STU01652,1,Average / inconsistent
STU01653,1,Average / inconsistent
STU01654,0,Struggling & disengaged
STU01655,1,Average / inconsistent
STU01656,0,Struggling & disengaged
STU01657,1,Average / inconsistent
STU01658,0,Struggling & disengaged
STU01659,1,Average / inconsistent
STU01660,1,Average / inconsistent
STU01661,2,High attendance + high marks
STU01662,1,Average / inconsistent
STU01663,1,Average / inconsistent
STU01664,2,High attendance + high marks
STU01665,2,High attendance + high marks
STU01666,1,Average / inconsistent
STU01667,1,Average / inconsistent
STU01668,0,Struggling & disengaged
STU01669,2,High attendance + high marks
STU01670,1,Average / inconsistent
STU01671,1,Average / inconsistent
STU01672,1,Average / inconsistent
STU01673,2,High attendance + high marks
STU01674,1,Average / inconsistent
STU01675,1,Average / inconsistent
STU01676,0,Struggling & disengaged
STU01677,1,Average / inconsistent
STU01678,1,Average / inconsistent
STU01679,0,Struggling & disengaged
STU01680,0,Struggling & disengaged
STU01681,0,Struggling & disengaged
STU01682,1,Average / inconsistent
STU01683,1,Average / inconsistent
STU01684,1,Average / inconsistent
STU01685,1,Average / inconsistent
STU01686,0,Struggling & disengaged
STU01687,1,Average / inconsistent
STU01688,1,Average / inconsistent
STU01689,2,High attendance + high marks
STU01690,1,Average / inconsistent
STU01691,1,Average / inconsistent
STU01692,0,Struggling & disengaged
STU01693,0,Struggling & disengaged
STU01694,1,Average / inconsistent
STU01695,0,Struggling & disengaged
STU01696,2,High attendance + high marks
STU01697,1,Average / inconsistent
STU01698,2,High attendance + high marks
STU01699,0,Struggling & disengaged
STU01700,1,Average / inconsistent
STU01701,0,Struggling & disengaged
STU01702,0,Struggling & disengaged
STU01703,0,Struggling & disengaged
STU01704,0,Struggling & disengaged
STU01705,1,Average / inconsistent
STU01706,2,High attendance + high marks
STU01707,2,High attendance + high marks
STU01708,0,Struggling & disengaged
STU01709,1,Average / inconsistent
STU01710,0,Struggling & disengaged
STU01711,0,Struggling & disengaged
STU01712,0,Struggling & disengaged
STU01713,2,High attendance + high marks
STU01714,0,Struggling & disengaged
STU01715,0,Struggling & disengaged
STU01716,1,Average / inconsistent
STU01717,1,Average / inconsistent
STU01718,1,Average / inconsistent
STU01719,1,Average / inconsistent
STU01720,0,Struggling & disengaged
STU01721,1,Average / inconsistent
STU01722,0,Struggling & disengaged
STU01723,1,Average / inconsistent
STU01724,1,Average / inconsistent
STU01725,1,Average / inconsistent
STU01726,2,High attendance + high marks
STU01727,0,Struggling & disengaged
STU01728,2,High attendance + high marks
STU01729,2,High attendance + high marks
STU01730,1,Average / inconsistent
STU01731,1,Average / inconsistent
STU01732,1,Average / inconsistent
STU01733,0,Struggling & disengaged
STU01734,0,Struggling & disengaged
STU01735,1,Average / inconsistent
STU01736,1,Average / inconsistent
STU01737,1,Average / inconsistent
STU01738,1,Average / inconsistent
STU01739,0,Struggling & disengaged
STU01740,2,High attendance + high marks
STU01741,1,Average / inconsistent
STU01742,2,High attendance + high marks
STU01743,0,Struggling & disengaged
STU01744,0,Struggling & disengaged
STU01745,0,Struggling & disengaged
STU01746,0,Struggling & disengaged
STU01747,1,Average / inconsistent
STU01748,2,High attendance + high marks
STU01749,0,Struggling & disengaged
STU01750,1,Average / inconsistent
STU01751,0,Struggling & disengaged
STU01752,1,Average / inconsistent
STU01753,0,Struggling & disengaged
STU01754,0,Struggling & disengaged
STU01755,2,High attendance + high marks
STU01756,1,Average / inconsistent
STU01757,2,High attendance + high marks
STU01758,2,High attendance + high marks
STU01759,0,Struggling & disengaged
STU01760,0,Struggling & disengaged
STU01761,1,Average / inconsistent
STU01762,0,Struggling & disengaged
STU01763,0,Struggling & disengaged
STU01764,1,Average / inconsistent
STU01765,1,Average / inconsistent
STU01766,1,Average / inconsistent
STU01767,1,Average / inconsistent
STU01768,0,Struggling & disengaged
STU01769,1,Average / inconsistent
STU01770,2,High attendance + high marks
STU01771,1,Average / inconsistent
STU01772,1,Average / inconsistent
STU01773,0,Struggling & disengaged
STU01774,2,High attendance + high marks
STU01775,1,Average / inconsistent
STU01776,1,Average / inconsistent
STU01777,2,High attendance + high marks
STU01778,0,Struggling & disengaged
STU01779,1,Average / inconsistent
STU01780,2,High attendance + high marks
STU01781,2,High attendance + high marks
STU01782,1,Average / inconsistent
STU01783,0,Struggling & disengaged
STU01784,0,Struggling & disengaged
STU01785,0,Struggling & disengaged
STU01786,2,High attendance + high marks
STU01787,2,High attendance + high marks
STU01788,0,Struggling & disengaged
STU01789,1,Average / inconsistent
STU01790,1,Average / inconsistent
STU01791,0,Struggling & disengaged
STU01792,0,Struggling & disengaged
STU01793,1,Average / inconsistent
STU01794,1,Average / inconsistent
STU01795,1,Average / inconsistent
STU01796,0,Struggling & disengaged
STU01797,1,Average / inconsistent
STU01798,0,Struggling & disengaged
STU01799,1,Average / inconsistent
STU01800,0,Struggling & disengaged
STU01801,2,High attendance + high marks
STU01802,2,High attendance + high marks
STU01803,1,Average / inconsistent
STU01804,0,Struggling & disengaged
STU01805,0,Struggling & disengaged
STU01806,1,Average / inconsistent
STU01807,1,Average / inconsistent
STU01808,1,Average / inconsistent
STU01809,1,Average / inconsistent
STU01810,2,High attendance + high marks
STU01811,0,Struggling & disengaged
STU01812,0,Struggling & disengaged
STU01813,1,Average / inconsistent
STU01814,1,Average / inconsistent
STU01815,0,Struggling & disengaged
STU01816,0,Struggling & disengaged
STU01817,2,High attendance + high marks
STU01818,1,Average / inconsistent
STU01819,2,High attendance + high marks
STU01820,1,Average / inconsistent
STU01821,0,Struggling & disengaged
STU01822,2,High attendance + high marks
STU01823,2,High attendance + high marks
STU01824,2,High attendance + high marks
STU01825,0,Struggling & disengaged
STU01826,1,Average / inconsistent
STU01827,2,High attendance + high marks
STU01828,2,High attendance + high marks
STU01829,1,Average / inconsistent
STU01830,0,Struggling & disengaged
STU01831,2,High attendance + high marks
STU01832,2,High attendance + high marks
STU01833,1,Average / inconsistent
STU01834,1,Average / inconsistent
STU01835,2,High attendance + high marks
STU01836,0,Struggling & disengaged
STU01837,0,Struggling & disengaged
STU01838,2,High attendance + high marks
STU01839,2,High attendance + high marks
STU01840,0,Struggling & disengaged
STU01841,1,Average / inconsistent
STU01842,0,Struggling & disengaged
STU01843,1,Average / inconsistent
STU01844,0,Struggling & disengaged
STU01845,0,Struggling & disengaged
STU01846,0,Struggling & disengaged
STU01847,1,Average / inconsistent
STU01848,1,Average / inconsistent
STU01849,0,Struggling & disengaged
STU01850,2,High attendance + high marks
STU01851,1,Average / inconsistent
STU01852,2,High attendance + high marks
STU01853,2,High attendance + high marks
STU01854,0,Struggling & disengaged
STU01855,1,Average / inconsistent
STU01856,0,Struggling & disengaged
STU01857,1,Average / inconsistent
STU01858,1,Average / inconsistent
STU01859,1,Average / inconsistent
STU01860,1,Average / inconsistent
STU01861,0,Struggling & disengaged
STU01862,0,Struggling & disengaged
STU01863,1,Average / inconsistent
STU01864,1,Average / inconsistent
STU01865,1,Average / inconsistent
STU01866,1,Average / inconsistent
STU01867,1,Average / inconsistent
STU01868,1,Average / inconsistent
STU01869,1,Average / inconsistent
STU01870,1,Average / inconsistent
STU01871,2,High attendance + high marks
STU01872,1,Average / inconsistent
STU01873,1,Average / inconsistent
STU01874,0,Struggling & disengaged
STU01875,0,Struggling & disengaged
STU01876,0,Struggling & disengaged
STU01877,1,Average / inconsistent
STU01878,2,High attendance + high marks
STU01879,1,Average / inconsistent
STU01880,0,Struggling & disengaged
STU01881,1,Average / inconsistent
STU01882,2,High attendance + high marks
STU01883,1,Average / inconsistent
STU01884,2,High attendance + high marks
STU01885,0,Struggling & disengaged
STU01886,0,Struggling & disengaged
STU01887,0,Struggling & disengaged
STU01888,0,Struggling & disengaged
STU01889,0,Struggling & disengaged
STU01890,2,High attendance + high marks
STU01891,2,High attendance + high marks
STU01892,0,Struggling & disengaged
STU01893,0,Struggling & disengaged
STU01894,0,Struggling & disengaged
STU01895,2,High attendance + high marks
STU01896,0,Struggling & disengaged
STU01897,0,Struggling & disengaged
STU01898,2,High attendance + high marks
STU01899,1,Average / inconsistent
STU01900,2,High attendance + high marks
STU01901,1,Average / inconsistent
STU01902,2,High attendance + high marks
STU01903,2,High attendance + high marks
STU01904,0,Struggling & disengaged
STU01905,1,Average / inconsistent
STU01906,1,Average / inconsistent
STU01907,1,Average / inconsistent
STU01908,0,Struggling & disengaged
STU01909,0,Struggling & disengaged
STU01910,0,Struggling & disengaged
STU01911,1,Average / inconsistent
STU01912,1,Average / inconsistent
STU01913,1,Average / inconsistent
STU01914,0,Struggling & disengaged
STU01915,1,Average / inconsistent
STU01916,0,Struggling & disengaged
STU01917,0,Struggling & disengaged
STU01918,2,High attendance + high marks
STU01919,1,Average / inconsistent
STU01920,1,Average / inconsistent
STU01921,0,Struggling & disengaged
STU01922,2,High attendance + high marks
STU01923,0,Struggling & disengaged
STU01924,1,Average / inconsistent
STU01925,1,Average / inconsistent
STU01926,0,Struggling & disengaged
STU01927,0,Struggling & disengaged
STU01928,0,Struggling & disengaged
STU01929,1,Average / inconsistent
STU01930,2,High attendance + high marks
STU01931,0,Struggling & disengaged
STU01932,0,Struggling & disengaged
STU01933,1,Average / inconsistent
STU01934,1,Average / inconsistent
STU01935,2,High attendance + high marks
STU01936,2,High attendance + high marks
STU01937,1,Average / inconsistent
STU01938,0,Struggling & disengaged
STU01939,1,Average / inconsistent
STU01940,1,Average / inconsistent
STU01941,0,Struggling & disengaged
STU01942,1,Average / inconsistent
STU01943,1,Average / inconsistent
STU01944,0,Struggling & disengaged
STU01945,1,Average / inconsistent
STU01946,0,Struggling & disengaged
STU01947,1,Average / inconsistent
STU01948,0,Struggling & disengaged
STU01949,0,Struggling & disengaged
STU01950,2,High attendance + high marks
STU01951,0,Struggling & disengaged
STU01952,2,High attendance + high marks
STU01953,0,Struggling & disengaged
STU01954,1,Average / inconsistent
STU01955,1,Average / inconsistent
STU01956,0,Struggling & disengaged
STU01957,1,Average / inconsistent
STU01958,1,Average / inconsistent
STU01959,1,Average / inconsistent
STU01960,1,Average / inconsistent
STU01961,0,Struggling & disengaged
STU01962,0,Struggling & disengaged
STU01963,2,High attendance + high marks
STU01964,0,Struggling & disengaged
STU01965,2,High attendance + high marks
STU01966,1,Average / inconsistent
STU01967,1,Average / inconsistent
STU01968,1,Average / inconsistent
STU01969,0,Struggling & disengaged
STU01970,2,High attendance + high marks
STU01971,1,Average / inconsistent
STU01972,1,Average / inconsistent
STU01973,1,Average / inconsistent
STU01974,2,High attendance + high marks
STU01975,1,Average / inconsistent
STU01976,1,Average / inconsistent
STU01977,1,Average / inconsistent
STU01978,0,Struggling & disengaged
STU01979,2,High attendance + high marks
STU01980,2,High attendance + high marks
STU01981,1,Average / inconsistent
STU01982,1,Average / inconsistent
STU01983,1,Average / inconsistent
STU01984,0,Struggling & disengaged
STU01985,1,Average / inconsistent
STU01986,1,Average / inconsistent
STU01987,1,Average / inconsistent
STU01988,0,Struggling & disengaged
STU01989,1,Average / inconsistent
STU01990,0,Struggling & disengaged
STU01991,1,Average / inconsistent
STU01992,1,Average / inconsistent
STU01993,2,High attendance + high marks
STU01994,1,Average / inconsistent
STU01995,1,Average / inconsistent
STU01996,1,Average / inconsistent
STU01997,2,High attendance + high marks
STU01998,0,Struggling & disengaged
STU01999,1,Average / inconsistent
STU02000,2,High attendance + high marks
STU02001,1,Average / inconsistent
STU02002,1,Average / inconsistent
STU02003,2,High attendance + high marks
STU02004,1,Average / inconsistent
STU02005,0,Struggling & disengaged
STU02006,1,Average / inconsistent
STU02007,1,Average / inconsistent
STU02008,0,Struggling & disengaged
STU02009,2,High attendance + high marks
STU02010,0,Struggling & disengaged
STU02011,0,Struggling & disengaged
STU02012,1,Average / inconsistent
STU02013,1,Average / inconsistent
STU02014,0,Struggling & disengaged
STU02015,1,Average / inconsistent
STU02016,2,High attendance + high marks
STU02017,1,Average / inconsistent
STU02018,1,Average / inconsistent
STU02019,2,High attendance + high marks
STU02020,1,Average / inconsistent
STU02021,2,High attendance + high marks
STU02022,0,Struggling & disengaged
STU02023,1,Average / inconsistent
STU02024,1,Average / inconsistent
STU02025,0,Struggling & disengaged
STU02026,1,Average / inconsistent
STU02027,2,High attendance + high marks
STU02028,0,Struggling & disengaged
STU02029,1,Average / inconsistent
STU02030,1,Average / inconsistent
STU02031,2,High attendance + high marks
STU02032,1,Average / inconsistent
STU02033,2,High attendance + high marks
STU02034,1,Average / inconsistent
STU02035,1,Average / inconsistent
STU02036,1,Average / inconsistent
STU02037,0,Struggling & disengaged
STU02038,1,Average / inconsistent
STU02039,1,Average / inconsistent
STU02040,2,High attendance + high marks
STU02041,1,Average / inconsistent
STU02042,2,High attendance + high marks
STU02043,2,High attendance + high marks
STU02044,0,Struggling & disengaged
STU02045,0,Struggling & disengaged
STU02046,1,Average / inconsistent
STU02047,0,Struggling & disengaged
STU02048,1,Average / inconsistent
STU02049,2,High attendance + high marks
STU02050,1,Average / inconsistent
STU02051,2,High attendance + high marks
STU02052,0,Struggling & disengaged
STU02053,2,High attendance + high marks
STU02054,2,High attendance + high marks
STU02055,1,Average / inconsistent
STU02056,2,High attendance + high marks
STU02057,1,Average / inconsistent
STU02058,1,Average / inconsistent
STU02059,2,High attendance + high marks
STU02060,1,Average / inconsistent
STU02061,0,Struggling & disengaged
STU02062,1,Average / inconsistent
STU02063,2,High attendance + high marks
STU02064,1,Average / inconsistent
STU02065,1,Average / inconsistent
STU02066,0,Struggling & disengaged
STU02067,2,High attendance + high marks
STU02068,0,Struggling & disengaged
STU02069,1,Average / inconsistent
STU02070,1,Average / inconsistent
STU02071,2,High attendance + high marks
STU02072,1,Average / inconsistent
STU02073,0,Struggling & disengaged
STU02074,1,Average / inconsistent
STU02075,2,High attendance + high marks
STU02076,0,Struggling & disengaged
STU02077,1,Average / inconsistent
STU02078,2,High attendance + high marks
STU02079,0,Struggling & disengaged
STU02080,2,High attendance + high marks
STU02081,1,Average / inconsistent
STU02082,1,Average / inconsistent
STU02083,1,Average / inconsistent
STU02084,1,Average / inconsistent
STU02085,1,Average / inconsistent
STU02086,2,High attendance + high marks
STU02087,2,High attendance + high marks
STU02088,1,Average / inconsistent
STU02089,1,Average / inconsistent
STU02090,1,Average / inconsistent
STU02091,2,High attendance + high marks
STU02092,2,High attendance + high marks
STU02093,1,Average / inconsistent
STU02094,1,Average / inconsistent
STU02095,0,Struggling & disengaged
STU02096,1,Average / inconsistent
STU02097,2,High attendance + high marks
STU02098,1,Average / inconsistent
STU02099,0,Struggling & disengaged
STU02100,2,High attendance + high marks
STU02101,2,High attendance + high marks
STU02102,0,Struggling & disengaged
STU02103,0,Struggling & disengaged
STU02104,2,High attendance + high marks
STU02105,1,Average / inconsistent
STU02106,0,Struggling & disengaged
STU02107,2,High attendance + high marks
STU02108,2,High attendance + high marks
STU02109,0,Struggling & disengaged
STU02110,1,Average / inconsistent
STU02111,1,Average / inconsistent
STU02112,2,High attendance + high marks
STU02113,1,Average / inconsistent
STU02114,1,Average / inconsistent
STU02115,2,High attendance + high marks
STU02116,0,Struggling & disengaged
STU02117,2,High attendance + high marks
STU02118,0,Struggling & disengaged
STU02119,0,Struggling & disengaged
STU02120,2,High attendance + high marks
STU02121,1,Average / inconsistent
STU02122,2,High attendance + high marks
STU02123,0,Struggling & disengaged
STU02124,1,Average / inconsistent
STU02125,2,High attendance + high marks
STU02126,1,Average / inconsistent
STU02127,2,High attendance + high marks
STU02128,1,Average / inconsistent
STU02129,1,Average / inconsistent
STU02130,1,Average / inconsistent
STU02131,0,Struggling & disengaged
STU02132,2,High attendance + high marks
STU02133,0,Struggling & disengaged
STU02134,0,Struggling & disengaged
STU02135,1,Average / inconsistent
STU02136,1,Average / inconsistent
STU02137,0,Struggling & disengaged
STU02138,2,High attendance + high marks
STU02139,2,High attendance + high marks
STU02140,2,High attendance + high marks
STU02141,1,Average / inconsistent
STU02142,1,Average / inconsistent
STU02143,2,High attendance + high marks
STU02144,2,High attendance + high marks
STU02145,0,Struggling & disengaged
STU02146,1,Average / inconsistent
STU02147,1,Average / inconsistent
STU02148,1,Average / inconsistent
STU02149,1,Average / inconsistent
STU02150,2,High attendance + high marks
STU02151,1,Average / inconsistent
STU02152,2,High attendance + high marks
STU02153,0,Struggling & disengaged
STU02154,1,Average / inconsistent
STU02155,1,Average / inconsistent
STU02156,0,Struggling & disengaged
STU02157,1,Average / inconsistent
STU02158,0,Struggling & disengaged
STU02159,2,High attendance + high marks
STU02160,1,Average / inconsistent
STU02161,0,Struggling & disengaged
STU02162,1,Average / inconsistent
STU02163,1,Average / inconsistent
STU02164,2,High attendance + high marks
STU02165,2,High attendance + high marks
STU02166,2,High attendance + high marks
STU02167,2,High attendance + high marks
STU02168,0,Struggling & disengaged
STU02169,0,Struggling & disengaged
STU02170,1,Average / inconsistent
STU02171,0,Struggling & disengaged
STU02172,0,Struggling & disengaged
STU02173,0,Struggling & disengaged
STU02174,0,Struggling & disengaged
STU02175,2,High attendance + high marks
STU02176,0,Struggling & disengaged
STU02177,1,Average / inconsistent
STU02178,1,Average / inconsistent
STU02179,1,Average / inconsistent
STU02180,2,High attendance + high marks
STU02181,2,High attendance + high marks
STU02182,1,Average / inconsistent
STU02183,0,Struggling & disengaged
STU02184,1,Average / inconsistent
STU02185,0,Struggling & disengaged
STU02186,1,Average / inconsistent
STU02187,2,High attendance + high marks
STU02188,0,Struggling & disengaged
STU02189,2,High attendance + high marks
STU02190,2,High attendance + high marks
STU02191,2,High attendance + high marks
STU02192,2,High attendance + high marks
STU02193,1,Average / inconsistent
STU02194,0,Struggling & disengaged
STU02195,2,High attendance + high marks
STU02196,0,Struggling & disengaged
STU02197,1,Average / inconsistent
STU02198,0,Struggling & disengaged
STU02199,1,Average / inconsistent
STU02200,0,Struggling & disengaged
STU02201,1,Average / inconsistent
STU02202,0,Struggling & disengaged
STU02203,2,High attendance + high marks
STU02204,1,Average / inconsistent
STU02205,2,High attendance + high marks
STU02206,1,Average / inconsistent
STU02207,0,Struggling & disengaged
STU02208,1,Average / inconsistent
STU02209,1,Average / inconsistent
STU02210,2,High attendance + high marks
STU02211,1,Average / inconsistent
STU02212,2,High attendance + high marks
STU02213,2,High attendance + high marks
STU02214,1,Average / inconsistent
STU02215,0,Struggling & disengaged
STU02216,1,Average / inconsistent
STU02217,0,Struggling & disengaged
STU02218,1,Average / inconsistent
STU02219,1,Average / inconsistent
STU02220,0,Struggling & disengaged
STU02221,0,Struggling & disengaged
STU02222,0,Struggling & disengaged
STU02223,1,Average / inconsistent
STU02224,2,High attendance + high marks
STU02225,1,Average / inconsistent
STU02226,1,Average / inconsistent
STU02227,1,Average / inconsistent
STU02228,0,Struggling & disengaged
STU02229,1,Average / inconsistent
STU02230,2,High attendance + high marks
STU02231,1,Average / inconsistent
STU02232,1,Average / inconsistent
STU02233,1,Average / inconsistent
STU02234,2,High attendance + high marks
STU02235,0,Struggling & disengaged
STU02236,0,Struggling & disengaged
STU02237,1,Average / inconsistent
STU02238,1,Average / inconsistent
STU02239,1,Average / inconsistent
STU02240,1,Average / inconsistent
STU02241,1,Average / inconsistent
STU02242,0,Struggling & disengaged
STU02243,0,Struggling & disengaged
STU02244,2,High attendance + high marks
STU02245,1,Average / inconsistent
STU02246,0,Struggling & disengaged
STU02247,0,Struggling & disengaged
STU02248,0,Struggling & disengaged
STU02249,2,High attendance + high marks
STU02250,1,Average / inconsistent
STU02251,0,Struggling & disengaged
STU02252,1,Average / inconsistent
STU02253,1,Average / inconsistent
STU02254,0,Struggling & disengaged
STU02255,2,High attendance + high marks
STU02256,0,Struggling & disengaged
STU02257,2,High attendance + high marks
STU02258,1,Average / inconsistent
STU02259,2,High attendance + high marks
STU02260,1,Average / inconsistent
STU02261,0,Struggling & disengaged
STU02262,1,Average / inconsistent
STU02263,1,Average / inconsistent
STU02264,1,Average / inconsistent
STU02265,1,Average / inconsistent
STU02266,1,Average / inconsistent
STU02267,2,High attendance + high marks
STU02268,0,Struggling & disengaged
STU02269,0,Struggling & disengaged
STU02270,1,Average / inconsistent
STU02271,2,High attendance + high marks
STU02272,0,Struggling & disengaged
STU02273,2,High attendance + high marks
STU02274,1,Average / inconsistent
STU02275,2,High attendance + high marks
STU02276,0,Struggling & disengaged
STU02277,0,Struggling & disengaged
STU02278,2,High attendance + high marks
STU02279,2,High attendance + high marks
STU02280,0,Struggling & disengaged
STU02281,2,High attendance + high marks
STU02282,1,Average / inconsistent
STU02283,1,Average / inconsistent
STU02284,2,High attendance + high marks
STU02285,2,High attendance + high marks
STU02286,2,High attendance + high marks
STU02287,1,Average / inconsistent
STU02288,2,High attendance + high marks
STU02289,1,Average / inconsistent
STU02290,0,Struggling & disengaged
STU02291,1,Average / inconsistent
STU02292,2,High attendance + high marks
STU02293,2,High attendance + high marks
STU02294,1,Average / inconsistent
STU02295,2,High attendance + high marks
STU02296,1,Average / inconsistent
STU02297,2,High attendance + high marks
STU02298,0,Struggling & disengaged
STU02299,0,Struggling & disengaged
STU02300,0,Struggling & disengaged
STU02301,1,Average / inconsistent
STU02302,0,Struggling & disengaged
STU02303,0,Struggling & disengaged
STU02304,1,Average / inconsistent
STU02305,1,Average / inconsistent
STU02306,1,Average / inconsistent
STU02307,1,Average / inconsistent
STU02308,1,Average / inconsistent
STU02309,2,High attendance + high marks
STU02310,1,Average / inconsistent
STU02311,1,Average / inconsistent
STU02312,1,Average / inconsistent
STU02313,2,High attendance + high marks
STU02314,1,Average / inconsistent
STU02315,1,Average / inconsistent
STU02316,1,Average / inconsistent
STU02317,1,Average / inconsistent
STU02318,0,Struggling & disengaged
STU02319,2,High attendance + high marks
STU02320,1,Average / inconsistent
STU02321,2,High attendance + high marks
STU02322,2,High attendance + high marks
STU02323,1,Average / inconsistent
STU02324,1,Average / inconsistent
STU02325,0,Struggling & disengaged
STU02326,2,High attendance + high marks
STU02327,0,Struggling & disengaged
STU02328,2,High attendance + high marks
STU02329,1,Average / inconsistent
STU02330,2,High attendance + high marks
STU02331,0,Struggling & disengaged
STU02332,1,Average / inconsistent
STU02333,2,High attendance + high marks
STU02334,2,High attendance + high marks
STU02335,2,High attendance + high marks
STU02336,1,Average / inconsistent
STU02337,2,High attendance + high marks
STU02338,1,Average / inconsistent
STU02339,1,Average / inconsistent
STU02340,2,High attendance + high marks
STU02341,2,High attendance + high marks
STU02342,1,Average / inconsistent
STU02343,0,Struggling & disengaged
STU02344,0,Struggling & disengaged
STU02345,0,Struggling & disengaged
STU02346,1,Average / inconsistent
STU02347,0,Struggling & disengaged
STU02348,1,Average / inconsistent
STU02349,1,Average / inconsistent
STU02350,1,Average / inconsistent
STU02351,2,High attendance + high marks
STU02352,1,Average / inconsistent
STU02353,1,Average / inconsistent
STU02354,0,Struggling & disengaged
STU02355,0,Struggling & disengaged
STU02356,0,Struggling & disengaged
STU02357,0,Struggling & disengaged
STU02358,2,High attendance + high marks
STU02359,2,High attendance + high marks
STU02360,2,High attendance + high marks
STU02361,1,Average / inconsistent
STU02362,0,Struggling & disengaged
STU02363,2,High attendance + high marks
STU02364,1,Average / inconsistent
STU02365,2,High attendance + high marks
STU02366,2,High attendance + high marks
STU02367,1,Average / inconsistent
STU02368,0,Struggling & disengaged
STU02369,1,Average / inconsistent
STU02370,1,Average / inconsistent
STU02371,1,Average / inconsistent
STU02372,1,Average / inconsistent
STU02373,1,Average / inconsistent
STU02374,2,High attendance + high marks
STU02375,1,Average / inconsistent
STU02376,0,Struggling & disengaged
STU02377,0,Struggling & disengaged
STU02378,0,Struggling & disengaged
STU02379,1,Average / inconsistent
STU02380,2,High attendance + high marks
STU02381,0,Struggling & disengaged
STU02382,2,High attendance + high marks
STU02383,1,Average / inconsistent
STU02384,0,Struggling & disengaged
STU02385,2,High attendance + high marks
STU02386,1,Average / inconsistent
STU02387,0,Struggling & disengaged
STU02388,2,High attendance + high marks
STU02389,2,High attendance + high marks
STU02390,2,High attendance + high marks
STU02391,0,Struggling & disengaged
STU02392,1,Average / inconsistent
STU02393,0,Struggling & disengaged
STU02394,1,Average / inconsistent
STU02395,1,Average / inconsistent
STU02396,0,Struggling & disengaged
STU02397,1,Average / inconsistent
STU02398,2,High attendance + high marks
STU02399,0,Struggling & disengaged
STU02400,2,High attendance + high marks
STU02401,0,Struggling & disengaged
STU02402,2,High attendance + high marks
STU02403,1,Average / inconsistent
STU02404,1,Average / inconsistent
STU02405,1,Average / inconsistent
STU02406,0,Struggling & disengaged
STU02407,1,Average / inconsistent
STU02408,0,Struggling & disengaged
STU02409,1,Average / inconsistent
STU02410,1,Average / inconsistent
STU02411,1,Average / inconsistent
STU02412,2,High attendance + high marks
STU02413,0,Struggling & disengaged
STU02414,0,Struggling & disengaged
STU02415,2,High attendance + high marks
STU02416,2,High attendance + high marks
STU02417,1,Average / inconsistent
STU02418,0,Struggling & disengaged
STU02419,2,High attendance + high marks
STU02420,0,Struggling & disengaged
STU02421,0,Struggling & disengaged
STU02422,1,Average / inconsistent
STU02423,2,High attendance + high marks
STU02424,1,Average / inconsistent
STU02425,1,Average / inconsistent
STU02426,2,High attendance + high marks
STU02427,2,High attendance + high marks
STU02428,1,Average / inconsistent
STU02429,2,High attendance + high marks
STU02430,2,High attendance + high marks
STU02431,0,Struggling & disengaged
STU02432,2,High attendance + high marks
STU02433,0,Struggling & disengaged
STU02434,1,Average / inconsistent
STU02435,1,Average / inconsistent
STU02436,1,Average / inconsistent
STU02437,1,Average / inconsistent
STU02438,0,Struggling & disengaged
STU02439,2,High attendance + high marks
STU02440,1,Average / inconsistent
STU02441,0,Struggling & disengaged
STU02442,2,High attendance + high marks
STU02443,1,Average / inconsistent
STU02444,2,High attendance + high marks
STU02445,2,High attendance + high marks
STU02446,2,High attendance + high marks
STU02447,2,High attendance + high marks
STU02448,1,Average / inconsistent
STU02449,1,Average / inconsistent
STU02450,2,High attendance + high marks
STU02451,1,Average / inconsistent
STU02452,1,Average / inconsistent
STU02453,1,Average / inconsistent
STU02454,1,Average / inconsistent
STU02455,1,Average / inconsistent
STU02456,1,Average / inconsistent
STU02457,2,High attendance + high marks
STU02458,0,Struggling & disengaged
STU02459,0,Struggling & disengaged
STU02460,0,Struggling & disengaged
STU02461,0,Struggling & disengaged
STU02462,0,Struggling & disengaged
STU02463,0,Struggling & disengaged
STU02464,0,Struggling & disengaged
STU02465,1,Average / inconsistent
STU02466,1,Average / inconsistent
STU02467,0,Struggling & disengaged
STU02468,1,Average / inconsistent
STU02469,1,Average / inconsistent
STU02470,1,Average / inconsistent
STU02471,1,Average / inconsistent
STU02472,0,Struggling & disengaged
STU02473,1,Average / inconsistent
STU02474,2,High attendance + high marks
STU02475,1,Average / inconsistent
STU02476,0,Struggling & disengaged
STU02477,0,Struggling & disengaged
STU02478,2,High attendance + high marks
STU02479,1,Average / inconsistent
STU02480,1,Average / inconsistent
STU02481,2,High attendance + high marks
STU02482,1,Average / inconsistent
STU02483,1,Average / inconsistent
STU02484,2,High attendance + high marks
STU02485,1,Average / inconsistent
STU02486,2,High attendance + high marks
STU02487,1,Average / inconsistent
STU02488,1,Average / inconsistent
STU02489,1,Average / inconsistent
STU02490,0,Struggling & disengaged
STU02491,2,High attendance + high marks
STU02492,2,High attendance + high marks
STU02493,2,High attendance + high marks
STU02494,0,Struggling & disengaged
STU02495,1,Average / inconsistent
STU02496,2,High attendance + high marks
STU02497,1,Average / inconsistent
STU02498,1,Average / inconsistent
STU02499,2,High attendance + high marks
STU02500,2,High attendance + high marks
STU02501,1,Average / inconsistent
STU02502,1,Average / inconsistent
STU02503,1,Average / inconsistent
STU02504,1,Average / inconsistent
STU02505,1,Average / inconsistent
STU02506,2,High attendance + high marks
STU02507,2,High attendance + high marks
STU02508,1,Average / inconsistent
STU02509,2,High attendance + high marks
STU02510,1,Average / inconsistent
STU02511,0,Struggling & disengaged
STU02512,2,High attendance + high marks
STU02513,1,Average / inconsistent
STU02514,1,Average / inconsistent
STU02515,1,Average / inconsistent
STU02516,0,Struggling & disengaged
STU02517,0,Struggling & disengaged
STU02518,2,High attendance + high marks
STU02519,1,Average / inconsistent
STU02520,0,Struggling & disengaged
STU02521,0,Struggling & disengaged
STU02522,1,Average / inconsistent
STU02523,1,Average / inconsistent
STU02524,0,Struggling & disengaged
STU02525,2,High attendance + high marks
STU02526,1,Average / inconsistent
STU02527,1,Average / inconsistent
STU02528,2,High attendance + high marks
STU02529,2,High attendance + high marks
STU02530,1,Average / inconsistent
STU02531,2,High attendance + high marks
STU02532,2,High attendance + high marks
STU02533,1,Average / inconsistent
STU02534,1,Average / inconsistent
STU02535,1,Average / inconsistent
STU02536,2,High attendance + high marks
STU02537,1,Average / inconsistent
STU02538,1,Average / inconsistent
STU02539,2,High attendance + high marks
STU02540,1,Average / inconsistent
STU02541,2,High attendance + high marks
STU02542,1,Average / inconsistent
STU02543,1,Average / inconsistent
STU02544,2,High attendance + high marks
STU02545,2,High attendance + high marks
STU02546,0,Struggling & disengaged
STU02547,1,Average / inconsistent
STU02548,2,High attendance + high marks
STU02549,0,Struggling & disengaged
STU02550,2,High attendance + high marks
STU02551,0,Struggling & disengaged
STU02552,1,Average / inconsistent
STU02553,0,Struggling & disengaged
STU02554,0,Struggling & disengaged
STU02555,2,High attendance + high marks
STU02556,0,Struggling & disengaged
STU02557,0,Struggling & disengaged
STU02558,1,Average / inconsistent
STU02559,2,High attendance + high marks
STU02560,1,Average / inconsistent
STU02561,2,High attendance + high marks
STU02562,1,Average / inconsistent
STU02563,1,Average / inconsistent
STU02564,2,High attendance + high marks
STU02565,1,Average / inconsistent
STU02566,0,Struggling & disengaged
STU02567,1,Average / inconsistent
STU02568,1,Average / inconsistent
STU02569,0,Struggling & disengaged
STU02570,1,Average / inconsistent
STU02571,2,High attendance + high marks
STU02572,1,Average / inconsistent
STU02573,1,Average / inconsistent
STU02574,0,Struggling & disengaged
STU02575,0,Struggling & disengaged
STU02576,1,Average / inconsistent
STU02577,0,Struggling & disengaged
STU02578,0,Struggling & disengaged
STU02579,2,High attendance + high marks
STU02580,2,High attendance + high marks
STU02581,0,Struggling & disengaged
STU02582,2,High attendance + high marks
STU02583,0,Struggling & disengaged
STU02584,1,Average / inconsistent
STU02585,1,Average / inconsistent
STU02586,2,High attendance + high marks
STU02587,2,High attendance + high marks
STU02588,2,High attendance + high marks
STU02589,2,High attendance + high marks
STU02590,0,Struggling & disengaged
STU02591,0,Struggling & disengaged
STU02592,2,High attendance + high marks
STU02593,1,Average / inconsistent
STU02594,1,Average / inconsistent
STU02595,0,Struggling & disengaged
STU02596,1,Average / inconsistent
STU02597,2,High attendance + high marks
STU02598,1,Average / inconsistent
STU02599,1,Average / inconsistent
STU02600,2,High attendance + high marks
STU02601,1,Average / inconsistent
STU02602,2,High attendance + high marks
STU02603,0,Struggling & disengaged
STU02604,1,Average / inconsistent
STU02605,2,High attendance + high marks
STU02606,0,Struggling & disengaged
STU02607,1,Average / inconsistent
STU02608,0,Struggling & disengaged
STU02609,1,Average / inconsistent
STU02610,0,Struggling & disengaged
STU02611,1,Average / inconsistent
STU02612,1,Average / inconsistent
STU02613,0,Struggling & disengaged
STU02614,0,Struggling & disengaged
STU02615,0,Struggling & disengaged
STU02616,1,Average / inconsistent
STU02617,1,Average / inconsistent
STU02618,0,Struggling & disengaged
STU02619,1,Average / inconsistent
STU02620,2,High attendance + high marks
STU02621,1,Average / inconsistent
STU02622,1,Average / inconsistent
STU02623,2,High attendance + high marks
STU02624,2,High attendance + high marks
STU02625,0,Struggling & disengaged
STU02626,1,Average / inconsistent
STU02627,1,Average / inconsistent
STU02628,2,High attendance + high marks
STU02629,0,Struggling & disengaged
STU02630,2,High attendance + high marks
STU02631,1,Average / inconsistent
STU02632,1,Average / inconsistent
STU02633,0,Struggling & disengaged
STU02634,2,High attendance + high marks
STU02635,1,Average / inconsistent
STU02636,2,High attendance + high marks
STU02637,1,Average / inconsistent
STU02638,1,Average / inconsistent
STU02639,2,High attendance + high marks
STU02640,0,Struggling & disengaged
STU02641,2,High attendance + high marks
STU02642,2,High attendance + high marks
STU02643,0,Struggling & disengaged
STU02644,0,Struggling & disengaged
STU02645,2,High attendance + high marks
STU02646,1,Average / inconsistent
STU02647,2,High attendance + high marks
STU02648,1,Average / inconsistent
STU02649,1,Average / inconsistent
STU02650,2,High attendance + high marks
STU02651,0,Struggling & disengaged
STU02652,1,Average / inconsistent
STU02653,2,High attendance + high marks
STU02654,0,Struggling & disengaged
STU02655,0,Struggling & disengaged
STU02656,1,Average / inconsistent
STU02657,1,Average / inconsistent
STU02658,0,Struggling & disengaged
STU02659,1,Average / inconsistent
STU02660,2,High attendance + high marks
STU02661,0,Struggling & disengaged
STU02662,1,Average / inconsistent
STU02663,1,Average / inconsistent
STU02664,1,Average / inconsistent
STU02665,1,Average / inconsistent
STU02666,0,Struggling & disengaged
STU02667,1,Average / inconsistent
STU02668,1,Average / inconsistent
STU02669,1,Average / inconsistent
STU02670,0,Struggling & disengaged
STU02671,2,High attendance + high marks
STU02672,2,High attendance + high marks
STU02673,2,High attendance + high marks
STU02674,2,High attendance + high marks
STU02675,1,Average / inconsistent
STU02676,1,Average / inconsistent
STU02677,0,Struggling & disengaged
STU02678,1,Average / inconsistent
STU02679,0,Struggling & disengaged
STU02680,2,High attendance + high marks
STU02681,2,High attendance + high marks
STU02682,1,Average / inconsistent
STU02683,2,High attendance + high marks
STU02684,1,Average / inconsistent
STU02685,2,High attendance + high marks
STU02686,1,Average / inconsistent
STU02687,0,Struggling & disengaged
STU02688,0,Struggling & disengaged
STU02689,2,High attendance + high marks
STU02690,0,Struggling & disengaged
STU02691,0,Struggling & disengaged
STU02692,0,Struggling & disengaged
STU02693,1,Average / inconsistent
STU02694,0,Struggling & disengaged
STU02695,2,High attendance + high marks
STU02696,2,High attendance + high marks
STU02697,2,High attendance + high marks
STU02698,1,Average / inconsistent
STU02699,2,High attendance + high marks
STU02700,0,Struggling & disengaged
STU02701,1,Average / inconsistent
STU02702,0,Struggling & disengaged
STU02703,1,Average / inconsistent
STU02704,2,High attendance + high marks
STU02705,1,Average / inconsistent
STU02706,0,Struggling & disengaged
STU02707,2,High attendance + high marks
STU02708,0,Struggling & disengaged
STU02709,1,Average / inconsistent
STU02710,1,Average / inconsistent
STU02711,1,Average / inconsistent
STU02712,1,Average / inconsistent
STU02713,2,High attendance + high marks
STU02714,1,Average / inconsistent
STU02715,1,Average / inconsistent
STU02716,2,High attendance + high marks
STU02717,1,Average / inconsistent
STU02718,2,High attendance + high marks
STU02719,2,High attendance + high marks
STU02720,0,Struggling & disengaged
STU02721,0,Struggling & disengaged
STU02722,2,High attendance + high marks
STU02723,0,Struggling & disengaged
STU02724,1,Average / inconsistent
STU02725,1,Average / inconsistent
STU02726,1,Average / inconsistent
STU02727,2,High attendance + high marks
STU02728,1,Average / inconsistent
STU02729,2,High attendance + high marks
STU02730,0,Struggling & disengaged
STU02731,1,Average / inconsistent
STU02732,0,Struggling & disengaged
STU02733,2,High attendance + high marks
STU02734,1,Average / inconsistent
STU02735,1,Average / inconsistent
STU02736,0,Struggling & disengaged
STU02737,1,Average / inconsistent
STU02738,2,High attendance + high marks
STU02739,2,High attendance + high marks
STU02740,2,High attendance + high marks
STU02741,1,Average / inconsistent
STU02742,1,Average / inconsistent
STU02743,0,Struggling & disengaged
STU02744,0,Struggling & disengaged
STU02745,1,Average / inconsistent
STU02746,0,Struggling & disengaged
STU02747,2,High attendance + high marks
STU02748,1,Average / inconsistent
STU02749,1,Average / inconsistent
STU02750,0,Struggling & disengaged
STU02751,0,Struggling & disengaged
STU02752,1,Average / inconsistent
STU02753,1,Average / inconsistent
STU02754,1,Average / inconsistent
STU02755,2,High attendance + high marks
STU02756,0,Struggling & disengaged
STU02757,1,Average / inconsistent
STU02758,2,High attendance + high marks
STU02759,1,Average / inconsistent
STU02760,1,Average / inconsistent
STU02761,1,Average / inconsistent
STU02762,0,Struggling & disengaged
STU02763,1,Average / inconsistent
STU02764,1,Average / inconsistent
STU02765,1,Average / inconsistent
STU02766,1,Average / inconsistent
STU02767,1,Average / inconsistent
STU02768,2,High attendance + high marks
STU02769,1,Average / inconsistent
STU02770,2,High attendance + high marks
STU02771,1,Average / inconsistent
STU02772,2,High attendance + high marks
STU02773,1,Average / inconsistent
STU02774,0,Struggling & disengaged
STU02775,0,Struggling & disengaged
STU02776,1,Average / inconsistent
STU02777,1,Average / inconsistent
STU02778,0,Struggling & disengaged
STU02779,1,Average / inconsistent
STU02780,0,Struggling & disengaged
STU02781,2,High attendance + high marks
STU02782,1,Average / inconsistent
STU02783,1,Average / inconsistent
STU02784,0,Struggling & disengaged
STU02785,1,Average / inconsistent
STU02786,1,Average / inconsistent
STU02787,2,High attendance + high marks
STU02788,2,High attendance + high marks
STU02789,0,Struggling & disengaged
STU02790,1,Average / inconsistent
STU02791,1,Average / inconsistent
STU02792,1,Average / inconsistent
STU02793,1,Average / inconsistent
STU02794,1,Average / inconsistent
STU02795,1,Average / inconsistent
STU02796,2,High attendance + high marks
STU02797,2,High attendance + high marks
STU02798,1,Average / inconsistent
STU02799,2,High attendance + high marks
STU02800,0,Struggling & disengaged
STU02801,1,Average / inconsistent
STU02802,2,High attendance + high marks
STU02803,2,High attendance + high marks
STU02804,0,Struggling & disengaged
STU02805,1,Average / inconsistent
STU02806,2,High attendance + high marks
STU02807,1,Average / inconsistent
STU02808,0,Struggling & disengaged
STU02809,1,Average / inconsistent
STU02810,0,Struggling & disengaged
STU02811,0,Struggling & disengaged
STU02812,2,High attendance + high marks
STU02813,1,Average / inconsistent
STU02814,1,Average / inconsistent
STU02815,2,High attendance + high marks
STU02816,0,Struggling & disengaged
STU02817,0,Struggling & disengaged
STU02818,1,Average / inconsistent
STU02819,1,Average / inconsistent
STU02820,0,Struggling & disengaged
STU02821,1,Average / inconsistent
STU02822,2,High attendance + high marks
STU02823,1,Average / inconsistent
STU02824,0,Struggling & disengaged
STU02825,1,Average / inconsistent
STU02826,0,Struggling & disengaged
STU02827,2,High attendance + high marks
STU02828,2,High attendance + high marks
STU02829,0,Struggling & disengaged
STU02830,2,High attendance + high marks
STU02831,0,Struggling & disengaged
STU02832,2,High attendance + high marks
STU02833,1,Average / inconsistent
STU02834,1,Average / inconsistent
STU02835,0,Struggling & disengaged
STU02836,1,Average / inconsistent
STU02837,2,High attendance + high marks
STU02838,1,Average / inconsistent
STU02839,1,Average / inconsistent
STU02840,2,High attendance + high marks
STU02841,0,Struggling & disengaged
STU02842,1,Average / inconsistent
STU02843,1,Average / inconsistent
STU02844,2,High attendance + high marks
STU02845,1,Average / inconsistent
STU02846,1,Average / inconsistent
STU02847,0,Struggling & disengaged
STU02848,0,Struggling & disengaged
STU02849,1,Average / inconsistent
STU02850,2,High attendance + high marks
STU02851,2,High attendance + high marks
STU02852,2,High attendance + high marks
STU02853,1,Average / inconsistent
STU02854,1,Average / inconsistent
STU02855,1,Average / inconsistent
STU02856,1,Average / inconsistent
STU02857,1,Average / inconsistent
STU02858,2,High attendance + high marks
STU02859,1,Average / inconsistent
STU02860,0,Struggling & disengaged
STU02861,1,Average / inconsistent
STU02862,2,High attendance + high marks
STU02863,0,Struggling & disengaged
STU02864,2,High attendance + high marks
STU02865,1,Average / inconsistent
STU02866,0,Struggling & disengaged
STU02867,2,High attendance + high marks
STU02868,2,High attendance + high marks
STU02869,0,Struggling & disengaged
STU02870,1,Average / inconsistent
STU02871,1,Average / inconsistent
STU02872,1,Average / inconsistent
STU02873,0,Struggling & disengaged
STU02874,0,Struggling & disengaged
STU02875,1,Average / inconsistent
STU02876,0,Struggling & disengaged
STU02877,0,Struggling & disengaged
STU02878,0,Struggling & disengaged
STU02879,0,Struggling & disengaged
STU02880,2,High attendance + high marks
STU02881,1,Average / inconsistent
STU02882,2,High attendance + high marks
STU02883,0,Struggling & disengaged
STU02884,2,High attendance + high marks
STU02885,1,Average / inconsistent
STU02886,2,High attendance + high marks
STU02887,1,Average / inconsistent
STU02888,1,Average / inconsistent
STU02889,2,High attendance + high marks
STU02890,1,Average / inconsistent
STU02891,1,Average / inconsistent
STU02892,1,Average / inconsistent
STU02893,1,Average / inconsistent
STU02894,1,Average / inconsistent
STU02895,1,Average / inconsistent
STU02896,1,Average / inconsistent
STU02897,2,High attendance + high marks
STU02898,2,High attendance + high marks
STU02899,0,Struggling & disengaged
STU02900,1,Average / inconsistent
STU02901,2,High attendance + high marks
STU02902,0,Struggling & disengaged
STU02903,1,Average / inconsistent
STU02904,1,Average / inconsistent
STU02905,1,Average / inconsistent
STU02906,2,High attendance + high marks
STU02907,2,High attendance + high marks
STU02908,0,Struggling & disengaged
STU02909,0,Struggling & disengaged
STU02910,0,Struggling & disengaged
STU02911,1,Average / inconsistent
STU02912,1,Average / inconsistent
STU02913,1,Average / inconsistent
STU02914,0,Struggling & disengaged
STU02915,1,Average / inconsistent
STU02916,2,High attendance + high marks
STU02917,2,High attendance + high marks
STU02918,2,High attendance + high marks
STU02919,1,Average / inconsistent
STU02920,1,Average / inconsistent
STU02921,1,Average / inconsistent
STU02922,2,High attendance + high marks
STU02923,1,Average / inconsistent
STU02924,1,Average / inconsistent
STU02925,0,Struggling & disengaged
STU02926,2,High attendance + high marks
STU02927,2,High attendance + high marks
STU02928,1,Average / inconsistent
STU02929,0,Struggling & disengaged
STU02930,0,Struggling & disengaged
STU02931,1,Average / inconsistent
STU02932,1,Average / inconsistent
STU02933,1,Average / inconsistent
STU02934,1,Average / inconsistent
STU02935,1,Average / inconsistent
STU02936,0,Struggling & disengaged
STU02937,0,Struggling & disengaged
STU02938,2,High attendance + high marks
STU02939,2,High attendance + high marks
STU02940,0,Struggling & disengaged
STU02941,0,Struggling & disengaged
STU02942,2,High attendance + high marks
STU02943,2,High attendance + high marks
STU02944,2,High attendance + high marks
STU02945,0,Struggling & disengaged
STU02946,2,High attendance + high marks
STU02947,1,Average / inconsistent
STU02948,1,Average / inconsistent
STU02949,1,Average / inconsistent
STU02950,2,High attendance + high marks
STU02951,1,Average / inconsistent
STU02952,2,High attendance + high marks
STU02953,0,Struggling & disengaged
STU02954,0,Struggling & disengaged
STU02955,0,Struggling & disengaged
STU02956,0,Struggling & disengaged
STU02957,1,Average / inconsistent
STU02958,1,Average / inconsistent
STU02959,1,Average / inconsistent
STU02960,2,High attendance + high marks
STU02961,0,Struggling & disengaged
STU02962,1,Average / inconsistent
STU02963,1,Average / inconsistent
STU02964,0,Struggling & disengaged
STU02965,2,High attendance + high marks
STU02966,1,Average / inconsistent
STU02967,2,High attendance + high marks
STU02968,0,Struggling & disengaged
STU02969,2,High attendance + high marks
STU02970,0,Struggling & disengaged
STU02971,2,High attendance + high marks
STU02972,1,Average / inconsistent
STU02973,1,Average / inconsistent
STU02974,0,Struggling & disengaged
STU02975,1,Average / inconsistent
STU02976,2,High attendance + high marks
STU02977,1,Average / inconsistent
STU02978,1,Average / inconsistent
STU02979,0,Struggling & disengaged
STU02980,2,High attendance + high marks
STU02981,1,Average / inconsistent
STU02982,2,High attendance + high marks
STU02983,0,Struggling & disengaged
STU02984,1,Average / inconsistent
STU02985,1,Average / inconsistent
STU02986,2,High attendance + high marks
STU02987,1,Average / inconsistent
STU02988,1,Average / inconsistent
STU02989,1,Average / inconsistent
STU02990,1,Average / inconsistent
STU02991,2,High attendance + high marks
STU02992,0,Struggling & disengaged
STU02993,1,Average / inconsistent
STU02994,2,High attendance + high marks
STU02995,0,Struggling & disengaged
STU02996,1,Average / inconsistent
STU02997,0,Struggling & disengaged
STU02998,1,Average / inconsistent
STU02999,2,High attendance + high marks
STU03000,1,Average / inconsistent
STU03001,1,Average / inconsistent
STU03002,1,Average / inconsistent
STU03003,2,High attendance + high marks
STU03004,0,Struggling & disengaged
STU03005,1,Average / inconsistent
STU03006,2,High attendance + high marks
STU03007,0,Struggling & disengaged
STU03008,1,Average / inconsistent
STU03009,0,Struggling & disengaged
STU03010,1,Average / inconsistent
STU03011,2,High attendance + high marks
STU03012,0,Struggling & disengaged
STU03013,1,Average / inconsistent
STU03014,1,Average / inconsistent
STU03015,2,High attendance + high marks
STU03016,1,Average / inconsistent
STU03017,0,Struggling & disengaged
STU03018,1,Average / inconsistent
STU03019,1,Average / inconsistent
STU03020,0,Struggling & disengaged
STU03021,1,Average / inconsistent
STU03022,2,High attendance + high marks
STU03023,2,High attendance + high marks
STU03024,0,Struggling & disengaged
STU03025,1,Average / inconsistent
STU03026,0,Struggling & disengaged
STU03027,1,Average / inconsistent
STU03028,0,Struggling & disengaged
STU03029,1,Average / inconsistent
STU03030,1,Average / inconsistent
STU03031,1,Average / inconsistent
STU03032,2,High attendance + high marks
STU03033,1,Average / inconsistent
STU03034,1,Average / inconsistent
STU03035,2,High attendance + high marks
STU03036,2,High attendance + high marks
STU03037,0,Struggling & disengaged
STU03038,1,Average / inconsistent
STU03039,0,Struggling & disengaged
STU03040,0,Struggling & disengaged
STU03041,2,High attendance + high marks
STU03042,2,High attendance + high marks
STU03043,0,Struggling & disengaged
STU03044,1,Average / inconsistent
STU03045,1,Average / inconsistent
STU03046,1,Average / inconsistent
STU03047,2,High attendance + high marks
STU03048,2,High attendance + high marks
STU03049,2,High attendance + high marks
STU03050,2,High attendance + high marks
STU03051,1,Average / inconsistent
STU03052,0,Struggling & disengaged
STU03053,0,Struggling & disengaged
STU03054,1,Average / inconsistent
STU03055,1,Average / inconsistent
STU03056,0,Struggling & disengaged
STU03057,2,High attendance + high marks
STU03058,0,Struggling & disengaged
STU03059,1,Average / inconsistent
STU03060,1,Average / inconsistent
STU03061,2,High attendance + high marks
STU03062,2,High attendance + high marks
STU03063,2,High attendance + high marks
STU03064,2,High attendance + high marks
STU03065,1,Average / inconsistent
STU03066,1,Average / inconsistent
STU03067,2,High attendance + high marks
STU03068,2,High attendance + high marks
STU03069,2,High attendance + high marks
STU03070,0,Struggling & disengaged
STU03071,2,High attendance + high marks
STU03072,0,Struggling & disengaged
STU03073,0,Struggling & disengaged
STU03074,2,High attendance + high marks
STU03075,2,High attendance + high marks
STU03076,0,Struggling & disengaged
STU03077,1,Average / inconsistent
STU03078,0,Struggling & disengaged
STU03079,0,Struggling & disengaged
STU03080,1,Average / inconsistent
STU03081,1,Average / inconsistent
STU03082,0,Struggling & disengaged
STU03083,1,Average / inconsistent
STU03084,2,High attendance + high marks
STU03085,0,Struggling & disengaged
STU03086,2,High attendance + high marks
STU03087,0,Struggling & disengaged
STU03088,0,Struggling & disengaged
STU03089,0,Struggling & disengaged
STU03090,1,Average / inconsistent
STU03091,1,Average / inconsistent
STU03092,1,Average / inconsistent
STU03093,2,High attendance + high marks
STU03094,0,Struggling & disengaged
STU03095,2,High attendance + high marks
STU03096,0,Struggling & disengaged
STU03097,2,High attendance + high marks
STU03098,1,Average / inconsistent
STU03099,2,High attendance + high marks
STU03100,1,Average / inconsistent
STU03101,1,Average / inconsistent
STU03102,1,Average / inconsistent
STU03103,1,Average / inconsistent
STU03104,2,High attendance + high marks
STU03105,1,Average / inconsistent
STU03106,1,Average / inconsistent
STU03107,1,Average / inconsistent
STU03108,0,Struggling & disengaged
STU03109,0,Struggling & disengaged
STU03110,1,Average / inconsistent
STU03111,2,High attendance + high marks
STU03112,2,High attendance + high marks
STU03113,2,High attendance + high marks
STU03114,1,Average / inconsistent
STU03115,2,High attendance + high marks
STU03116,1,Average / inconsistent
STU03117,0,Struggling & disengaged
STU03118,0,Struggling & disengaged
STU03119,1,Average / inconsistent
STU03120,0,Struggling & disengaged
STU03121,1,Average / inconsistent
STU03122,0,Struggling & disengaged
STU03123,1,Average / inconsistent
STU03124,2,High attendance + high marks
STU03125,1,Average / inconsistent
STU03126,2,High attendance + high marks
STU03127,0,Struggling & disengaged
STU03128,1,Average / inconsistent
STU03129,1,Average / inconsistent
STU03130,2,High attendance + high marks
STU03131,1,Average / inconsistent
STU03132,0,Struggling & disengaged
STU03133,1,Average / inconsistent
STU03134,1,Average / inconsistent
STU03135,0,Struggling & disengaged
STU03136,1,Average / inconsistent
STU03137,1,Average / inconsistent
STU03138,1,Average / inconsistent
STU03139,1,Average / inconsistent
STU03140,1,Average / inconsistent
STU03141,1,Average / inconsistent
STU03142,2,High attendance + high marks
STU03143,0,Struggling & disengaged
STU03144,1,Average / inconsistent
STU03145,2,High attendance + high marks
STU03146,1,Average / inconsistent
STU03147,1,Average / inconsistent
STU03148,1,Average / inconsistent
STU03149,2,High attendance + high marks
STU03150,1,Average / inconsistent
STU03151,1,Average / inconsistent
STU03152,0,Struggling & disengaged
STU03153,1,Average / inconsistent
STU03154,1,Average / inconsistent
STU03155,1,Average / inconsistent
STU03156,1,Average / inconsistent
STU03157,2,High attendance + high marks
STU03158,2,High attendance + high marks
STU03159,0,Struggling & disengaged
STU03160,1,Average / inconsistent
STU03161,0,Struggling & disengaged
STU03162,2,High attendance + high marks
STU03163,2,High attendance + high marks
STU03164,1,Average / inconsistent
STU03165,2,High attendance + high marks
STU03166,2,High attendance + high marks
STU03167,0,Struggling & disengaged
STU03168,0,Struggling & disengaged
STU03169,1,Average / inconsistent
STU03170,1,Average / inconsistent
STU03171,1,Average / inconsistent
STU03172,1,Average / inconsistent
STU03173,1,Average / inconsistent
STU03174,1,Average / inconsistent
STU03175,2,High attendance + high marks
STU03176,0,Struggling & disengaged
STU03177,2,High attendance + high marks
STU03178,2,High attendance + high marks
STU03179,1,Average / inconsistent
STU03180,2,High attendance + high marks
STU03181,0,Struggling & disengaged
STU03182,0,Struggling & disengaged
STU03183,1,Average / inconsistent
STU03184,2,High attendance + high marks
STU03185,1,Average / inconsistent
STU03186,0,Struggling & disengaged
STU03187,1,Average / inconsistent
STU03188,0,Struggling & disengaged
STU03189,1,Average / inconsistent
STU03190,0,Struggling & disengaged
STU03191,0,Struggling & disengaged
STU03192,0,Struggling & disengaged
STU03193,1,Average / inconsistent
STU03194,1,Average / inconsistent
STU03195,0,Struggling & disengaged
STU03196,1,Average / inconsistent
STU03197,0,Struggling & disengaged
STU03198,2,High attendance + high marks
STU03199,2,High attendance + high marks
STU03200,1,Average / inconsistent
STU03201,1,Average / inconsistent
STU03202,1,Average / inconsistent
STU03203,1,Average / inconsistent
STU03204,2,High attendance + high marks
STU03205,1,Average / inconsistent
STU03206,1,Average / inconsistent
STU03207,1,Average / inconsistent
STU03208,2,High attendance + high marks
STU03209,0,Struggling & disengaged
STU03210,0,Struggling & disengaged
STU03211,1,Average / inconsistent
STU03212,1,Average / inconsistent
STU03213,2,High attendance + high marks
STU03214,1,Average / inconsistent
STU03215,1,Average / inconsistent
STU03216,2,High attendance + high marks
STU03217,0,Struggling & disengaged
STU03218,2,High attendance + high marks
STU03219,2,High attendance + high marks
STU03220,1,Average / inconsistent
STU03221,2,High attendance + high marks
STU03222,1,Average / inconsistent
STU03223,0,Struggling & disengaged
STU03224,0,Struggling & disengaged
STU03225,1,Average / inconsistent
STU03226,1,Average / inconsistent
STU03227,0,Struggling & disengaged
STU03228,0,Struggling & disengaged
STU03229,1,Average / inconsistent
STU03230,0,Struggling & disengaged
STU03231,1,Average / inconsistent
STU03232,2,High attendance + high marks
STU03233,2,High attendance + high marks
STU03234,0,Struggling & disengaged
STU03235,1,Average / inconsistent
STU03236,1,Average / inconsistent
STU03237,2,High attendance + high marks
STU03238,2,High attendance + high marks
STU03239,1,Average / inconsistent
STU03240,0,Struggling & disengaged
STU03241,1,Average / inconsistent
STU03242,1,Average / inconsistent
STU03243,0,Struggling & disengaged
STU03244,2,High attendance + high marks
STU03245,1,Average / inconsistent
STU03246,1,Average / inconsistent
STU03247,0,Struggling & disengaged
STU03248,0,Struggling & disengaged
STU03249,2,High attendance + high marks
STU03250,2,High attendance + high marks
STU03251,2,High attendance + high marks
STU03252,1,Average / inconsistent
STU03253,1,Average / inconsistent
STU03254,2,High attendance + high marks
STU03255,0,Struggling & disengaged
STU03256,0,Struggling & disengaged
STU03257,0,Struggling & disengaged
STU03258,2,High attendance + high marks
STU03259,0,Struggling & disengaged
STU03260,1,Average / inconsistent
STU03261,2,High attendance + high marks
STU03262,0,Struggling & disengaged
STU03263,2,High attendance + high marks
STU03264,1,Average / inconsistent
STU03265,2,High attendance + high marks
STU03266,0,Struggling & disengaged
STU03267,0,Struggling & disengaged
STU03268,1,Average / inconsistent
STU03269,0,Struggling & disengaged
STU03270,1,Average / inconsistent
STU03271,1,Average / inconsistent
STU03272,1,Average / inconsistent
STU03273,1,Average / inconsistent
STU03274,1,Average / inconsistent
STU03275,0,Struggling & disengaged
STU03276,1,Average / inconsistent
STU03277,1,Average / inconsistent
STU03278,0,Struggling & disengaged
STU03279,0,Struggling & disengaged
STU03280,1,Average / inconsistent
STU03281,1,Average / inconsistent
STU03282,1,Average / inconsistent
STU03283,1,Average / inconsistent
STU03284,1,Average / inconsistent
STU03285,1,Average / inconsistent
STU03286,2,High attendance + high marks
STU03287,0,Struggling & disengaged
STU03288,1,Average / inconsistent
STU03289,1,Average / inconsistent
STU03290,0,Struggling & disengaged
STU03291,0,Struggling & disengaged
STU03292,1,Average / inconsistent
STU03293,0,Struggling & disengaged
STU03294,0,Struggling & disengaged
STU03295,0,Struggling & disengaged
STU03296,2,High attendance + high marks
STU03297,1,Average / inconsistent
STU03298,2,High attendance + high marks
STU03299,0,Struggling & disengaged
STU03300,2,High attendance + high marks
STU03301,2,High attendance + high marks
STU03302,2,High attendance + high marks
STU03303,2,High attendance + high marks
STU03304,2,High attendance + high marks
STU03305,2,High attendance + high marks
STU03306,2,High attendance + high marks
STU03307,1,Average / inconsistent
STU03308,1,Average / inconsistent
STU03309,0,Struggling & disengaged
STU03310,0,Struggling & disengaged
STU03311,1,Average / inconsistent
STU03312,1,Average / inconsistent
STU03313,0,Struggling & disengaged
STU03314,1,Average / inconsistent
STU03315,2,High attendance + high marks
STU03316,2,High attendance + high marks
STU03317,0,Struggling & disengaged
STU03318,0,Struggling & disengaged
STU03319,2,High attendance + high marks
STU03320,0,Struggling & disengaged
STU03321,1,Average / inconsistent
STU03322,0,Struggling & disengaged
STU03323,0,Struggling & disengaged
STU03324,1,Average / inconsistent
STU03325,2,High attendance + high marks
STU03326,2,High attendance + high marks
STU03327,2,High attendance + high marks
STU03328,1,Average / inconsistent
STU03329,0,Struggling & disengaged
STU03330,1,Average / inconsistent
STU03331,1,Average / inconsistent
STU03332,0,Struggling & disengaged
STU03333,0,Struggling & disengaged
STU03334,1,Average / inconsistent
STU03335,2,High attendance + high marks
STU03336,0,Struggling & disengaged
STU03337,1,Average / inconsistent
STU03338,0,Struggling & disengaged
STU03339,0,Struggling & disengaged
STU03340,0,Struggling & disengaged
STU03341,0,Struggling & disengaged
STU03342,2,High attendance + high marks
STU03343,2,High attendance + high marks
STU03344,2,High attendance + high marks
STU03345,0,Struggling & disengaged
STU03346,0,Struggling & disengaged
STU03347,1,Average / inconsistent
STU03348,1,Average / inconsistent
STU03349,1,Average / inconsistent
STU03350,0,Struggling & disengaged
STU03351,2,High attendance + high marks
STU03352,1,Average / inconsistent
STU03353,1,Average / inconsistent
STU03354,0,Struggling & disengaged
STU03355,1,Average / inconsistent
STU03356,0,Struggling & disengaged
STU03357,0,Struggling & disengaged
STU03358,0,Struggling & disengaged
STU03359,1,Average / inconsistent
STU03360,1,Average / inconsistent
STU03361,0,Struggling & disengaged
STU03362,0,Struggling & disengaged
STU03363,2,High attendance + high marks
STU03364,0,Struggling & disengaged
STU03365,0,Struggling & disengaged
STU03366,0,Struggling & disengaged
STU03367,1,Average / inconsistent
STU03368,2,High attendance + high marks
STU03369,1,Average / inconsistent
STU03370,2,High attendance + high marks
STU03371,1,Average / inconsistent
STU03372,0,Struggling & disengaged
STU03373,0,Struggling & disengaged
STU03374,1,Average / inconsistent
STU03375,2,High attendance + high marks
STU03376,1,Average / inconsistent
STU03377,1,Average / inconsistent
STU03378,1,Average / inconsistent
STU03379,2,High attendance + high marks
STU03380,1,Average / inconsistent
STU03381,2,High attendance + high marks
STU03382,1,Average / inconsistent
STU03383,2,High attendance + high marks
STU03384,1,Average / inconsistent
STU03385,1,Average / inconsistent
STU03386,2,High attendance + high marks
STU03387,1,Average / inconsistent
STU03388,0,Struggling & disengaged
STU03389,0,Struggling & disengaged
STU03390,1,Average / inconsistent
STU03391,0,Struggling & disengaged
STU03392,1,Average / inconsistent
STU03393,0,Struggling & disengaged
STU03394,1,Average / inconsistent
STU03395,1,Average / inconsistent
STU03396,1,Average / inconsistent
STU03397,2,High attendance + high marks
STU03398,0,Struggling & disengaged
STU03399,0,Struggling & disengaged
STU03400,0,Struggling & disengaged
STU03401,1,Average / inconsistent
STU03402,2,High attendance + high marks
STU03403,1,Average / inconsistent
STU03404,2,High attendance + high marks
STU03405,0,Struggling & disengaged
STU03406,0,Struggling & disengaged
STU03407,2,High attendance + high marks
STU03408,1,Average / inconsistent
STU03409,2,High attendance + high marks
STU03410,0,Struggling & disengaged
STU03411,0,Struggling & disengaged
STU03412,0,Struggling & disengaged
STU03413,1,Average / inconsistent
STU03414,0,Struggling & disengaged
STU03415,2,High attendance + high marks
STU03416,1,Average / inconsistent
STU03417,1,Average / inconsistent
STU03418,2,High attendance + high marks
STU03419,1,Average / inconsistent
STU03420,2,High attendance + high marks
STU03421,1,Average / inconsistent
STU03422,0,Struggling & disengaged
STU03423,2,High attendance + high marks
STU03424,1,Average / inconsistent
STU03425,1,Average / inconsistent
STU03426,2,High attendance + high marks
STU03427,1,Average / inconsistent
STU03428,1,Average / inconsistent
STU03429,1,Average / inconsistent
STU03430,1,Average / inconsistent
STU03431,0,Struggling & disengaged
STU03432,1,Average / inconsistent
STU03433,1,Average / inconsistent
STU03434,0,Struggling & disengaged
STU03435,1,Average / inconsistent
STU03436,1,Average / inconsistent
STU03437,0,Struggling & disengaged
STU03438,1,Average / inconsistent
STU03439,1,Average / inconsistent
STU03440,2,High attendance + high marks
STU03441,2,High attendance + high marks
STU03442,0,Struggling & disengaged
STU03443,0,Struggling & disengaged
STU03444,0,Struggling & disengaged
STU03445,2,High attendance + high marks
STU03446,2,High attendance + high marks
STU03447,0,Struggling & disengaged
STU03448,1,Average / inconsistent
STU03449,0,Struggling & disengaged
STU03450,0,Struggling & disengaged
STU03451,0,Struggling & disengaged
STU03452,2,High attendance + high marks
STU03453,2,High attendance + high marks
STU03454,2,High attendance + high marks
STU03455,2,High attendance + high marks
STU03456,1,Average / inconsistent
STU03457,1,Average / inconsistent
STU03458,1,Average / inconsistent
STU03459,0,Struggling & disengaged
STU03460,2,High attendance + high marks
STU03461,2,High attendance + high marks
STU03462,0,Struggling & disengaged
STU03463,0,Struggling & disengaged
STU03464,1,Average / inconsistent
STU03465,0,Struggling & disengaged
STU03466,2,High attendance + high marks
STU03467,1,Average / inconsistent
STU03468,0,Struggling & disengaged
STU03469,1,Average / inconsistent
STU03470,1,Average / inconsistent
STU03471,1,Average / inconsistent
STU03472,0,Struggling & disengaged
STU03473,2,High attendance + high marks
STU03474,2,High attendance + high marks
STU03475,0,Struggling & disengaged
STU03476,1,Average / inconsistent
STU03477,0,Struggling & disengaged
STU03478,0,Struggling & disengaged
STU03479,2,High attendance + high marks
STU03480,1,Average / inconsistent
STU03481,0,Struggling & disengaged
STU03482,1,Average / inconsistent
STU03483,2,High attendance + high marks
STU03484,2,High attendance + high marks
STU03485,1,Average / inconsistent
STU03486,2,High attendance + high marks
STU03487,1,Average / inconsistent
STU03488,0,Struggling & disengaged
STU03489,1,Average / inconsistent
STU03490,1,Average / inconsistent
STU03491,1,Average / inconsistent
STU03492,0,Struggling & disengaged
STU03493,0,Struggling & disengaged
STU03494,1,Average / inconsistent
STU03495,1,Average / inconsistent
STU03496,1,Average / inconsistent
STU03497,2,High attendance + high marks
STU03498,2,High attendance + high marks
STU03499,2,High attendance + high marks
STU03500,1,Average / inconsistent
STU03501,0,Struggling & disengaged
STU03502,1,Average / inconsistent
STU03503,0,Struggling & disengaged
STU03504,1,Average / inconsistent
STU03505,1,Average / inconsistent
STU03506,2,High attendance + high marks
STU03507,1,Average / inconsistent
STU03508,1,Average / inconsistent
STU03509,1,Average / inconsistent
STU03510,1,Average / inconsistent
STU03511,1,Average / inconsistent
STU03512,0,Struggling & disengaged
STU03513,2,High attendance + high marks
STU03514,1,Average / inconsistent
STU03515,1,Average / inconsistent
STU03516,0,Struggling & disengaged
STU03517,1,Average / inconsistent
STU03518,1,Average / inconsistent
STU03519,1,Average / inconsistent
STU03520,1,Average / inconsistent
STU03521,0,Struggling & disengaged
STU03522,1,Average / inconsistent
STU03523,2,High attendance + high marks
STU03524,1,Average / inconsistent
STU03525,1,Average / inconsistent
STU03526,2,High attendance + high marks
STU03527,1,Average / inconsistent
STU03528,0,Struggling & disengaged
STU03529,0,Struggling & disengaged
STU03530,0,Struggling & disengaged
STU03531,2,High attendance + high marks
STU03532,0,Struggling & disengaged
STU03533,1,Average / inconsistent
STU03534,0,Struggling & disengaged
STU03535,2,High attendance + high marks
STU03536,1,Average / inconsistent
STU03537,2,High attendance + high marks
STU03538,1,Average / inconsistent
STU03539,2,High attendance + high marks
STU03540,1,Average / inconsistent
STU03541,1,Average / inconsistent
STU03542,1,Average / inconsistent
STU03543,1,Average / inconsistent
STU03544,1,Average / inconsistent
STU03545,0,Struggling & disengaged
STU03546,1,Average / inconsistent
STU03547,2,High attendance + high marks
STU03548,1,Average / inconsistent
STU03549,0,Struggling & disengaged
STU03550,1,Average / inconsistent
STU03551,1,Average / inconsistent
STU03552,1,Average / inconsistent
STU03553,2,High attendance + high marks
STU03554,0,Struggling & disengaged
STU03555,2,High attendance + high marks
STU03556,1,Average / inconsistent
STU03557,1,Average / inconsistent
STU03558,1,Average / inconsistent
STU03559,1,Average / inconsistent
STU03560,0,Struggling & disengaged
STU03561,1,Average / inconsistent
STU03562,1,Average / inconsistent
STU03563,2,High attendance + high marks
STU03564,1,Average / inconsistent
STU03565,1,Average / inconsistent
STU03566,2,High attendance + high marks
STU03567,0,Struggling & disengaged
STU03568,0,Struggling & disengaged
STU03569,2,High attendance + high marks
STU03570,1,Average / inconsistent
STU03571,2,High attendance + high marks
STU03572,0,Struggling & disengaged
STU03573,1,Average / inconsistent
STU03574,1,Average / inconsistent
STU03575,1,Average / inconsistent
STU03576,0,Struggling & disengaged
STU03577,1,Average / inconsistent
STU03578,2,High attendance + high marks
STU03579,1,Average / inconsistent
STU03580,1,Average / inconsistent
STU03581,1,Average / inconsistent
STU03582,2,High attendance + high marks
STU03583,1,Average / inconsistent
STU03584,0,Struggling & disengaged
STU03585,2,High attendance + high marks
STU03586,2,High attendance + high marks
STU03587,1,Average / inconsistent
STU03588,1,Average / inconsistent
STU03589,1,Average / inconsistent
STU03590,1,Average / inconsistent
STU03591,1,Average / inconsistent
STU03592,1,Average / inconsistent
STU03593,2,High attendance + high marks
STU03594,1,Average / inconsistent
STU03595,0,Struggling & disengaged
STU03596,2,High attendance + high marks
STU03597,2,High attendance + high marks
STU03598,0,Struggling & disengaged
STU03599,0,Struggling & disengaged
STU03600,1,Average / inconsistent
STU03601,2,High attendance + high marks
STU03602,2,High attendance + high marks
STU03603,1,Average / inconsistent
STU03604,2,High attendance + high marks
STU03605,2,High attendance + high marks
STU03606,2,High attendance + high marks
STU03607,1,Average / inconsistent
STU03608,2,High attendance + high marks
STU03609,2,High attendance + high marks
STU03610,1,Average / inconsistent
STU03611,1,Average / inconsistent
STU03612,1,Average / inconsistent
STU03613,1,Average / inconsistent
STU03614,1,Average / inconsistent
STU03615,1,Average / inconsistent
STU03616,2,High attendance + high marks
STU03617,2,High attendance + high marks
STU03618,1,Average / inconsistent
STU03619,1,Average / inconsistent
STU03620,1,Average / inconsistent
STU03621,1,Average / inconsistent
STU03622,1,Average / inconsistent
STU03623,1,Average / inconsistent
STU03624,2,High attendance + high marks
STU03625,1,Average / inconsistent
STU03626,2,High attendance + high marks
STU03627,0,Struggling & disengaged
STU03628,0,Struggling & disengaged
STU03629,2,High attendance + high marks
STU03630,2,High attendance + high marks
STU03631,2,High attendance + high marks
STU03632,2,High attendance + high marks
STU03633,1,Average / inconsistent
STU03634,1,Average / inconsistent
STU03635,1,Average / inconsistent
STU03636,0,Struggling & disengaged
STU03637,1,Average / inconsistent
STU03638,1,Average / inconsistent
STU03639,0,Struggling & disengaged
STU03640,1,Average / inconsistent
STU03641,0,Struggling & disengaged
STU03642,2,High attendance + high marks
STU03643,1,Average / inconsistent
STU03644,1,Average / inconsistent
STU03645,1,Average / inconsistent
STU03646,0,Struggling & disengaged
STU03647,1,Average / inconsistent
STU03648,2,High attendance + high marks
STU03649,1,Average / inconsistent
STU03650,1,Average / inconsistent
STU03651,2,High attendance + high marks
STU03652,2,High attendance + high marks
STU03653,2,High attendance + high marks
STU03654,2,High attendance + high marks
STU03655,2,High attendance + high marks
STU03656,0,Struggling & disengaged
STU03657,0,Struggling & disengaged
STU03658,2,High attendance + high marks
STU03659,1,Average / inconsistent
STU03660,2,High attendance + high marks
STU03661,1,Average / inconsistent
STU03662,1,Average / inconsistent
STU03663,1,Average / inconsistent
STU03664,1,Average / inconsistent
STU03665,0,Struggling & disengaged
STU03666,0,Struggling & disengaged
STU03667,0,Struggling & disengaged
STU03668,1,Average / inconsistent
STU03669,0,Struggling & disengaged
STU03670,1,Average / inconsistent
STU03671,1,Average / inconsistent
STU03672,0,Struggling & disengaged
STU03673,1,Average / inconsistent
STU03674,1,Average / inconsistent
STU03675,1,Average / inconsistent
STU03676,2,High attendance + high marks
STU03677,1,Average / inconsistent
STU03678,2,High attendance + high marks
STU03679,0,Struggling & disengaged
STU03680,2,High attendance + high marks
STU03681,0,Struggling & disengaged
STU03682,1,Average / inconsistent
STU03683,1,Average / inconsistent
STU03684,2,High attendance + high marks
STU03685,0,Struggling & disengaged
STU03686,0,Struggling & disengaged
STU03687,0,Struggling & disengaged
STU03688,0,Struggling & disengaged
STU03689,2,High attendance + high marks
STU03690,2,High attendance + high marks
STU03691,2,High attendance + high marks
STU03692,2,High attendance + high marks
STU03693,0,Struggling & disengaged
STU03694,2,High attendance + high marks
STU03695,1,Average / inconsistent
STU03696,1,Average / inconsistent
STU03697,1,Average / inconsistent
STU03698,2,High attendance + high marks
STU03699,0,Struggling & disengaged
STU03700,2,High attendance + high marks
STU03701,0,Struggling & disengaged
STU03702,2,High attendance + high marks
STU03703,1,Average / inconsistent
STU03704,0,Struggling & disengaged
STU03705,1,Average / inconsistent
STU03706,1,Average / inconsistent
STU03707,1,Average / inconsistent
STU03708,1,Average / inconsistent
STU03709,1,Average / inconsistent
STU03710,0,Struggling & disengaged
STU03711,1,Average / inconsistent
STU03712,2,High attendance + high marks
STU03713,0,Struggling & disengaged
STU03714,1,Average / inconsistent
STU03715,1,Average / inconsistent
STU03716,1,Average / inconsistent
STU03717,0,Struggling & disengaged
STU03718,2,High attendance + high marks
STU03719,2,High attendance + high marks
STU03720,1,Average / inconsistent
STU03721,2,High attendance + high marks
STU03722,1,Average / inconsistent
STU03723,0,Struggling & disengaged
STU03724,2,High attendance + high marks
STU03725,0,Struggling & disengaged
STU03726,1,Average / inconsistent
STU03727,1,Average / inconsistent
STU03728,2,High attendance + high marks
STU03729,1,Average / inconsistent
STU03730,2,High attendance + high marks
STU03731,0,Struggling & disengaged
STU03732,2,High attendance + high marks
STU03733,2,High attendance + high marks
STU03734,1,Average / inconsistent
STU03735,1,Average / inconsistent
STU03736,0,Struggling & disengaged
STU03737,2,High attendance + high marks
STU03738,1,Average / inconsistent
STU03739,1,Average / inconsistent
STU03740,1,Average / inconsistent
STU03741,1,Average / inconsistent
STU03742,1,Average / inconsistent
STU03743,0,Struggling & disengaged
STU03744,1,Average / inconsistent
STU03745,1,Average / inconsistent
STU03746,1,Average / inconsistent
STU03747,0,Struggling & disengaged
STU03748,1,Average / inconsistent
STU03749,1,Average / inconsistent
STU03750,2,High attendance + high marks
STU03751,1,Average / inconsistent
STU03752,1,Average / inconsistent
STU03753,1,Average / inconsistent
STU03754,2,High attendance + high marks
STU03755,0,Struggling & disengaged
STU03756,2,High attendance + high marks
STU03757,0,Struggling & disengaged
STU03758,1,Average / inconsistent
STU03759,2,High attendance + high marks
STU03760,1,Average / inconsistent
STU03761,1,Average / inconsistent
STU03762,0,Struggling & disengaged
STU03763,1,Average / inconsistent
STU03764,2,High attendance + high marks
STU03765,1,Average / inconsistent
STU03766,1,Average / inconsistent
STU03767,2,High attendance + high marks
STU03768,0,Struggling & disengaged
STU03769,2,High attendance + high marks
STU03770,0,Struggling & disengaged
STU03771,1,Average / inconsistent
STU03772,1,Average / inconsistent
STU03773,1,Average / inconsistent
STU03774,1,Average / inconsistent
STU03775,2,High attendance + high marks
STU03776,1,Average / inconsistent
STU03777,0,Struggling & disengaged
STU03778,2,High attendance + high marks
STU03779,0,Struggling & disengaged
STU03780,0,Struggling & disengaged
STU03781,1,Average / inconsistent
STU03782,0,Struggling & disengaged
STU03783,1,Average / inconsistent
STU03784,2,High attendance + high marks
STU03785,2,High attendance + high marks
STU03786,0,Struggling & disengaged
STU03787,1,Average / inconsistent
STU03788,1,Average / inconsistent
STU03789,2,High attendance + high marks
STU03790,1,Average / inconsistent
STU03791,1,Average / inconsistent
STU03792,2,High attendance + high marks
STU03793,0,Struggling & disengaged
STU03794,1,Average / inconsistent
STU03795,0,Struggling & disengaged
STU03796,1,Average / inconsistent
STU03797,0,Struggling & disengaged
STU03798,0,Struggling & disengaged
STU03799,2,High attendance + high marks
STU03800,1,Average / inconsistent
STU03801,1,Average / inconsistent
STU03802,0,Struggling & disengaged
STU03803,1,Average / inconsistent
STU03804,0,Struggling & disengaged
STU03805,2,High attendance + high marks
STU03806,0,Struggling & disengaged
STU03807,0,Struggling & disengaged
STU03808,1,Average / inconsistent
STU03809,1,Average / inconsistent
STU03810,0,Struggling & disengaged
STU03811,0,Struggling & disengaged
STU03812,0,Struggling & disengaged
STU03813,0,Struggling & disengaged
STU03814,1,Average / inconsistent
STU03815,2,High attendance + high marks
STU03816,1,Average / inconsistent
STU03817,2,High attendance + high marks
STU03818,1,Average / inconsistent
STU03819,2,High attendance + high marks
STU03820,0,Struggling & disengaged
STU03821,1,Average / inconsistent
STU03822,1,Average / inconsistent
STU03823,0,Struggling & disengaged
STU03824,1,Average / inconsistent
STU03825,1,Average / inconsistent
STU03826,2,High attendance + high marks
STU03827,1,Average / inconsistent
STU03828,1,Average / inconsistent
STU03829,0,Struggling & disengaged
STU03830,0,Struggling & disengaged
STU03831,0,Struggling & disengaged
STU03832,2,High attendance + high marks
STU03833,1,Average / inconsistent
STU03834,1,Average / inconsistent
STU03835,2,High attendance + high marks
STU03836,0,Struggling & disengaged
STU03837,1,Average / inconsistent
STU03838,1,Average / inconsistent
STU03839,1,Average / inconsistent
STU03840,1,Average / inconsistent
STU03841,0,Struggling & disengaged
STU03842,1,Average / inconsistent
STU03843,0,Struggling & disengaged
STU03844,2,High attendance + high marks
STU03845,1,Average / inconsistent
STU03846,0,Struggling & disengaged
STU03847,2,High attendance + high marks
STU03848,2,High attendance + high marks
STU03849,1,Average / inconsistent
STU03850,1,Average / inconsistent
STU03851,2,High attendance + high marks
STU03852,0,Struggling & disengaged
STU03853,0,Struggling & disengaged
STU03854,1,Average / inconsistent
STU03855,1,Average / inconsistent
STU03856,0,Struggling & disengaged
STU03857,0,Struggling & disengaged
STU03858,1,Average / inconsistent
STU03859,0,Struggling & disengaged
STU03860,2,High attendance + high marks
STU03861,0,Struggling & disengaged
STU03862,1,Average / inconsistent
STU03863,0,Struggling & disengaged
STU03864,2,High attendance + high marks
STU03865,0,Struggling & disengaged
STU03866,1,Average / inconsistent
STU03867,0,Struggling & disengaged
STU03868,2,High attendance + high marks
STU03869,2,High attendance + high marks
STU03870,0,Struggling & disengaged
STU03871,1,Average / inconsistent
STU03872,0,Struggling & disengaged
STU03873,1,Average / inconsistent
STU03874,1,Average / inconsistent
STU03875,1,Average / inconsistent
STU03876,0,Struggling & disengaged
STU03877,0,Struggling & disengaged
STU03878,0,Struggling & disengaged
STU03879,0,Struggling & disengaged
STU03880,2,High attendance + high marks
STU03881,2,High attendance + high marks
STU03882,2,High attendance + high marks
STU03883,1,Average / inconsistent
STU03884,1,Average / inconsistent
STU03885,1,Average / inconsistent
STU03886,0,Struggling & disengaged
STU03887,0,Struggling & disengaged
STU03888,2,High attendance + high marks
STU03889,0,Struggling & disengaged
STU03890,0,Struggling & disengaged
STU03891,1,Average / inconsistent
STU03892,1,Average / inconsistent
STU03893,0,Struggling & disengaged
STU03894,1,Average / inconsistent
STU03895,2,High attendance + high marks
STU03896,1,Average / inconsistent
STU03897,0,Struggling & disengaged
STU03898,2,High attendance + high marks
STU03899,1,Average / inconsistent
STU03900,1,Average / inconsistent
STU03901,1,Average / inconsistent
STU03902,2,High attendance + high marks
STU03903,1,Average / inconsistent
STU03904,1,Average / inconsistent
STU03905,0,Struggling & disengaged
STU03906,1,Average / inconsistent
STU03907,0,Struggling & disengaged
STU03908,1,Average / inconsistent
STU03909,0,Struggling & disengaged
STU03910,0,Struggling & disengaged
STU03911,2,High attendance + high marks
STU03912,2,High attendance + high marks
STU03913,1,Average / inconsistent
STU03914,1,Average / inconsistent
STU03915,0,Struggling & disengaged
STU03916,0,Struggling & disengaged
STU03917,0,Struggling & disengaged
STU03918,1,Average / inconsistent
STU03919,1,Average / inconsistent
STU03920,2,High attendance + high marks
STU03921,2,High attendance + high marks
STU03922,2,High attendance + high marks
STU03923,0,Struggling & disengaged
STU03924,1,Average / inconsistent
STU03925,1,Average / inconsistent
STU03926,2,High attendance + high marks
STU03927,1,Average / inconsistent
STU03928,1,Average / inconsistent
STU03929,0,Struggling & disengaged
STU03930,1,Average / inconsistent
STU03931,0,Struggling & disengaged
STU03932,2,High attendance + high marks
STU03933,1,Average / inconsistent
STU03934,2,High attendance + high marks
STU03935,1,Average / inconsistent
STU03936,1,Average / inconsistent
STU03937,1,Average / inconsistent
STU03938,2,High attendance + high marks
STU03939,1,Average / inconsistent
STU03940,1,Average / inconsistent
STU03941,1,Average / inconsistent
STU03942,0,Struggling & disengaged
STU03943,0,Struggling & disengaged
STU03944,1,Average / inconsistent
STU03945,2,High attendance + high marks
STU03946,1,Average / inconsistent
STU03947,0,Struggling & disengaged
STU03948,0,Struggling & disengaged
STU03949,2,High attendance + high marks
STU03950,1,Average / inconsistent
STU03951,0,Struggling & disengaged
STU03952,2,High attendance + high marks
STU03953,2,High attendance + high marks
STU03954,1,Average / inconsistent
STU03955,0,Struggling & disengaged
STU03956,1,Average / inconsistent
STU03957,1,Average / inconsistent
STU03958,2,High attendance + high marks
STU03959,0,Struggling & disengaged
STU03960,0,Struggling & disengaged
STU03961,2,High attendance + high marks
STU03962,2,High attendance + high marks
STU03963,2,High attendance + high marks
STU03964,1,Average / inconsistent
STU03965,0,Struggling & disengaged
STU03966,1,Average / inconsistent
STU03967,0,Struggling & disengaged
STU03968,0,Struggling & disengaged
STU03969,0,Struggling & disengaged
STU03970,1,Average / inconsistent
STU03971,1,Average / inconsistent
STU03972,2,High attendance + high marks
STU03973,1,Average / inconsistent
STU03974,1,Average / inconsistent
STU03975,1,Average / inconsistent
STU03976,1,Average / inconsistent
STU03977,1,Average / inconsistent
STU03978,0,Struggling & disengaged
STU03979,2,High attendance + high marks
STU03980,1,Average / inconsistent
STU03981,0,Struggling & disengaged
STU03982,1,Average / inconsistent
STU03983,0,Struggling & disengaged
STU03984,0,Struggling & disengaged
STU03985,1,Average / inconsistent
STU03986,1,Average / inconsistent
STU03987,1,Average / inconsistent
STU03988,1,Average / inconsistent
STU03989,2,High attendance + high marks
STU03990,1,Average / inconsistent
STU03991,1,Average / inconsistent
STU03992,0,Struggling & disengaged
STU03993,1,Average / inconsistent
STU03994,1,Average / inconsistent
STU03995,1,Average / inconsistent
STU03996,1,Average / inconsistent
STU03997,1,Average / inconsistent
STU03998,0,Struggling & disengaged
STU03999,1,Average / inconsistent
STU04000,0,Struggling & disengaged
STU04001,1,Average / inconsistent
STU04002,2,High attendance + high marks
STU04003,0,Struggling & disengaged
STU04004,2,High attendance + high marks
STU04005,2,High attendance + high marks
STU04006,1,Average / inconsistent
STU04007,2,High attendance + high marks
STU04008,0,Struggling & disengaged
STU04009,0,Struggling & disengaged
STU04010,2,High attendance + high marks
STU04011,1,Average / inconsistent
STU04012,1,Average / inconsistent
STU04013,2,High attendance + high marks
STU04014,2,High attendance + high marks
STU04015,0,Struggling & disengaged
STU04016,0,Struggling & disengaged
STU04017,2,High attendance + high marks
STU04018,2,High attendance + high marks
STU04019,0,Struggling & disengaged
STU04020,1,Average / inconsistent
STU04021,1,Average / inconsistent
STU04022,2,High attendance + high marks
STU04023,0,Struggling & disengaged
STU04024,0,Struggling & disengaged
STU04025,1,Average / inconsistent
STU04026,0,Struggling & disengaged
STU04027,0,Struggling & disengaged
STU04028,0,Struggling & disengaged
STU04029,1,Average / inconsistent
STU04030,1,Average / inconsistent
STU04031,0,Struggling & disengaged
STU04032,1,Average / inconsistent
STU04033,2,High attendance + high marks
STU04034,2,High attendance + high marks
STU04035,0,Struggling & disengaged
STU04036,0,Struggling & disengaged
STU04037,2,High attendance + high marks
STU04038,0,Struggling & disengaged
STU04039,0,Struggling & disengaged
STU04040,1,Average / inconsistent
STU04041,2,High attendance + high marks
STU04042,2,High attendance + high marks
STU04043,1,Average / inconsistent
STU04044,1,Average / inconsistent
STU04045,0,Struggling & disengaged
STU04046,0,Struggling & disengaged
STU04047,1,Average / inconsistent
STU04048,0,Struggling & disengaged
STU04049,1,Average / inconsistent
STU04050,1,Average / inconsistent
STU04051,1,Average / inconsistent
STU04052,1,Average / inconsistent
STU04053,1,Average / inconsistent
STU04054,1,Average / inconsistent
STU04055,2,High attendance + high marks
STU04056,1,Average / inconsistent
STU04057,1,Average / inconsistent
STU04058,1,Average / inconsistent
STU04059,1,Average / inconsistent
STU04060,1,Average / inconsistent
STU04061,1,Average / inconsistent
STU04062,1,Average / inconsistent
STU04063,0,Struggling & disengaged
STU04064,1,Average / inconsistent
STU04065,0,Struggling & disengaged
STU04066,1,Average / inconsistent
STU04067,0,Struggling & disengaged
STU04068,1,Average / inconsistent
STU04069,1,Average / inconsistent
STU04070,2,High attendance + high marks
STU04071,1,Average / inconsistent
STU04072,1,Average / inconsistent
STU04073,1,Average / inconsistent
STU04074,1,Average / inconsistent
STU04075,0,Struggling & disengaged
STU04076,0,Struggling & disengaged
STU04077,0,Struggling & disengaged
STU04078,2,High attendance + high marks
STU04079,1,Average / inconsistent
STU04080,1,Average / inconsistent
STU04081,1,Average / inconsistent
STU04082,1,Average / inconsistent
STU04083,2,High attendance + high marks
STU04084,1,Average / inconsistent
STU04085,1,Average / inconsistent
STU04086,0,Struggling & disengaged
STU04087,1,Average / inconsistent
STU04088,0,Struggling & disengaged
STU04089,0,Struggling & disengaged
STU04090,1,Average / inconsistent
STU04091,2,High attendance + high marks
STU04092,1,Average / inconsistent
STU04093,1,Average / inconsistent
STU04094,0,Struggling & disengaged
STU04095,2,High attendance + high marks
STU04096,0,Struggling & disengaged
STU04097,2,High attendance + high marks
STU04098,1,Average / inconsistent
STU04099,2,High attendance + high marks
STU04100,1,Average / inconsistent
STU04101,1,Average / inconsistent
STU04102,1,Average / inconsistent
STU04103,1,Average / inconsistent
STU04104,1,Average / inconsistent
STU04105,1,Average / inconsistent
STU04106,0,Struggling & disengaged
STU04107,0,Struggling & disengaged
STU04108,1,Average / inconsistent
STU04109,2,High attendance + high marks
STU04110,1,Average / inconsistent
STU04111,2,High attendance + high marks
STU04112,0,Struggling & disengaged
STU04113,1,Average / inconsistent
STU04114,1,Average / inconsistent
STU04115,0,Struggling & disengaged
STU04116,0,Struggling & disengaged
STU04117,2,High attendance + high marks
STU04118,1,Average / inconsistent
STU04119,2,High attendance + high marks
STU04120,1,Average / inconsistent
STU04121,0,Struggling & disengaged
STU04122,2,High attendance + high marks
STU04123,0,Struggling & disengaged
STU04124,1,Average / inconsistent
STU04125,1,Average / inconsistent
STU04126,0,Struggling & disengaged
STU04127,1,Average / inconsistent
STU04128,1,Average / inconsistent
STU04129,1,Average / inconsistent
STU04130,1,Average / inconsistent
STU04131,2,High attendance + high marks
STU04132,0,Struggling & disengaged
STU04133,2,High attendance + high marks
STU04134,0,Struggling & disengaged
STU04135,0,Struggling & disengaged
STU04136,1,Average / inconsistent
STU04137,1,Average / inconsistent
STU04138,1,Average / inconsistent
STU04139,0,Struggling & disengaged
STU04140,1,Average / inconsistent
STU04141,1,Average / inconsistent
STU04142,2,High attendance + high marks
STU04143,1,Average / inconsistent
STU04144,0,Struggling & disengaged
STU04145,2,High attendance + high marks
STU04146,0,Struggling & disengaged
STU04147,1,Average / inconsistent
STU04148,2,High attendance + high marks
STU04149,1,Average / inconsistent
STU04150,0,Struggling & disengaged
STU04151,0,Struggling & disengaged
STU04152,2,High attendance + high marks
STU04153,2,High attendance + high marks
STU04154,1,Average / inconsistent
STU04155,1,Average / inconsistent
STU04156,1,Average / inconsistent
STU04157,2,High attendance + high marks
STU04158,2,High attendance + high marks
STU04159,2,High attendance + high marks
STU04160,2,High attendance + high marks
STU04161,0,Struggling & disengaged
STU04162,0,Struggling & disengaged
STU04163,1,Average / inconsistent
STU04164,0,Struggling & disengaged
STU04165,1,Average / inconsistent
STU04166,0,Struggling & disengaged
STU04167,0,Struggling & disengaged
STU04168,0,Struggling & disengaged
STU04169,1,Average / inconsistent
STU04170,1,Average / inconsistent
STU04171,2,High attendance + high marks
STU04172,1,Average / inconsistent
STU04173,1,Average / inconsistent
STU04174,0,Struggling & disengaged
STU04175,1,Average / inconsistent
STU04176,0,Struggling & disengaged
STU04177,1,Average / inconsistent
STU04178,1,Average / inconsistent
STU04179,0,Struggling & disengaged
STU04180,0,Struggling & disengaged
STU04181,1,Average / inconsistent
STU04182,1,Average / inconsistent
STU04183,1,Average / inconsistent
STU04184,2,High attendance + high marks
STU04185,0,Struggling & disengaged
STU04186,1,Average / inconsistent
STU04187,2,High attendance + high marks
STU04188,0,Struggling & disengaged
STU04189,1,Average / inconsistent
STU04190,2,High attendance + high marks
STU04191,1,Average / inconsistent
STU04192,2,High attendance + high marks
STU04193,1,Average / inconsistent
STU04194,1,Average / inconsistent
STU04195,1,Average / inconsistent
STU04196,1,Average / inconsistent
STU04197,2,High attendance + high marks
STU04198,0,Struggling & disengaged
STU04199,0,Struggling & disengaged
STU04200,1,Average / inconsistent
STU04201,0,Struggling & disengaged
STU04202,0,Struggling & disengaged
STU04203,1,Average / inconsistent
STU04204,1,Average / inconsistent
STU04205,2,High attendance + high marks
STU04206,1,Average / inconsistent
STU04207,1,Average / inconsistent
STU04208,2,High attendance + high marks
STU04209,2,High attendance + high marks
STU04210,1,Average / inconsistent
STU04211,0,Struggling & disengaged
STU04212,0,Struggling & disengaged
STU04213,1,Average / inconsistent
STU04214,1,Average / inconsistent
STU04215,1,Average / inconsistent
STU04216,1,Average / inconsistent
STU04217,2,High attendance + high marks
STU04218,0,Struggling & disengaged
STU04219,2,High attendance + high marks
STU04220,1,Average / inconsistent
STU04221,2,High attendance + high marks
STU04222,1,Average / inconsistent
STU04223,2,High attendance + high marks
STU04224,0,Struggling & disengaged
STU04225,0,Struggling & disengaged
STU04226,1,Average / inconsistent
STU04227,1,Average / inconsistent
STU04228,1,Average / inconsistent
STU04229,0,Struggling & disengaged
STU04230,1,Average / inconsistent
STU04231,2,High attendance + high marks
STU04232,1,Average / inconsistent
STU04233,1,Average / inconsistent
STU04234,2,High attendance + high marks
STU04235,2,High attendance + high marks
STU04236,1,Average / inconsistent
STU04237,1,Average / inconsistent
STU04238,2,High attendance + high marks
STU04239,1,Average / inconsistent
STU04240,2,High attendance + high marks
STU04241,1,Average / inconsistent
STU04242,0,Struggling & disengaged
STU04243,0,Struggling & disengaged
STU04244,0,Struggling & disengaged
STU04245,2,High attendance + high marks
STU04246,0,Struggling & disengaged
STU04247,1,Average / inconsistent
STU04248,1,Average / inconsistent
STU04249,0,Struggling & disengaged
STU04250,2,High attendance + high marks
STU04251,0,Struggling & disengaged
STU04252,1,Average / inconsistent
STU04253,2,High attendance + high marks
STU04254,1,Average / inconsistent
STU04255,1,Average / inconsistent
STU04256,2,High attendance + high marks
STU04257,0,Struggling & disengaged
STU04258,2,High attendance + high marks
STU04259,2,High attendance + high marks
STU04260,1,Average / inconsistent
STU04261,1,Average / inconsistent
STU04262,2,High attendance + high marks
STU04263,1,Average / inconsistent
STU04264,1,Average / inconsistent
STU04265,1,Average / inconsistent
STU04266,0,Struggling & disengaged
STU04267,1,Average / inconsistent
STU04268,2,High attendance + high marks
STU04269,2,High attendance + high marks
STU04270,2,High attendance + high marks
STU04271,0,Struggling & disengaged
STU04272,0,Struggling & disengaged
STU04273,1,Average / inconsistent
STU04274,2,High attendance + high marks
STU04275,1,Average / inconsistent
STU04276,2,High attendance + high marks
STU04277,2,High attendance + high marks
STU04278,1,Average / inconsistent
STU04279,0,Struggling & disengaged
STU04280,1,Average / inconsistent
STU04281,2,High attendance + high marks
STU04282,0,Struggling & disengaged
STU04283,1,Average / inconsistent
STU04284,1,Average / inconsistent
STU04285,1,Average / inconsistent
STU04286,2,High attendance + high marks
STU04287,1,Average / inconsistent
STU04288,1,Average / inconsistent
STU04289,1,Average / inconsistent
STU04290,1,Average / inconsistent
STU04291,1,Average / inconsistent
STU04292,1,Average / inconsistent
STU04293,1,Average / inconsistent
STU04294,2,High attendance + high marks
STU04295,1,Average / inconsistent
STU04296,2,High attendance + high marks
STU04297,1,Average / inconsistent
STU04298,0,Struggling & disengaged
STU04299,2,High attendance + high marks
STU04300,1,Average / inconsistent
STU04301,1,Average / inconsistent
STU04302,2,High attendance + high marks
STU04303,0,Struggling & disengaged
STU04304,1,Average / inconsistent
STU04305,1,Average / inconsistent
STU04306,1,Average / inconsistent
STU04307,1,Average / inconsistent
STU04308,2,High attendance + high marks
STU04309,0,Struggling & disengaged
STU04310,0,Struggling & disengaged
STU04311,1,Average / inconsistent
STU04312,1,Average / inconsistent
STU04313,1,Average / inconsistent
STU04314,2,High attendance + high marks
STU04315,1,Average / inconsistent
STU04316,1,Average / inconsistent
STU04317,2,High attendance + high marks
STU04318,1,Average / inconsistent
STU04319,1,Average / inconsistent
STU04320,2,High attendance + high marks
STU04321,1,Average / inconsistent
STU04322,1,Average / inconsistent
STU04323,0,Struggling & disengaged
STU04324,2,High attendance + high marks
STU04325,1,Average / inconsistent
STU04326,0,Struggling & disengaged
STU04327,2,High attendance + high marks
STU04328,1,Average / inconsistent
STU04329,1,Average / inconsistent
STU04330,0,Struggling & disengaged
STU04331,2,High attendance + high marks
STU04332,0,Struggling & disengaged
STU04333,2,High attendance + high marks
STU04334,2,High attendance + high marks
STU04335,1,Average / inconsistent
STU04336,0,Struggling & disengaged
STU04337,1,Average / inconsistent
STU04338,0,Struggling & disengaged
STU04339,1,Average / inconsistent
STU04340,0,Struggling & disengaged
STU04341,0,Struggling & disengaged
STU04342,2,High attendance + high marks
STU04343,2,High attendance + high marks
STU04344,0,Struggling & disengaged
STU04345,1,Average / inconsistent
STU04346,1,Average / inconsistent
STU04347,0,Struggling & disengaged
STU04348,0,Struggling & disengaged
STU04349,2,High attendance + high marks
STU04350,1,Average / inconsistent
STU04351,1,Average / inconsistent
STU04352,0,Struggling & disengaged
STU04353,0,Struggling & disengaged
STU04354,0,Struggling & disengaged
STU04355,0,Struggling & disengaged
STU04356,1,Average / inconsistent
STU04357,0,Struggling & disengaged
STU04358,1,Average / inconsistent
STU04359,2,High attendance + high marks
STU04360,2,High attendance + high marks
STU04361,0,Struggling & disengaged
STU04362,1,Average / inconsistent
STU04363,0,Struggling & disengaged
STU04364,1,Average / inconsistent
STU04365,0,Struggling & disengaged
STU04366,2,High attendance + high marks
STU04367,1,Average / inconsistent
STU04368,1,Average / inconsistent
STU04369,2,High attendance + high marks
STU04370,1,Average / inconsistent
STU04371,1,Average / inconsistent
STU04372,0,Struggling & disengaged
STU04373,0,Struggling & disengaged
STU04374,2,High attendance + high marks
STU04375,2,High attendance + high marks
STU04376,0,Struggling & disengaged
STU04377,0,Struggling & disengaged
STU04378,1,Average / inconsistent
STU04379,1,Average / inconsistent
STU04380,0,Struggling & disengaged
STU04381,2,High attendance + high marks
STU04382,1,Average / inconsistent
STU04383,2,High attendance + high marks
STU04384,2,High attendance + high marks
STU04385,1,Average / inconsistent
STU04386,0,Struggling & disengaged
STU04387,0,Struggling & disengaged
STU04388,1,Average / inconsistent
STU04389,0,Struggling & disengaged
STU04390,2,High attendance + high marks
STU04391,1,Average / inconsistent
STU04392,1,Average / inconsistent
STU04393,1,Average / inconsistent
STU04394,0,Struggling & disengaged
STU04395,1,Average / inconsistent
STU04396,1,Average / inconsistent
STU04397,1,Average / inconsistent
STU04398,1,Average / inconsistent
STU04399,0,Struggling & disengaged
STU04400,1,Average / inconsistent
STU04401,0,Struggling & disengaged
STU04402,0,Struggling & disengaged
STU04403,1,Average / inconsistent
STU04404,1,Average / inconsistent
STU04405,0,Struggling & disengaged
STU04406,1,Average / inconsistent
STU04407,1,Average / inconsistent
STU04408,1,Average / inconsistent
STU04409,1,Average / inconsistent
STU04410,0,Struggling & disengaged
STU04411,2,High attendance + high marks
STU04412,1,Average / inconsistent
STU04413,2,High attendance + high marks
STU04414,1,Average / inconsistent
STU04415,1,Average / inconsistent
STU04416,0,Struggling & disengaged
STU04417,1,Average / inconsistent
STU04418,1,Average / inconsistent
STU04419,0,Struggling & disengaged
STU04420,2,High attendance + high marks
STU04421,2,High attendance + high marks
STU04422,1,Average / inconsistent
STU04423,0,Struggling & disengaged
STU04424,1,Average / inconsistent
STU04425,0,Struggling & disengaged
STU04426,1,Average / inconsistent
STU04427,0,Struggling & disengaged
STU04428,0,Struggling & disengaged
STU04429,1,Average / inconsistent
STU04430,0,Struggling & disengaged
STU04431,2,High attendance + high marks
STU04432,0,Struggling & disengaged
STU04433,2,High attendance + high marks
STU04434,1,Average / inconsistent
STU04435,2,High attendance + high marks
STU04436,1,Average / inconsistent
STU04437,0,Struggling & disengaged
STU04438,1,Average / inconsistent
STU04439,0,Struggling & disengaged
STU04440,0,Struggling & disengaged
STU04441,1,Average / inconsistent
STU04442,1,Average / inconsistent
STU04443,0,Struggling & disengaged
STU04444,0,Struggling & disengaged
STU04445,1,Average / inconsistent
STU04446,1,Average / inconsistent
STU04447,1,Average / inconsistent
STU04448,1,Average / inconsistent
STU04449,2,High attendance + high marks
STU04450,1,Average / inconsistent
STU04451,1,Average / inconsistent
STU04452,0,Struggling & disengaged
STU04453,0,Struggling & disengaged
STU04454,1,Average / inconsistent
STU04455,1,Average / inconsistent
STU04456,2,High attendance + high marks
STU04457,1,Average / inconsistent
STU04458,1,Average / inconsistent
STU04459,1,Average / inconsistent
STU04460,2,High attendance + high marks
STU04461,2,High attendance + high marks
STU04462,1,Average / inconsistent
STU04463,2,High attendance + high marks
STU04464,0,Struggling & disengaged
STU04465,2,High attendance + high marks
STU04466,1,Average / inconsistent
STU04467,1,Average / inconsistent
STU04468,1,Average / inconsistent
STU04469,2,High attendance + high marks
STU04470,0,Struggling & disengaged
STU04471,1,Average / inconsistent
STU04472,1,Average / inconsistent
STU04473,2,High attendance + high marks
STU04474,2,High attendance + high marks
STU04475,0,Struggling & disengaged
STU04476,1,Average / inconsistent
STU04477,1,Average / inconsistent
STU04478,2,High attendance + high marks
STU04479,1,Average / inconsistent
STU04480,2,High attendance + high marks
STU04481,1,Average / inconsistent
STU04482,1,Average / inconsistent
STU04483,2,High attendance + high marks
STU04484,0,Struggling & disengaged
STU04485,1,Average / inconsistent
STU04486,2,High attendance + high marks
STU04487,2,High attendance + high marks
STU04488,1,Average / inconsistent
STU04489,2,High attendance + high marks
STU04490,0,Struggling & disengaged
STU04491,2,High attendance + high marks
STU04492,0,Struggling & disengaged
STU04493,0,Struggling & disengaged
STU04494,0,Struggling & disengaged
STU04495,1,Average / inconsistent
STU04496,0,Struggling & disengaged
STU04497,1,Average / inconsistent
STU04498,0,Struggling & disengaged
STU04499,2,High attendance + high marks
STU04500,0,Struggling & disengaged
STU04501,0,Struggling & disengaged
STU04502,2,High attendance + high marks
STU04503,0,Struggling & disengaged
STU04504,1,Average / inconsistent
STU04505,1,Average / inconsistent
STU04506,2,High attendance + high marks
STU04507,2,High attendance + high marks
STU04508,1,Average / inconsistent
STU04509,1,Average / inconsistent
STU04510,2,High attendance + high marks
STU04511,0,Struggling & disengaged
STU04512,1,Average / inconsistent
STU04513,2,High attendance + high marks
STU04514,0,Struggling & disengaged
STU04515,0,Struggling & disengaged
STU04516,1,Average / inconsistent
STU04517,1,Average / inconsistent
STU04518,1,Average / inconsistent
STU04519,0,Struggling & disengaged
STU04520,0,Struggling & disengaged
STU04521,0,Struggling & disengaged
STU04522,2,High attendance + high marks
STU04523,1,Average / inconsistent
STU04524,0,Struggling & disengaged
STU04525,2,High attendance + high marks
STU04526,1,Average / inconsistent
STU04527,1,Average / inconsistent
STU04528,1,Average / inconsistent
STU04529,1,Average / inconsistent
STU04530,1,Average / inconsistent
STU04531,2,High attendance + high marks
STU04532,1,Average / inconsistent
STU04533,2,High attendance + high marks
STU04534,0,Struggling & disengaged
STU04535,1,Average / inconsistent
STU04536,2,High attendance + high marks
STU04537,0,Struggling & disengaged
STU04538,1,Average / inconsistent
STU04539,0,Struggling & disengaged
STU04540,1,Average / inconsistent
STU04541,2,High attendance + high marks
STU04542,0,Struggling & disengaged
STU04543,0,Struggling & disengaged
STU04544,1,Average / inconsistent
STU04545,1,Average / inconsistent
STU04546,1,Average / inconsistent
STU04547,0,Struggling & disengaged
STU04548,2,High attendance + high marks
STU04549,1,Average / inconsistent
STU04550,0,Struggling & disengaged
STU04551,1,Average / inconsistent
STU04552,1,Average / inconsistent
STU04553,1,Average / inconsistent
STU04554,2,High attendance + high marks
STU04555,2,High attendance + high marks
STU04556,2,High attendance + high marks
STU04557,2,High attendance + high marks
STU04558,1,Average / inconsistent
STU04559,1,Average / inconsistent
STU04560,0,Struggling & disengaged
STU04561,1,Average / inconsistent
STU04562,1,Average / inconsistent
STU04563,0,Struggling & disengaged
STU04564,1,Average / inconsistent
STU04565,0,Struggling & disengaged
STU04566,0,Struggling & disengaged
STU04567,0,Struggling & disengaged
STU04568,2,High attendance + high marks
STU04569,1,Average / inconsistent
STU04570,2,High attendance + high marks
STU04571,2,High attendance + high marks
STU04572,1,Average / inconsistent
STU04573,1,Average / inconsistent
STU04574,2,High attendance + high marks
STU04575,1,Average / inconsistent
STU04576,0,Struggling & disengaged
STU04577,1,Average / inconsistent
STU04578,0,Struggling & disengaged
STU04579,1,Average / inconsistent
STU04580,2,High attendance + high marks
STU04581,1,Average / inconsistent
STU04582,2,High attendance + high marks
STU04583,1,Average / inconsistent
STU04584,2,High attendance + high marks
STU04585,2,High attendance + high marks
STU04586,2,High attendance + high marks
STU04587,1,Average / inconsistent
STU04588,2,High attendance + high marks
STU04589,0,Struggling & disengaged
STU04590,1,Average / inconsistent
STU04591,1,Average / inconsistent
STU04592,2,High attendance + high marks
STU04593,2,High attendance + high marks
STU04594,1,Average / inconsistent
STU04595,1,Average / inconsistent
STU04596,1,Average / inconsistent
STU04597,1,Average / inconsistent
STU04598,1,Average / inconsistent
STU04599,2,High attendance + high marks
STU04600,2,High attendance + high marks
STU04601,2,High attendance + high marks
STU04602,0,Struggling & disengaged
STU04603,1,Average / inconsistent
STU04604,1,Average / inconsistent
STU04605,1,Average / inconsistent
STU04606,2,High attendance + high marks
STU04607,0,Struggling & disengaged
STU04608,2,High attendance + high marks
STU04609,0,Struggling & disengaged
STU04610,1,Average / inconsistent
STU04611,1,Average / inconsistent
STU04612,1,Average / inconsistent
STU04613,2,High attendance + high marks
STU04614,0,Struggling & disengaged
STU04615,1,Average / inconsistent
STU04616,2,High attendance + high marks
STU04617,0,Struggling & disengaged
STU04618,0,Struggling & disengaged
STU04619,2,High attendance + high marks
STU04620,1,Average / inconsistent
STU04621,0,Struggling & disengaged
STU04622,1,Average / inconsistent
STU04623,2,High attendance + high marks
STU04624,2,High attendance + high marks
STU04625,1,Average / inconsistent
STU04626,2,High attendance + high marks
STU04627,2,High attendance + high marks
STU04628,1,Average / inconsistent
STU04629,0,Struggling & disengaged
STU04630,1,Average / inconsistent
STU04631,0,Struggling & disengaged
STU04632,0,Struggling & disengaged
STU04633,0,Struggling & disengaged
STU04634,2,High attendance + high marks
STU04635,1,Average / inconsistent
STU04636,0,Struggling & disengaged
STU04637,0,Struggling & disengaged
STU04638,1,Average / inconsistent
STU04639,1,Average / inconsistent
STU04640,1,Average / inconsistent
STU04641,2,High attendance + high marks
STU04642,2,High attendance + high marks
STU04643,1,Average / inconsistent
STU04644,1,Average / inconsistent
STU04645,1,Average / inconsistent
STU04646,1,Average / inconsistent
STU04647,1,Average / inconsistent
STU04648,0,Struggling & disengaged
STU04649,1,Average / inconsistent
STU04650,0,Struggling & disengaged
STU04651,0,Struggling & disengaged
STU04652,2,High attendance + high marks
STU04653,1,Average / inconsistent
STU04654,1,Average / inconsistent
STU04655,2,High attendance + high marks
STU04656,2,High attendance + high marks
STU04657,1,Average / inconsistent
STU04658,2,High attendance + high marks
STU04659,1,Average / inconsistent
STU04660,1,Average / inconsistent
STU04661,0,Struggling & disengaged
STU04662,0,Struggling & disengaged
STU04663,2,High attendance + high marks
STU04664,0,Struggling & disengaged
STU04665,2,High attendance + high marks
STU04666,2,High attendance + high marks
STU04667,1,Average / inconsistent
STU04668,1,Average / inconsistent
STU04669,2,High attendance + high marks
STU04670,1,Average / inconsistent
STU04671,0,Struggling & disengaged
STU04672,1,Average / inconsistent
STU04673,1,Average / inconsistent
STU04674,2,High attendance + high marks
STU04675,1,Average / inconsistent
STU04676,1,Average / inconsistent
STU04677,1,Average / inconsistent
STU04678,2,High attendance + high marks
STU04679,1,Average / inconsistent
STU04680,0,Struggling & disengaged
STU04681,1,Average / inconsistent
STU04682,2,High attendance + high marks
STU04683,1,Average / inconsistent
STU04684,1,Average / inconsistent
STU04685,1,Average / inconsistent
STU04686,1,Average / inconsistent
STU04687,0,Struggling & disengaged
STU04688,0,Struggling & disengaged
STU04689,0,Struggling & disengaged
STU04690,0,Struggling & disengaged
STU04691,2,High attendance + high marks
STU04692,1,Average / inconsistent
STU04693,2,High attendance + high marks
STU04694,2,High attendance + high marks
STU04695,1,Average / inconsistent
STU04696,1,Average / inconsistent
STU04697,2,High attendance + high marks
STU04698,1,Average / inconsistent
STU04699,2,High attendance + high marks
STU04700,2,High attendance + high marks
STU04701,2,High attendance + high marks
STU04702,0,Struggling & disengaged
STU04703,0,Struggling & disengaged
STU04704,1,Average / inconsistent
STU04705,2,High attendance + high marks
STU04706,1,Average / inconsistent
STU04707,0,Struggling & disengaged
STU04708,1,Average / inconsistent
STU04709,1,Average / inconsistent
STU04710,1,Average / inconsistent
STU04711,1,Average / inconsistent
STU04712,0,Struggling & disengaged
STU04713,2,High attendance + high marks
STU04714,1,Average / inconsistent
STU04715,1,Average / inconsistent
STU04716,2,High attendance + high marks
STU04717,2,High attendance + high marks
STU04718,1,Average / inconsistent
STU04719,0,Struggling & disengaged
STU04720,1,Average / inconsistent
STU04721,0,Struggling & disengaged
STU04722,1,Average / inconsistent
STU04723,1,Average / inconsistent
STU04724,0,Struggling & disengaged
STU04725,1,Average / inconsistent
STU04726,2,High attendance + high marks
STU04727,1,Average / inconsistent
STU04728,0,Struggling & disengaged
STU04729,0,Struggling & disengaged
STU04730,0,Struggling & disengaged
STU04731,0,Struggling & disengaged
STU04732,0,Struggling & disengaged
STU04733,2,High attendance + high marks
STU04734,1,Average / inconsistent
STU04735,2,High attendance + high marks
STU04736,0,Struggling & disengaged
STU04737,1,Average / inconsistent
STU04738,1,Average / inconsistent
STU04739,0,Struggling & disengaged
STU04740,1,Average / inconsistent
STU04741,1,Average / inconsistent
STU04742,1,Average / inconsistent
STU04743,1,Average / inconsistent
STU04744,2,High attendance + high marks
STU04745,1,Average / inconsistent
STU04746,1,Average / inconsistent
STU04747,1,Average / inconsistent
STU04748,0,Struggling & disengaged
STU04749,0,Struggling & disengaged
STU04750,0,Struggling & disengaged
STU04751,1,Average / inconsistent
STU04752,0,Struggling & disengaged
STU04753,2,High attendance + high marks
STU04754,0,Struggling & disengaged
STU04755,2,High attendance + high marks
STU04756,1,Average / inconsistent
STU04757,1,Average / inconsistent
STU04758,2,High attendance + high marks
STU04759,0,Struggling & disengaged
STU04760,1,Average / inconsistent
STU04761,1,Average / inconsistent
STU04762,2,High attendance + high marks
STU04763,2,High attendance + high marks
STU04764,1,Average / inconsistent
STU04765,2,High attendance + high marks
STU04766,1,Average / inconsistent
STU04767,1,Average / inconsistent
STU04768,2,High attendance + high marks
STU04769,1,Average / inconsistent
STU04770,2,High attendance + high marks
STU04771,1,Average / inconsistent
STU04772,0,Struggling & disengaged
STU04773,2,High attendance + high marks
STU04774,1,Average / inconsistent
STU04775,1,Average / inconsistent
STU04776,2,High attendance + high marks
STU04777,0,Struggling & disengaged
STU04778,0,Struggling & disengaged
STU04779,1,Average / inconsistent
STU04780,1,Average / inconsistent
STU04781,0,Struggling & disengaged
STU04782,2,High attendance + high marks
STU04783,1,Average / inconsistent
STU04784,0,Struggling & disengaged
STU04785,1,Average / inconsistent
STU04786,0,Struggling & disengaged
STU04787,0,Struggling & disengaged
STU04788,2,High attendance + high marks
STU04789,2,High attendance + high marks
STU04790,1,Average / inconsistent
STU04791,0,Struggling & disengaged
STU04792,0,Struggling & disengaged
STU04793,2,High attendance + high marks
STU04794,1,Average / inconsistent
STU04795,2,High attendance + high marks
STU04796,0,Struggling & disengaged
STU04797,1,Average / inconsistent
STU04798,1,Average / inconsistent
STU04799,0,Struggling & disengaged
STU04800,1,Average / inconsistent
STU04801,1,Average / inconsistent
STU04802,1,Average / inconsistent
STU04803,1,Average / inconsistent
STU04804,1,Average / inconsistent
STU04805,0,Struggling & disengaged
STU04806,0,Struggling & disengaged
STU04807,2,High attendance + high marks
STU04808,1,Average / inconsistent
STU04809,0,Struggling & disengaged
STU04810,1,Average / inconsistent
STU04811,1,Average / inconsistent
STU04812,0,Struggling & disengaged
STU04813,1,Average / inconsistent
STU04814,2,High attendance + high marks
STU04815,2,High attendance + high marks
STU04816,0,Struggling & disengaged
STU04817,2,High attendance + high marks
STU04818,0,Struggling & disengaged
STU04819,2,High attendance + high marks
STU04820,0,Struggling & disengaged
STU04821,1,Average / inconsistent
STU04822,2,High attendance + high marks
STU04823,2,High attendance + high marks
STU04824,1,Average / inconsistent
STU04825,2,High attendance + high marks
STU04826,1,Average / inconsistent
STU04827,1,Average / inconsistent
STU04828,0,Struggling & disengaged
STU04829,2,High attendance + high marks
STU04830,0,Struggling & disengaged
STU04831,0,Struggling & disengaged
STU04832,0,Struggling & disengaged
STU04833,0,Struggling & disengaged
STU04834,1,Average / inconsistent
STU04835,0,Struggling & disengaged
STU04836,0,Struggling & disengaged
STU04837,0,Struggling & disengaged
STU04838,1,Average / inconsistent
STU04839,2,High attendance + high marks
STU04840,1,Average / inconsistent
STU04841,1,Average / inconsistent
STU04842,0,Struggling & disengaged
STU04843,1,Average / inconsistent
STU04844,0,Struggling & disengaged
STU04845,1,Average / inconsistent
STU04846,1,Average / inconsistent
STU04847,0,Struggling & disengaged
STU04848,2,High attendance + high marks
STU04849,1,Average / inconsistent
STU04850,2,High attendance + high marks
STU04851,1,Average / inconsistent
STU04852,2,High attendance + high marks
STU04853,2,High attendance + high marks
STU04854,0,Struggling & disengaged
STU04855,0,Struggling & disengaged
STU04856,2,High attendance + high marks
STU04857,0,Struggling & disengaged
STU04858,1,Average / inconsistent
STU04859,0,Struggling & disengaged
STU04860,1,Average / inconsistent
STU04861,1,Average / inconsistent
STU04862,1,Average / inconsistent
STU04863,1,Average / inconsistent
STU04864,2,High attendance + high marks
STU04865,2,High attendance + high marks
STU04866,1,Average / inconsistent
STU04867,1,Average / inconsistent
STU04868,0,Struggling & disengaged
STU04869,2,High attendance + high marks
STU04870,0,Struggling & disengaged
STU04871,0,Struggling & disengaged
STU04872,0,Struggling & disengaged
STU04873,0,Struggling & disengaged
STU04874,1,Average / inconsistent
STU04875,0,Struggling & disengaged
STU04876,1,Average / inconsistent
STU04877,1,Average / inconsistent
STU04878,2,High attendance + high marks
STU04879,1,Average / inconsistent
STU04880,0,Struggling & disengaged
STU04881,0,Struggling & disengaged
STU04882,2,High attendance + high marks
STU04883,1,Average / inconsistent
STU04884,0,Struggling & disengaged
STU04885,1,Average / inconsistent
STU04886,0,Struggling & disengaged
STU04887,1,Average / inconsistent
STU04888,1,Average / inconsistent
STU04889,1,Average / inconsistent
STU04890,2,High attendance + high marks
STU04891,1,Average / inconsistent
STU04892,0,Struggling & disengaged
STU04893,1,Average / inconsistent
STU04894,2,High attendance + high marks
STU04895,1,Average / inconsistent
STU04896,2,High attendance + high marks
STU04897,1,Average / inconsistent
STU04898,2,High attendance + high marks
STU04899,1,Average / inconsistent
STU04900,0,Struggling & disengaged
STU04901,0,Struggling & disengaged
STU04902,1,Average / inconsistent
STU04903,0,Struggling & disengaged
STU04904,1,Average / inconsistent
STU04905,2,High attendance + high marks
STU04906,2,High attendance + high marks
STU04907,2,High attendance + high marks
STU04908,0,Struggling & disengaged
STU04909,0,Struggling & disengaged
STU04910,0,Struggling & disengaged
STU04911,1,Average / inconsistent
STU04912,2,High attendance + high marks
STU04913,2,High attendance + high marks
STU04914,1,Average / inconsistent
STU04915,2,High attendance + high marks
STU04916,0,Struggling & disengaged
STU04917,0,Struggling & disengaged
STU04918,1,Average / inconsistent
STU04919,1,Average / inconsistent
STU04920,2,High attendance + high marks
STU04921,1,Average / inconsistent
STU04922,2,High attendance + high marks
STU04923,1,Average / inconsistent
STU04924,0,Struggling & disengaged
STU04925,1,Average / inconsistent
STU04926,2,High attendance + high marks
STU04927,1,Average / inconsistent
STU04928,1,Average / inconsistent
STU04929,1,Average / inconsistent
STU04930,2,High attendance + high marks
STU04931,1,Average / inconsistent
STU04932,1,Average / inconsistent
STU04933,1,Average / inconsistent
STU04934,0,Struggling & disengaged
STU04935,1,Average / inconsistent
STU04936,0,Struggling & disengaged
STU04937,1,Average / inconsistent
STU04938,0,Struggling & disengaged
STU04939,2,High attendance + high marks
STU04940,1,Average / inconsistent
STU04941,0,Struggling & disengaged
STU04942,2,High attendance + high marks
STU04943,1,Average / inconsistent
STU04944,1,Average / inconsistent
STU04945,0,Struggling & disengaged
STU04946,2,High attendance + high marks
STU04947,2,High attendance + high marks
STU04948,1,Average / inconsistent
STU04949,0,Struggling & disengaged
STU04950,1,Average / inconsistent
STU04951,2,High attendance + high marks
STU04952,0,Struggling & disengaged
STU04953,2,High attendance + high marks
STU04954,1,Average / inconsistent
STU04955,1,Average / inconsistent
STU04956,2,High attendance + high marks
STU04957,1,Average / inconsistent
STU04958,0,Struggling & disengaged
STU04959,1,Average / inconsistent
STU04960,0,Struggling & disengaged
STU04961,0,Struggling & disengaged
STU04962,1,Average / inconsistent
STU04963,0,Struggling & disengaged
STU04964,2,High attendance + high marks
STU04965,1,Average / inconsistent
STU04966,2,High attendance + high marks
STU04967,1,Average / inconsistent
STU04968,0,Struggling & disengaged
STU04969,0,Struggling & disengaged
STU04970,2,High attendance + high marks
STU04971,1,Average / inconsistent
STU04972,0,Struggling & disengaged
STU04973,2,High attendance + high marks
STU04974,0,Struggling & disengaged
STU04975,2,High attendance + high marks
STU04976,1,Average / inconsistent
STU04977,2,High attendance + high marks
STU04978,1,Average / inconsistent
STU04979,0,Struggling & disengaged
STU04980,1,Average / inconsistent
STU04981,1,Average / inconsistent
STU04982,1,Average / inconsistent
STU04983,0,Struggling & disengaged
STU04984,2,High attendance + high marks
STU04985,0,Struggling & disengaged
STU04986,2,High attendance + high marks
STU04987,2,High attendance + high marks
STU04988,1,Average / inconsistent
STU04989,1,Average / inconsistent
STU04990,1,Average / inconsistent
STU04991,0,Struggling & disengaged
STU04992,2,High attendance + high marks
STU04993,0,Struggling & disengaged
STU04994,1,Average / inconsistent
STU04995,2,High attendance + high marks
STU04996,2,High attendance + high marks
STU04997,2,High attendance + high marks
STU04998,2,High attendance + high marks
STU04999,1,Average / inconsistent
STU05000,1,Average / inconsistent
STU05001,1,Average / inconsistent
STU05002,1,Average / inconsistent
STU05003,1,Average / inconsistent
STU05004,1,Average / inconsistent
STU05005,1,Average / inconsistent
STU05006,0,Struggling & disengaged
STU05007,0,Struggling & disengaged
STU05008,1,Average / inconsistent
STU05009,0,Struggling & disengaged
STU05010,1,Average / inconsistent
STU05011,2,High attendance + high marks
STU05012,1,Average / inconsistent
STU05013,0,Struggling & disengaged
STU05014,2,High attendance + high marks
STU05015,2,High attendance + high marks
STU05016,1,Average / inconsistent
STU05017,1,Average / inconsistent
STU05018,0,Struggling & disengaged
STU05019,1,Average / inconsistent
STU05020,2,High attendance + high marks
STU05021,1,Average / inconsistent
STU05022,1,Average / inconsistent
STU05023,1,Average / inconsistent
STU05024,1,Average / inconsistent
STU05025,1,Average / inconsistent
STU05026,0,Struggling & disengaged
STU05027,2,High attendance + high marks
STU05028,1,Average / inconsistent
STU05029,2,High attendance + high marks
STU05030,1,Average / inconsistent
STU05031,1,Average / inconsistent
STU05032,2,High attendance + high marks
STU05033,2,High attendance + high marks
STU05034,2,High attendance + high marks
STU05035,1,Average / inconsistent
STU05036,1,Average / inconsistent
STU05037,2,High attendance + high marks
STU05038,0,Struggling & disengaged
STU05039,0,Struggling & disengaged
STU05040,1,Average / inconsistent
STU05041,1,Average / inconsistent
STU05042,0,Struggling & disengaged
STU05043,2,High attendance + high marks
STU05044,0,Struggling & disengaged
STU05045,0,Struggling & disengaged
STU05046,2,High attendance + high marks
STU05047,2,High attendance + high marks
STU05048,1,Average / inconsistent
STU05049,2,High attendance + high marks
STU05050,2,High attendance + high marks
STU05051,1,Average / inconsistent
STU05052,1,Average / inconsistent
STU05053,1,Average / inconsistent
STU05054,1,Average / inconsistent
STU05055,2,High attendance + high marks
STU05056,2,High attendance + high marks
STU05057,1,Average / inconsistent
STU05058,1,Average / inconsistent
STU05059,1,Average / inconsistent
STU05060,1,Average / inconsistent
STU05061,0,Struggling & disengaged
STU05062,1,Average / inconsistent
STU05063,2,High attendance + high marks
STU05064,1,Average / inconsistent
STU05065,0,Struggling & disengaged
STU05066,2,High attendance + high marks
STU05067,0,Struggling & disengaged
STU05068,1,Average / inconsistent
STU05069,2,High attendance + high marks
STU05070,2,High attendance + high marks
STU05071,1,Average / inconsistent
STU05072,1,Average / inconsistent
STU05073,2,High attendance + high marks
STU05074,1,Average / inconsistent
STU05075,2,High attendance + high marks
STU05076,0,Struggling & disengaged
STU05077,2,High attendance + high marks
STU05078,1,Average / inconsistent
STU05079,1,Average / inconsistent
STU05080,1,Average / inconsistent
STU05081,1,Average / inconsistent
STU05082,1,Average / inconsistent
STU05083,1,Average / inconsistent
STU05084,0,Struggling & disengaged
STU05085,1,Average / inconsistent
STU05086,2,High attendance + high marks
STU05087,0,Struggling & disengaged
STU05088,0,Struggling & disengaged
STU05089,1,Average / inconsistent
STU05090,2,High attendance + high marks
STU05091,1,Average / inconsistent
STU05092,1,Average / inconsistent
STU05093,0,Struggling & disengaged
STU05094,0,Struggling & disengaged
STU05095,1,Average / inconsistent
STU05096,1,Average / inconsistent
STU05097,2,High attendance + high marks
STU05098,2,High attendance + high marks
STU05099,2,High attendance + high marks
STU05100,2,High attendance + high marks
STU05101,1,Average / inconsistent
STU05102,2,High attendance + high marks
STU05103,1,Average / inconsistent
STU05104,1,Average / inconsistent
STU05105,1,Average / inconsistent
STU05106,1,Average / inconsistent
STU05107,2,High attendance + high marks
STU05108,1,Average / inconsistent
STU05109,2,High attendance + high marks
STU05110,2,High attendance + high marks
STU05111,1,Average / inconsistent
STU05112,1,Average / inconsistent
STU05113,1,Average / inconsistent
STU05114,1,Average / inconsistent
STU05115,2,High attendance + high marks
STU05116,2,High attendance + high marks
STU05117,1,Average / inconsistent
STU05118,0,Struggling & disengaged
STU05119,1,Average / inconsistent
STU05120,2,High attendance + high marks
STU05121,1,Average / inconsistent
STU05122,0,Struggling & disengaged
STU05123,1,Average / inconsistent
STU05124,1,Average / inconsistent
STU05125,1,Average / inconsistent
STU05126,2,High attendance + high marks
STU05127,1,Average / inconsistent
STU05128,1,Average / inconsistent
STU05129,2,High attendance + high marks
STU05130,1,Average / inconsistent
STU05131,0,Struggling & disengaged
STU05132,0,Struggling & disengaged
STU05133,1,Average / inconsistent
STU05134,0,Struggling & disengaged
STU05135,0,Struggling & disengaged
STU05136,1,Average / inconsistent
STU05137,0,Struggling & disengaged
STU05138,1,Average / inconsistent
STU05139,2,High attendance + high marks
STU05140,1,Average / inconsistent
STU05141,1,Average / inconsistent
STU05142,0,Struggling & disengaged
STU05143,1,Average / inconsistent
STU05144,2,High attendance + high marks
STU05145,0,Struggling & disengaged
STU05146,1,Average / inconsistent
STU05147,1,Average / inconsistent
STU05148,0,Struggling & disengaged
STU05149,0,Struggling & disengaged
STU05150,0,Struggling & disengaged
STU05151,2,High attendance + high marks
STU05152,2,High attendance + high marks
STU05153,1,Average / inconsistent
STU05154,2,High attendance + high marks
STU05155,1,Average / inconsistent
STU05156,1,Average / inconsistent
STU05157,0,Struggling & disengaged
STU05158,1,Average / inconsistent
STU05159,2,High attendance + high marks
STU05160,1,Average / inconsistent
STU05161,1,Average / inconsistent
STU05162,1,Average / inconsistent
STU05163,1,Average / inconsistent
STU05164,2,High attendance + high marks
STU05165,0,Struggling & disengaged
STU05166,0,Struggling & disengaged
STU05167,0,Struggling & disengaged
STU05168,0,Struggling & disengaged
STU05169,2,High attendance + high marks
STU05170,2,High attendance + high marks
STU05171,2,High attendance + high marks
STU05172,0,Struggling & disengaged
STU05173,1,Average / inconsistent
STU05174,1,Average / inconsistent
STU05175,1,Average / inconsistent
STU05176,1,Average / inconsistent
STU05177,2,High attendance + high marks
STU05178,2,High attendance + high marks
STU05179,1,Average / inconsistent
STU05180,0,Struggling & disengaged
STU05181,0,Struggling & disengaged
STU05182,0,Struggling & disengaged
STU05183,1,Average / inconsistent
STU05184,2,High attendance + high marks
STU05185,0,Struggling & disengaged
STU05186,1,Average / inconsistent
STU05187,2,High attendance + high marks
STU05188,1,Average / inconsistent
STU05189,0,Struggling & disengaged
STU05190,1,Average / inconsistent
STU05191,0,Struggling & disengaged
STU05192,1,Average / inconsistent
STU05193,0,Struggling & disengaged
STU05194,2,High attendance + high marks
STU05195,1,Average / inconsistent
STU05196,1,Average / inconsistent
STU05197,1,Average / inconsistent
STU05198,0,Struggling & disengaged
STU05199,1,Average / inconsistent
STU05200,1,Average / inconsistent
STU05201,1,Average / inconsistent
STU05202,1,Average / inconsistent
STU05203,0,Struggling & disengaged
STU05204,0,Struggling & disengaged
STU05205,0,Struggling & disengaged
STU05206,1,Average / inconsistent
STU05207,0,Struggling & disengaged
STU05208,1,Average / inconsistent
STU05209,1,Average / inconsistent
STU05210,1,Average / inconsistent
STU05211,2,High attendance + high marks
STU05212,2,High attendance + high marks
STU05213,2,High attendance + high marks
STU05214,0,Struggling & disengaged
STU05215,0,Struggling & disengaged
STU05216,0,Struggling & disengaged
STU05217,1,Average / inconsistent
STU05218,2,High attendance + high marks
STU05219,1,Average / inconsistent
STU05220,1,Average / inconsistent
STU05221,2,High attendance + high marks
STU05222,1,Average / inconsistent
STU05223,1,Average / inconsistent
STU05224,0,Struggling & disengaged
STU05225,2,High attendance + high marks
STU05226,2,High attendance + high marks
STU05227,1,Average / inconsistent
STU05228,1,Average / inconsistent
STU05229,1,Average / inconsistent
STU05230,0,Struggling & disengaged
STU05231,1,Average / inconsistent
STU05232,0,Struggling & disengaged
STU05233,0,Struggling & disengaged
STU05234,2,High attendance + high marks
STU05235,1,Average / inconsistent
STU05236,1,Average / inconsistent
STU05237,0,Struggling & disengaged
STU05238,1,Average / inconsistent
STU05239,0,Struggling & disengaged
STU05240,1,Average / inconsistent
STU05241,1,Average / inconsistent
STU05242,0,Struggling & disengaged
STU05243,2,High attendance + high marks
STU05244,2,High attendance + high marks
STU05245,1,Average / inconsistent
STU05246,0,Struggling & disengaged
STU05247,2,High attendance + high marks
STU05248,1,Average / inconsistent
STU05249,1,Average / inconsistent
STU05250,0,Struggling & disengaged
STU05251,0,Struggling & disengaged
STU05252,2,High attendance + high marks
STU05253,2,High attendance + high marks
STU05254,2,High attendance + high marks
STU05255,2,High attendance + high marks
STU05256,1,Average / inconsistent
STU05257,0,Struggling & disengaged
STU05258,0,Struggling & disengaged
STU05259,0,Struggling & disengaged
STU05260,2,High attendance + high marks
STU05261,1,Average / inconsistent
STU05262,2,High attendance + high marks
STU05263,1,Average / inconsistent
STU05264,2,High attendance + high marks
STU05265,0,Struggling & disengaged
STU05266,1,Average / inconsistent
STU05267,0,Struggling & disengaged
STU05268,0,Struggling & disengaged
STU05269,0,Struggling & disengaged
STU05270,1,Average / inconsistent
STU05271,2,High attendance + high marks
STU05272,2,High attendance + high marks
STU05273,1,Average / inconsistent
STU05274,1,Average / inconsistent
STU05275,0,Struggling & disengaged
STU05276,1,Average / inconsistent
STU05277,2,High attendance + high marks
STU05278,1,Average / inconsistent
STU05279,1,Average / inconsistent
STU05280,2,High attendance + high marks
STU05281,0,Struggling & disengaged
STU05282,1,Average / inconsistent
STU05283,0,Struggling & disengaged
STU05284,1,Average / inconsistent
STU05285,1,Average / inconsistent
STU05286,1,Average / inconsistent
STU05287,1,Average / inconsistent
STU05288,1,Average / inconsistent
STU05289,2,High attendance + high marks
STU05290,1,Average / inconsistent
STU05291,2,High attendance + high marks
STU05292,0,Struggling & disengaged
STU05293,0,Struggling & disengaged
STU05294,2,High attendance + high marks
STU05295,2,High attendance + high marks
STU05296,2,High attendance + high marks
STU05297,1,Average / inconsistent
STU05298,1,Average / inconsistent
STU05299,1,Average / inconsistent
STU05300,2,High attendance + high marks
STU05301,1,Average / inconsistent
STU05302,1,Average / inconsistent
STU05303,2,High attendance + high marks
STU05304,0,Struggling & disengaged
STU05305,1,Average / inconsistent
STU05306,2,High attendance + high marks
STU05307,1,Average / inconsistent
STU05308,0,Struggling & disengaged
STU05309,1,Average / inconsistent
STU05310,2,High attendance + high marks
STU05311,0,Struggling & disengaged
STU05312,1,Average / inconsistent
STU05313,1,Average / inconsistent
STU05314,1,Average / inconsistent
STU05315,0,Struggling & disengaged
STU05316,2,High attendance + high marks
STU05317,0,Struggling & disengaged
STU05318,1,Average / inconsistent
STU05319,0,Struggling & disengaged
STU05320,2,High attendance + high marks
STU05321,0,Struggling & disengaged
STU05322,0,Struggling & disengaged
STU05323,0,Struggling & disengaged
STU05324,2,High attendance + high marks
STU05325,1,Average / inconsistent
STU05326,2,High attendance + high marks
STU05327,2,High attendance + high marks
STU05328,0,Struggling & disengaged
STU05329,1,Average / inconsistent
STU05330,1,Average / inconsistent
STU05331,1,Average / inconsistent
STU05332,0,Struggling & disengaged
STU05333,2,High attendance + high marks
STU05334,2,High attendance + high marks
STU05335,2,High attendance + high marks
STU05336,0,Struggling & disengaged
STU05337,1,Average / inconsistent
STU05338,2,High attendance + high marks
STU05339,1,Average / inconsistent
STU05340,2,High attendance + high marks
STU05341,0,Struggling & disengaged
STU05342,1,Average / inconsistent
STU05343,1,Average / inconsistent
STU05344,0,Struggling & disengaged
STU05345,1,Average / inconsistent
STU05346,0,Struggling & disengaged
STU05347,0,Struggling & disengaged
STU05348,1,Average / inconsistent
STU05349,2,High attendance + high marks
STU05350,1,Average / inconsistent
STU05351,1,Average / inconsistent
STU05352,2,High attendance + high marks
STU05353,1,Average / inconsistent
STU05354,1,Average / inconsistent
STU05355,0,Struggling & disengaged
STU05356,2,High attendance + high marks
STU05357,1,Average / inconsistent
STU05358,1,Average / inconsistent
STU05359,0,Struggling & disengaged
STU05360,0,Struggling & disengaged
STU05361,0,Struggling & disengaged
STU05362,1,Average / inconsistent
STU05363,1,Average / inconsistent
STU05364,1,Average / inconsistent
STU05365,0,Struggling & disengaged
STU05366,2,High attendance + high marks
STU05367,0,Struggling & disengaged
STU05368,2,High attendance + high marks
STU05369,0,Struggling & disengaged
STU05370,1,Average / inconsistent
STU05371,1,Average / inconsistent
STU05372,1,Average / inconsistent
STU05373,0,Struggling & disengaged
STU05374,1,Average / inconsistent
STU05375,1,Average / inconsistent
STU05376,0,Struggling & disengaged
STU05377,1,Average / inconsistent
STU05378,1,Average / inconsistent
STU05379,1,Average / inconsistent
STU05380,2,High attendance + high marks
STU05381,1,Average / inconsistent
STU05382,1,Average / inconsistent
STU05383,1,Average / inconsistent
STU05384,2,High attendance + high marks
STU05385,1,Average / inconsistent
STU05386,1,Average / inconsistent
STU05387,1,Average / inconsistent
STU05388,0,Struggling & disengaged
STU05389,1,Average / inconsistent
STU05390,1,Average / inconsistent
STU05391,2,High attendance + high marks
STU05392,0,Struggling & disengaged
STU05393,0,Struggling & disengaged
STU05394,0,Struggling & disengaged
STU05395,1,Average / inconsistent
STU05396,2,High attendance + high marks
STU05397,2,High attendance + high marks
STU05398,1,Average / inconsistent
STU05399,0,Struggling & disengaged
STU05400,1,Average / inconsistent
STU05401,0,Struggling & disengaged
STU05402,2,High attendance + high marks
STU05403,0,Struggling & disengaged
STU05404,1,Average / inconsistent
STU05405,1,Average / inconsistent
STU05406,1,Average / inconsistent
STU05407,0,Struggling & disengaged
STU05408,0,Struggling & disengaged
STU05409,1,Average / inconsistent
STU05410,1,Average / inconsistent
STU05411,0,Struggling & disengaged
STU05412,2,High attendance + high marks
STU05413,0,Struggling & disengaged
STU05414,1,Average / inconsistent
STU05415,1,Average / inconsistent
STU05416,0,Struggling & disengaged
STU05417,0,Struggling & disengaged
STU05418,1,Average / inconsistent
STU05419,1,Average / inconsistent
STU05420,1,Average / inconsistent
STU05421,2,High attendance + high marks
STU05422,0,Struggling & disengaged
STU05423,2,High attendance + high marks
STU05424,0,Struggling & disengaged
STU05425,2,High attendance + high marks
STU05426,1,Average / inconsistent
STU05427,0,Struggling & disengaged
STU05428,1,Average / inconsistent
STU05429,1,Average / inconsistent
STU05430,2,High attendance + high marks
STU05431,0,Struggling & disengaged
STU05432,1,Average / inconsistent
STU05433,0,Struggling & disengaged
STU05434,2,High attendance + high marks
STU05435,1,Average / inconsistent
STU05436,1,Average / inconsistent
STU05437,1,Average / inconsistent
STU05438,1,Average / inconsistent
STU05439,1,Average / inconsistent
STU05440,2,High attendance + high marks
STU05441,1,Average / inconsistent
STU05442,0,Struggling & disengaged
STU05443,0,Struggling & disengaged
STU05444,2,High attendance + high marks
STU05445,1,Average / inconsistent
STU05446,1,Average / inconsistent
STU05447,0,Struggling & disengaged
STU05448,0,Struggling & disengaged
STU05449,1,Average / inconsistent
STU05450,1,Average / inconsistent
STU05451,2,High attendance + high marks
STU05452,0,Struggling & disengaged
STU05453,2,High attendance + high marks
STU05454,0,Struggling & disengaged
STU05455,1,Average / inconsistent
STU05456,1,Average / inconsistent
STU05457,0,Struggling & disengaged
STU05458,2,High attendance + high marks
STU05459,1,Average / inconsistent
STU05460,1,Average / inconsistent
STU05461,1,Average / inconsistent
STU05462,2,High attendance + high marks
STU05463,0,Struggling & disengaged
STU05464,0,Struggling & disengaged
STU05465,0,Struggling & disengaged
STU05466,1,Average / inconsistent
STU05467,1,Average / inconsistent
STU05468,1,Average / inconsistent
STU05469,1,Average / inconsistent
STU05470,1,Average / inconsistent
STU05471,1,Average / inconsistent
STU05472,2,High attendance + high marks
STU05473,1,Average / inconsistent
STU05474,1,Average / inconsistent
STU05475,1,Average / inconsistent
STU05476,0,Struggling & disengaged
STU05477,0,Struggling & disengaged
STU05478,2,High attendance + high marks
STU05479,1,Average / inconsistent
STU05480,2,High attendance + high marks
STU05481,2,High attendance + high marks
STU05482,0,Struggling & disengaged
STU05483,1,Average / inconsistent
STU05484,1,Average / inconsistent
STU05485,2,High attendance + high marks
STU05486,1,Average / inconsistent
STU05487,2,High attendance + high marks
STU05488,1,Average / inconsistent
STU05489,1,Average / inconsistent
STU05490,1,Average / inconsistent
STU05491,1,Average / inconsistent
STU05492,0,Struggling & disengaged
STU05493,1,Average / inconsistent
STU05494,0,Struggling & disengaged
STU05495,2,High attendance + high marks
STU05496,2,High attendance + high marks
STU05497,1,Average / inconsistent
STU05498,1,Average / inconsistent
STU05499,2,High attendance + high marks
STU05500,0,Struggling & disengaged
STU05501,1,Average / inconsistent
STU05502,0,Struggling & disengaged
STU05503,1,Average / inconsistent
STU05504,0,Struggling & disengaged
STU05505,1,Average / inconsistent
STU05506,1,Average / inconsistent
STU05507,2,High attendance + high marks
STU05508,1,Average / inconsistent
STU05509,1,Average / inconsistent
STU05510,2,High attendance + high marks
STU05511,1,Average / inconsistent
STU05512,1,Average / inconsistent
STU05513,0,Struggling & disengaged
STU05514,1,Average / inconsistent
STU05515,1,Average / inconsistent
STU05516,1,Average / inconsistent
STU05517,0,Struggling & disengaged
STU05518,2,High attendance + high marks
STU05519,1,Average / inconsistent
STU05520,1,Average / inconsistent
STU05521,1,Average / inconsistent
STU05522,1,Average / inconsistent
STU05523,1,Average / inconsistent
STU05524,1,Average / inconsistent
STU05525,1,Average / inconsistent
STU05526,0,Struggling & disengaged
STU05527,1,Average / inconsistent
STU05528,2,High attendance + high marks
STU05529,1,Average / inconsistent
STU05530,1,Average / inconsistent
STU05531,1,Average / inconsistent
STU05532,1,Average / inconsistent
STU05533,2,High attendance + high marks
STU05534,1,Average / inconsistent
STU05535,1,Average / inconsistent
STU05536,1,Average / inconsistent
STU05537,0,Struggling & disengaged
STU05538,0,Struggling & disengaged
STU05539,1,Average / inconsistent
STU05540,1,Average / inconsistent
STU05541,2,High attendance + high marks
STU05542,2,High attendance + high marks
STU05543,2,High attendance + high marks
STU05544,1,Average / inconsistent
STU05545,1,Average / inconsistent
STU05546,2,High attendance + high marks
STU05547,2,High attendance + high marks
STU05548,2,High attendance + high marks
STU05549,1,Average / inconsistent
STU05550,1,Average / inconsistent
STU05551,2,High attendance + high marks
STU05552,1,Average / inconsistent
STU05553,1,Average / inconsistent
STU05554,1,Average / inconsistent
STU05555,1,Average / inconsistent
STU05556,1,Average / inconsistent
STU05557,2,High attendance + high marks
STU05558,1,Average / inconsistent
STU05559,1,Average / inconsistent
STU05560,0,Struggling & disengaged
STU05561,2,High attendance + high marks
STU05562,2,High attendance + high marks
STU05563,1,Average / inconsistent
STU05564,0,Struggling & disengaged
STU05565,0,Struggling & disengaged
STU05566,2,High attendance + high marks
STU05567,2,High attendance + high marks
STU05568,1,Average / inconsistent
STU05569,1,Average / inconsistent
STU05570,1,Average / inconsistent
STU05571,2,High attendance + high marks
STU05572,1,Average / inconsistent
STU05573,0,Struggling & disengaged
STU05574,2,High attendance + high marks
STU05575,1,Average / inconsistent
STU05576,2,High attendance + high marks
STU05577,2,High attendance + high marks
STU05578,1,Average / inconsistent
STU05579,0,Struggling & disengaged
STU05580,1,Average / inconsistent
STU05581,1,Average / inconsistent
STU05582,2,High attendance + high marks
STU05583,1,Average / inconsistent
STU05584,1,Average / inconsistent
STU05585,1,Average / inconsistent
STU05586,1,Average / inconsistent
STU05587,0,Struggling & disengaged
STU05588,1,Average / inconsistent
STU05589,2,High attendance + high marks
STU05590,2,High attendance + high marks
STU05591,2,High attendance + high marks
STU05592,1,Average / inconsistent
STU05593,2,High attendance + high marks
STU05594,1,Average / inconsistent
STU05595,2,High attendance + high marks
STU05596,0,Struggling & disengaged
STU05597,0,Struggling & disengaged
STU05598,0,Struggling & disengaged
STU05599,2,High attendance + high marks
STU05600,1,Average / inconsistent
STU05601,2,High attendance + high marks
STU05602,2,High attendance + high marks
STU05603,1,Average / inconsistent
STU05604,1,Average / inconsistent
STU05605,0,Struggling & disengaged
STU05606,0,Struggling & disengaged
STU05607,1,Average / inconsistent
STU05608,0,Struggling & disengaged
STU05609,1,Average / inconsistent
STU05610,2,High attendance + high marks
STU05611,1,Average / inconsistent
STU05612,0,Struggling & disengaged
STU05613,2,High attendance + high marks
STU05614,1,Average / inconsistent
STU05615,2,High attendance + high marks
STU05616,1,Average / inconsistent
STU05617,2,High attendance + high marks
STU05618,2,High attendance + high marks
STU05619,1,Average / inconsistent
STU05620,1,Average / inconsistent
STU05621,2,High attendance + high marks
STU05622,1,Average / inconsistent
STU05623,1,Average / inconsistent
STU05624,1,Average / inconsistent
STU05625,1,Average / inconsistent
STU05626,1,Average / inconsistent
STU05627,1,Average / inconsistent
STU05628,0,Struggling & disengaged
STU05629,1,Average / inconsistent
STU05630,1,Average / inconsistent
STU05631,0,Struggling & disengaged
STU05632,1,Average / inconsistent
STU05633,0,Struggling & disengaged
STU05634,1,Average / inconsistent
STU05635,2,High attendance + high marks
STU05636,0,Struggling & disengaged
STU05637,1,Average / inconsistent
STU05638,1,Average / inconsistent
STU05639,2,High attendance + high marks
STU05640,2,High attendance + high marks
STU05641,1,Average / inconsistent
STU05642,1,Average / inconsistent
STU05643,1,Average / inconsistent
STU05644,0,Struggling & disengaged
STU05645,1,Average / inconsistent
STU05646,0,Struggling & disengaged
STU05647,0,Struggling & disengaged
STU05648,0,Struggling & disengaged
STU05649,0,Struggling & disengaged
STU05650,1,Average / inconsistent
STU05651,0,Struggling & disengaged
STU05652,0,Struggling & disengaged
STU05653,2,High attendance + high marks
STU05654,1,Average / inconsistent
STU05655,0,Struggling & disengaged
STU05656,1,Average / inconsistent
STU05657,0,Struggling & disengaged
STU05658,1,Average / inconsistent
STU05659,1,Average / inconsistent
STU05660,1,Average / inconsistent
STU05661,1,Average / inconsistent
STU05662,1,Average / inconsistent
STU05663,1,Average / inconsistent
STU05664,2,High attendance + high marks
STU05665,1,Average / inconsistent
STU05666,1,Average / inconsistent
STU05667,1,Average / inconsistent
STU05668,1,Average / inconsistent
STU05669,1,Average / inconsistent
STU05670,1,Average / inconsistent
STU05671,1,Average / inconsistent
STU05672,2,High attendance + high marks
STU05673,2,High attendance + high marks
STU05674,2,High attendance + high marks
STU05675,1,Average / inconsistent
STU05676,1,Average / inconsistent
STU05677,0,Struggling & disengaged
STU05678,1,Average / inconsistent
STU05679,0,Struggling & disengaged
STU05680,2,High attendance + high marks
STU05681,1,Average / inconsistent
STU05682,2,High attendance + high marks
STU05683,0,Struggling & disengaged
STU05684,0,Struggling & disengaged
STU05685,0,Struggling & disengaged
STU05686,0,Struggling & disengaged
STU05687,2,High attendance + high marks
STU05688,2,High attendance + high marks
STU05689,2,High attendance + high marks
STU05690,1,Average / inconsistent
STU05691,2,High attendance + high marks
STU05692,1,Average / inconsistent
STU05693,1,Average / inconsistent
STU05694,2,High attendance + high marks
STU05695,1,Average / inconsistent
STU05696,2,High attendance + high marks
STU05697,2,High attendance + high marks
STU05698,1,Average / inconsistent
STU05699,1,Average / inconsistent
STU05700,0,Struggling & disengaged
STU05701,0,Struggling & disengaged
STU05702,2,High attendance + high marks
STU05703,0,Struggling & disengaged
STU05704,1,Average / inconsistent
STU05705,1,Average / inconsistent
STU05706,0,Struggling & disengaged
STU05707,1,Average / inconsistent
STU05708,1,Average / inconsistent
STU05709,2,High attendance + high marks
STU05710,1,Average / inconsistent
STU05711,1,Average / inconsistent
STU05712,0,Struggling & disengaged
STU05713,2,High attendance + high marks
STU05714,2,High attendance + high marks
STU05715,1,Average / inconsistent
STU05716,1,Average / inconsistent
STU05717,0,Struggling & disengaged
STU05718,2,High attendance + high marks
STU05719,1,Average / inconsistent
STU05720,2,High attendance + high marks
STU05721,0,Struggling & disengaged
STU05722,1,Average / inconsistent
STU05723,1,Average / inconsistent
STU05724,2,High attendance + high marks
STU05725,1,Average / inconsistent
STU05726,0,Struggling & disengaged
STU05727,0,Struggling & disengaged
STU05728,0,Struggling & disengaged
STU05729,1,Average / inconsistent
STU05730,1,Average / inconsistent
STU05731,0,Struggling & disengaged
STU05732,1,Average / inconsistent
STU05733,1,Average / inconsistent
STU05734,1,Average / inconsistent
STU05735,2,High attendance + high marks
STU05736,1,Average / inconsistent
STU05737,2,High attendance + high marks
STU05738,2,High attendance + high marks
STU05739,1,Average / inconsistent
STU05740,2,High attendance + high marks
STU05741,2,High attendance + high marks
STU05742,2,High attendance + high marks
STU05743,2,High attendance + high marks
STU05744,2,High attendance + high marks
STU05745,0,Struggling & disengaged
STU05746,2,High attendance + high marks
STU05747,0,Struggling & disengaged
STU05748,0,Struggling & disengaged
STU05749,0,Struggling & disengaged
STU05750,0,Struggling & disengaged
STU05751,1,Average / inconsistent
STU05752,1,Average / inconsistent
STU05753,2,High attendance + high marks
STU05754,1,Average / inconsistent
STU05755,1,Average / inconsistent
STU05756,2,High attendance + high marks
STU05757,1,Average / inconsistent
STU05758,0,Struggling & disengaged
STU05759,1,Average / inconsistent
STU05760,0,Struggling & disengaged
STU05761,2,High attendance + high marks
STU05762,1,Average / inconsistent
STU05763,0,Struggling & disengaged
STU05764,2,High attendance + high marks
STU05765,0,Struggling & disengaged
STU05766,0,Struggling & disengaged
STU05767,0,Struggling & disengaged
STU05768,2,High attendance + high marks
STU05769,0,Struggling & disengaged
STU05770,1,Average / inconsistent
STU05771,2,High attendance + high marks
STU05772,2,High attendance + high marks
STU05773,1,Average / inconsistent
STU05774,1,Average / inconsistent
STU05775,2,High attendance + high marks
STU05776,1,Average / inconsistent
STU05777,1,Average / inconsistent
STU05778,1,Average / inconsistent
STU05779,2,High attendance + high marks
STU05780,1,Average / inconsistent
STU05781,2,High attendance + high marks
STU05782,0,Struggling & disengaged
STU05783,0,Struggling & disengaged
STU05784,1,Average / inconsistent
STU05785,1,Average / inconsistent
STU05786,2,High attendance + high marks
STU05787,0,Struggling & disengaged
STU05788,1,Average / inconsistent
STU05789,1,Average / inconsistent
STU05790,1,Average / inconsistent
STU05791,2,High attendance + high marks
STU05792,0,Struggling & disengaged
STU05793,0,Struggling & disengaged
STU05794,1,Average / inconsistent
STU05795,0,Struggling & disengaged
STU05796,2,High attendance + high marks
STU05797,2,High attendance + high marks
STU05798,1,Average / inconsistent
STU05799,0,Struggling & disengaged
STU05800,1,Average / inconsistent
STU05801,1,Average / inconsistent
STU05802,0,Struggling & disengaged
STU05803,0,Struggling & disengaged
STU05804,1,Average / inconsistent
STU05805,1,Average / inconsistent
STU05806,1,Average / inconsistent
STU05807,1,Average / inconsistent
STU05808,0,Struggling & disengaged
STU05809,1,Average / inconsistent
STU05810,0,Struggling & disengaged
STU05811,2,High attendance + high marks
STU05812,1,Average / inconsistent
STU05813,1,Average / inconsistent
STU05814,2,High attendance + high marks
STU05815,2,High attendance + high marks
STU05816,1,Average / inconsistent
STU05817,0,Struggling & disengaged
STU05818,1,Average / inconsistent
STU05819,1,Average / inconsistent
STU05820,2,High attendance + high marks
STU05821,0,Struggling & disengaged
STU05822,0,Struggling & disengaged
STU05823,0,Struggling & disengaged
STU05824,2,High attendance + high marks
STU05825,0,Struggling & disengaged
STU05826,0,Struggling & disengaged
STU05827,2,High attendance + high marks
STU05828,2,High attendance + high marks
STU05829,1,Average / inconsistent
STU05830,1,Average / inconsistent
STU05831,0,Struggling & disengaged
STU05832,0,Struggling & disengaged
STU05833,1,Average / inconsistent
STU05834,0,Struggling & disengaged
STU05835,1,Average / inconsistent
STU05836,0,Struggling & disengaged
STU05837,0,Struggling & disengaged
STU05838,1,Average / inconsistent
STU05839,0,Struggling & disengaged
STU05840,0,Struggling & disengaged
STU05841,1,Average / inconsistent
STU05842,1,Average / inconsistent
STU05843,1,Average / inconsistent
STU05844,2,High attendance + high marks
STU05845,2,High attendance + high marks
STU05846,1,Average / inconsistent
STU05847,1,Average / inconsistent
STU05848,1,Average / inconsistent
STU05849,2,High attendance + high marks
STU05850,1,Average / inconsistent
STU05851,2,High attendance + high marks
STU05852,1,Average / inconsistent
STU05853,1,Average / inconsistent
STU05854,0,Struggling & disengaged
STU05855,0,Struggling & disengaged
STU05856,1,Average / inconsistent
STU05857,2,High attendance + high marks
STU05858,1,Average / inconsistent
STU05859,2,High attendance + high marks
STU05860,2,High attendance + high marks
STU05861,1,Average / inconsistent
STU05862,2,High attendance + high marks
STU05863,1,Average / inconsistent
STU05864,2,High attendance + high marks
STU05865,1,Average / inconsistent
STU05866,0,Struggling & disengaged
STU05867,1,Average / inconsistent
STU05868,2,High attendance + high marks
STU05869,2,High attendance + high marks
STU05870,2,High attendance + high marks
STU05871,1,Average / inconsistent
STU05872,2,High attendance + high marks
STU05873,2,High attendance + high marks
STU05874,2,High attendance + high marks
STU05875,1,Average / inconsistent
STU05876,2,High attendance + high marks
STU05877,0,Struggling & disengaged
STU05878,0,Struggling & disengaged
STU05879,2,High attendance + high marks
STU05880,1,Average / inconsistent
STU05881,1,Average / inconsistent
STU05882,0,Struggling & disengaged
STU05883,1,Average / inconsistent
STU05884,2,High attendance + high marks
STU05885,2,High attendance + high marks
STU05886,2,High attendance + high marks
STU05887,1,Average / inconsistent
STU05888,2,High attendance + high marks
STU05889,1,Average / inconsistent
STU05890,2,High attendance + high marks
STU05891,1,Average / inconsistent
STU05892,2,High attendance + high marks
STU05893,2,High attendance + high marks
STU05894,2,High attendance + high marks
STU05895,0,Struggling & disengaged
STU05896,1,Average / inconsistent
STU05897,1,Average / inconsistent
STU05898,2,High attendance + high marks
STU05899,2,High attendance + high marks
STU05900,1,Average / inconsistent
STU05901,1,Average / inconsistent
STU05902,1,Average / inconsistent
STU05903,2,High attendance + high marks
STU05904,1,Average / inconsistent
STU05905,2,High attendance + high marks
STU05906,1,Average / inconsistent
STU05907,1,Average / inconsistent
STU05908,0,Struggling & disengaged
STU05909,1,Average / inconsistent
STU05910,2,High attendance + high marks
STU05911,1,Average / inconsistent
STU05912,1,Average / inconsistent
STU05913,0,Struggling & disengaged
STU05914,0,Struggling & disengaged
STU05915,2,High attendance + high marks
STU05916,1,Average / inconsistent
STU05917,1,Average / inconsistent
STU05918,1,Average / inconsistent
STU05919,1,Average / inconsistent
STU05920,1,Average / inconsistent
STU05921,1,Average / inconsistent
STU05922,2,High attendance + high marks
STU05923,2,High attendance + high marks
STU05924,1,Average / inconsistent
STU05925,1,Average / inconsistent
STU05926,2,High attendance + high marks
STU05927,1,Average / inconsistent
STU05928,2,High attendance + high marks
STU05929,1,Average / inconsistent
STU05930,1,Average / inconsistent
STU05931,2,High attendance + high marks
STU05932,0,Struggling & disengaged
STU05933,1,Average / inconsistent
STU05934,1,Average / inconsistent
STU05935,0,Struggling & disengaged
STU05936,0,Struggling & disengaged
STU05937,0,Struggling & disengaged
STU05938,2,High attendance + high marks
STU05939,1,Average / inconsistent
STU05940,2,High attendance + high marks
STU05941,0,Struggling & disengaged
STU05942,1,Average / inconsistent
STU05943,2,High attendance + high marks
STU05944,0,Struggling & disengaged
STU05945,2,High attendance + high marks
STU05946,0,Struggling & disengaged
STU05947,2,High attendance + high marks
STU05948,0,Struggling & disengaged
STU05949,1,Average / inconsistent
STU05950,2,High attendance + high marks
STU05951,0,Struggling & disengaged
STU05952,2,High attendance + high marks
STU05953,1,Average / inconsistent
STU05954,1,Average / inconsistent
STU05955,1,Average / inconsistent
STU05956,1,Average / inconsistent
STU05957,0,Struggling & disengaged
STU05958,1,Average / inconsistent
STU05959,1,Average / inconsistent
STU05960,1,Average / inconsistent
STU05961,1,Average / inconsistent
STU05962,0,Struggling & disengaged
STU05963,2,High attendance + high marks
STU05964,1,Average / inconsistent
STU05965,2,High attendance + high marks
STU05966,2,High attendance + high marks
STU05967,1,Average / inconsistent
STU05968,1,Average / inconsistent
STU05969,1,Average / inconsistent
STU05970,2,High attendance + high marks
STU05971,1,Average / inconsistent
STU05972,1,Average / inconsistent
STU05973,2,High attendance + high marks
STU05974,2,High attendance + high marks
STU05975,2,High attendance + high marks
STU05976,1,Average / inconsistent
STU05977,0,Struggling & disengaged
STU05978,1,Average / inconsistent
STU05979,0,Struggling & disengaged
STU05980,0,Struggling & disengaged
STU05981,1,Average / inconsistent
STU05982,2,High attendance + high marks
STU05983,0,Struggling & disengaged
STU05984,1,Average / inconsistent
STU05985,0,Struggling & disengaged
STU05986,1,Average / inconsistent
STU05987,1,Average / inconsistent
STU05988,0,Struggling & disengaged
STU05989,1,Average / inconsistent
STU05990,0,Struggling & disengaged
STU05991,0,Struggling & disengaged
STU05992,1,Average / inconsistent
STU05993,1,Average / inconsistent
STU05994,0,Struggling & disengaged
STU05995,0,Struggling & disengaged
STU05996,0,Struggling & disengaged
STU05997,1,Average / inconsistent
STU05998,2,High attendance + high marks
STU05999,0,Struggling & disengaged
STU06000,0,Struggling & disengaged
